ISO-10303-21;
HEADER;
FILE_DESCRIPTION (( 'STEP AP214' ),
    '1' );
FILE_NAME ('Õ‚ø«.STEP',
    '2026-04-24T13:34:34',
    ( '' ),
    ( '' ),
    'SwSTEP 2.0',
    'SolidWorks 2023',
    '' );
FILE_SCHEMA (( 'AUTOMOTIVE_DESIGN' ));
ENDSEC;

DATA;
#1 = EDGE_CURVE ( 'NONE', #701, #1831, #2225, .T. ) ;
#2 = CARTESIAN_POINT ( 'NONE',  ( 58.19999999999999574, 12.00000000000000000, -10.00000000000000000 ) ) ;
#3 = CARTESIAN_POINT ( 'NONE',  ( 4.850000000000009415, 0.8000000000000000444, -5.000000000000004441 ) ) ;
#4 = ORIENTED_EDGE ( 'NONE', *, *, #5171, .T. ) ;
#5 = ORIENTED_EDGE ( 'NONE', *, *, #3883, .F. ) ;
#6 = CARTESIAN_POINT ( 'NONE',  ( 55.19999999999998863, 12.00000000000000000, -13.00000000000000178 ) ) ;
#7 = FACE_OUTER_BOUND ( 'NONE', #751, .T. ) ;
#8 = DIRECTION ( 'NONE',  ( -0.000000000000000000, -1.000000000000000000, -0.000000000000000000 ) ) ;
#9 = DIRECTION ( 'NONE',  ( -0.000000000000000000, 1.000000000000000000, -0.000000000000000000 ) ) ;
#10 = ORIENTED_EDGE ( 'NONE', *, *, #2525, .T. ) ;
#11 = EDGE_CURVE ( 'NONE', #2508, #1326, #1786, .T. ) ;
#12 = ORIENTED_EDGE ( 'NONE', *, *, #2098, .T. ) ;
#13 = CARTESIAN_POINT ( 'NONE',  ( 50.31347356024124906, 6.000000000000000000, -25.95257224103342608 ) ) ;
#14 = VECTOR ( 'NONE', #1121, 1000.000000000000000 ) ;
#15 = LINE ( 'NONE', #3876, #1034 ) ;
#16 = CARTESIAN_POINT ( 'NONE',  ( 7.000000000000000000, 8.500000000000000000, -59.45016556472924663 ) ) ;
#17 = CYLINDRICAL_SURFACE ( 'NONE', #3779, 3.000000000000002665 ) ;
#18 = ORIENTED_EDGE ( 'NONE', *, *, #5149, .T. ) ;
#19 = CIRCLE ( 'NONE', #4216, 0.7000000000000061728 ) ;
#20 = AXIS2_PLACEMENT_3D ( 'NONE', #3577, #1430, #1003 ) ;
#21 = APPLICATION_CONTEXT ( 'automotive_design' ) ;
#22 = EDGE_LOOP ( 'NONE', ( #4789, #3518, #35, #862 ) ) ;
#23 = ORIENTED_EDGE ( 'NONE', *, *, #5567, .T. ) ;
#24 = EDGE_CURVE ( 'NONE', #2161, #4735, #3225, .T. ) ;
#25 = ORIENTED_EDGE ( 'NONE', *, *, #4820, .F. ) ;
#26 = DIRECTION ( 'NONE',  ( 1.000000000000000000, -0.000000000000000000, -0.000000000000000000 ) ) ;
#27 = FILL_AREA_STYLE ('',( #2635 ) ) ;
#28 = LINE ( 'NONE', #565, #145 ) ;
#29 = VERTEX_POINT ( 'NONE', #410 ) ;
#30 = ORIENTED_EDGE ( 'NONE', *, *, #5329, .T. ) ;
#31 = EDGE_CURVE ( 'NONE', #4939, #3821, #5250, .T. ) ;
#32 = EDGE_CURVE ( 'NONE', #3801, #781, #3960, .T. ) ;
#33 = DIRECTION ( 'NONE',  ( 0.000000000000000000, 0.000000000000000000, 1.000000000000000000 ) ) ;
#34 = FACE_OUTER_BOUND ( 'NONE', #1421, .T. ) ;
#35 = ORIENTED_EDGE ( 'NONE', *, *, #1180, .T. ) ;
#36 = ORIENTED_EDGE ( 'NONE', *, *, #5323, .T. ) ;
#37 = CARTESIAN_POINT ( 'NONE',  ( 68.20000000000000284, 6.000000000000000000, -9.999999999999980460 ) ) ;
#38 = CARTESIAN_POINT ( 'NONE',  ( 0.000000000000000000, 0.8000000000000000444, -61.99999999999998579 ) ) ;
#39 = DIRECTION ( 'NONE',  ( 1.000000000000000000, -0.000000000000000000, -0.000000000000000000 ) ) ;
#40 = DIRECTION ( 'NONE',  ( 0.000000000000000000, 1.000000000000000000, 0.000000000000000000 ) ) ;
#41 = VERTEX_POINT ( 'NONE', #4772 ) ;
#42 = CIRCLE ( 'NONE', #3748, 4.000000000000003553 ) ;
#43 = VERTEX_POINT ( 'NONE', #3638 ) ;
#44 = CARTESIAN_POINT ( 'NONE',  ( 4.000000000000000000, 8.500000000000000000, -22.00000000000000000 ) ) ;
#45 = CARTESIAN_POINT ( 'NONE',  ( 61.72500000000000853, 7.000000000000000000, -59.00000000000000711 ) ) ;
#46 = FACE_OUTER_BOUND ( 'NONE', #4669, .T. ) ;
#47 = LINE ( 'NONE', #476, #1251 ) ;
#48 = ORIENTED_EDGE ( 'NONE', *, *, #5389, .F. ) ;
#49 = ORIENTED_EDGE ( 'NONE', *, *, #1757, .T. ) ;
#50 = ORIENTED_EDGE ( 'NONE', *, *, #996, .F. ) ;
#51 = VERTEX_POINT ( 'NONE', #606 ) ;
#52 = DIRECTION ( 'NONE',  ( 0.000000000000000000, 1.000000000000000000, 0.000000000000000000 ) ) ;
#53 = SURFACE_STYLE_USAGE ( .BOTH. , #539 ) ;
#54 = CIRCLE ( 'NONE', #959, 4.000000000000003553 ) ;
#55 = EDGE_CURVE ( 'NONE', #5097, #5552, #5273, .T. ) ;
#56 = LINE ( 'NONE', #111, #325 ) ;
#57 = ORIENTED_EDGE ( 'NONE', *, *, #99, .T. ) ;
#58 = ORIENTED_EDGE ( 'NONE', *, *, #55, .T. ) ;
#59 = AXIS2_PLACEMENT_3D ( 'NONE', #3716, #4504, #4112 ) ;
#60 = AXIS2_PLACEMENT_3D ( 'NONE', #16, #1296, #5169 ) ;
#61 = VECTOR ( 'NONE', #1652, 1000.000000000000000 ) ;
#62 = VECTOR ( 'NONE', #4142, 1000.000000000000000 ) ;
#63 = DIRECTION ( 'NONE',  ( 0.000000000000000000, 0.000000000000000000, -1.000000000000000000 ) ) ;
#64 = ADVANCED_FACE ( 'NONE', ( #1884 ), #2805, .F. ) ;
#65 = ORIENTED_EDGE ( 'NONE', *, *, #1063, .T. ) ;
#66 = VECTOR ( 'NONE', #4377, 1000.000000000000000 ) ;
#67 = CARTESIAN_POINT ( 'NONE',  ( 63.35000000000000142, 6.800000000000000711, -9.999999999999987566 ) ) ;
#68 = CARTESIAN_POINT ( 'NONE',  ( 4.000000000000001776, 6.999999999999999112, -47.92820323027550700 ) ) ;
#69 = LINE ( 'NONE', #3437, #1708 ) ;
#70 = DIRECTION ( 'NONE',  ( -0.000000000000000000, -1.000000000000000000, -0.000000000000000000 ) ) ;
#71 = VERTEX_POINT ( 'NONE', #2725 ) ;
#72 = AXIS2_PLACEMENT_3D ( 'NONE', #2202, #3932, #2561 ) ;
#73 = EDGE_CURVE ( 'NONE', #4900, #1648, #3182, .T. ) ;
#74 = EDGE_LOOP ( 'NONE', ( #1357, #4342, #2336, #4476, #5206, #695, #2563, #107, #4650, #4960, #2001, #3094, #5519, #5461, #1696, #1328, #2059, #4659, #183, #4256, #4144, #743, #1171, #1610, #3986, #3439, #5081, #2845, #480, #931, #4080, #172, #1025, #4535 ) ) ;
#75 = AXIS2_PLACEMENT_3D ( 'NONE', #1694, #4243, #4214 ) ;
#76 = FACE_OUTER_BOUND ( 'NONE', #4001, .T. ) ;
#77 = DIRECTION ( 'NONE',  ( 0.000000000000000000, 0.000000000000000000, -1.000000000000000000 ) ) ;
#78 = CARTESIAN_POINT ( 'NONE',  ( 4.000000000000000000, 7.000000000000000000, -22.00000000000000000 ) ) ;
#79 = CARTESIAN_POINT ( 'NONE',  ( 7.000000000000000000, -57.61542936410531013, -59.45016556472924663 ) ) ;
#80 = AXIS2_PLACEMENT_3D ( 'NONE', #5090, #3337, #1217 ) ;
#81 = EDGE_LOOP ( 'NONE', ( #3688, #4812, #3404, #371 ) ) ;
#82 = ORIENTED_EDGE ( 'NONE', *, *, #1417, .F. ) ;
#83 = VERTEX_POINT ( 'NONE', #1909 ) ;
#84 = VECTOR ( 'NONE', #8, 1000.000000000000000 ) ;
#85 = CARTESIAN_POINT ( 'NONE',  ( 63.50000000000001421, 8.500000000000000000, -58.50132363247075773 ) ) ;
#86 = PLANE ( 'NONE',  #801 ) ;
#87 = CARTESIAN_POINT ( 'NONE',  ( 4.850000000000002309, 0.7999999999999999334, -65.40000000000000568 ) ) ;
#88 = VERTEX_POINT ( 'NONE', #2277 ) ;
#89 = ORIENTED_EDGE ( 'NONE', *, *, #1573, .T. ) ;
#90 = EDGE_CURVE ( 'NONE', #1572, #2812, #1055, .T. ) ;
#91 = CARTESIAN_POINT ( 'NONE',  ( 58.35000000000001563, 6.000000000000000000, -67.00000000000000000 ) ) ;
#92 = ORIENTED_EDGE ( 'NONE', *, *, #4600, .T. ) ;
#93 = CIRCLE ( 'NONE', #4706, 2.999999999999999112 ) ;
#94 = ADVANCED_FACE ( 'NONE', ( #978 ), #636, .F. ) ;
#95 = CARTESIAN_POINT ( 'NONE',  ( 63.35000000000000142, 2.000000000000000000, -68.60000000000000853 ) ) ;
#96 = DIRECTION ( 'NONE',  ( 0.000000000000000000, -1.000000000000000000, -0.000000000000000000 ) ) ;
#97 = DIRECTION ( 'NONE',  ( 0.000000000000000000, 1.000000000000000000, 0.000000000000000000 ) ) ;
#98 = VERTEX_POINT ( 'NONE', #4543 ) ;
#99 = EDGE_CURVE ( 'NONE', #4094, #4383, #1790, .T. ) ;
#100 = EDGE_LOOP ( 'NONE', ( #5178, #1066, #1181, #251 ) ) ;
#101 = CARTESIAN_POINT ( 'NONE',  ( 1.000000000000006217, 12.00000000000000000, -11.25623611104253996 ) ) ;
#102 = CARTESIAN_POINT ( 'NONE',  ( 61.72500000000000853, 12.00000000000000000, -59.00000000000000711 ) ) ;
#103 = DIRECTION ( 'NONE',  ( 0.000000000000000000, 1.000000000000000000, 0.000000000000000000 ) ) ;
#104 = CARTESIAN_POINT ( 'NONE',  ( 6.000000000000005329, 7.000000000000000000, -44.46410161513774995 ) ) ;
#105 = ORIENTED_EDGE ( 'NONE', *, *, #31, .F. ) ;
#106 = EDGE_CURVE ( 'NONE', #4182, #3729, #2386, .T. ) ;
#107 = ORIENTED_EDGE ( 'NONE', *, *, #5430, .T. ) ;
#108 = ORIENTED_EDGE ( 'NONE', *, *, #176, .F. ) ;
#109 = CARTESIAN_POINT ( 'NONE',  ( 43.40000000000000568, 7.000000000000000000, -61.99999999999999289 ) ) ;
#110 =( NAMED_UNIT ( * ) PLANE_ANGLE_UNIT ( ) SI_UNIT ( $, .RADIAN. ) );
#111 = CARTESIAN_POINT ( 'NONE',  ( 68.20000000000000284, 9.255000000000007887, -47.62000000000000455 ) ) ;
#112 = EDGE_LOOP ( 'NONE', ( #4371, #984, #1609, #3697 ) ) ;
#113 = ORIENTED_EDGE ( 'NONE', *, *, #4711, .T. ) ;
#114 = DIRECTION ( 'NONE',  ( 0.000000000000000000, -0.000000000000000000, 1.000000000000000000 ) ) ;
#115 = ORIENTED_EDGE ( 'NONE', *, *, #3234, .F. ) ;
#116 = VERTEX_POINT ( 'NONE', #4851 ) ;
#117 = ADVANCED_FACE ( 'NONE', ( #4071 ), #4433, .F. ) ;
#118 = CARTESIAN_POINT ( 'NONE',  ( 1.350000000000008749, 4.000000000000000000, -5.000000000000004441 ) ) ;
#119 = CIRCLE ( 'NONE', #1567, 3.000000000000002665 ) ;
#120 = CARTESIAN_POINT ( 'NONE',  ( 4.850000000000002309, 12.00000000000000000, -70.50000000000000000 ) ) ;
#121 = DIRECTION ( 'NONE',  ( -0.000000000000000000, -1.000000000000000000, 0.000000000000000000 ) ) ;
#122 = EDGE_CURVE ( 'NONE', #4785, #4228, #186, .T. ) ;
#123 = ORIENTED_EDGE ( 'NONE', *, *, #3670, .F. ) ;
#124 = DIRECTION ( 'NONE',  ( 0.000000000000000000, -1.000000000000000000, 0.000000000000000000 ) ) ;
#125 = CARTESIAN_POINT ( 'NONE',  ( 6.000000000000004441, 7.000000000000000000, -44.46410161513774995 ) ) ;
#126 = DIRECTION ( 'NONE',  ( 0.000000000000000000, 0.000000000000000000, -1.000000000000000000 ) ) ;
#127 = CARTESIAN_POINT ( 'NONE',  ( 63.19999999999999574, 11.00000000000000000, -72.00000000000000000 ) ) ;
#128 = EDGE_CURVE ( 'NONE', #2395, #88, #2776, .T. ) ;
#129 = LINE ( 'NONE', #1888, #2416 ) ;
#130 = ORIENTED_EDGE ( 'NONE', *, *, #226, .T. ) ;
#131 = VECTOR ( 'NONE', #1774, 1000.000000000000000 ) ;
#132 = ORIENTED_EDGE ( 'NONE', *, *, #5014, .F. ) ;
#133 = CARTESIAN_POINT ( 'NONE',  ( 58.35000000000001563, 6.800000000000000711, 0.000000000000000000 ) ) ;
#134 = LINE ( 'NONE', #1862, #1128 ) ;
#135 = CARTESIAN_POINT ( 'NONE',  ( 1.000000000000000222, -57.61542936410531013, -60.74376388895747425 ) ) ;
#136 = LINE ( 'NONE', #4528, #614 ) ;
#137 = EDGE_LOOP ( 'NONE', ( #3945, #4114, #2168, #4440 ) ) ;
#138 = VECTOR ( 'NONE', #1177, 1000.000000000000000 ) ;
#139 = VERTEX_POINT ( 'NONE', #4514 ) ;
#140 = EDGE_CURVE ( 'NONE', #5279, #851, #5362, .T. ) ;
#141 = CARTESIAN_POINT ( 'NONE',  ( 4.000000000000003553, 7.000000000000000000, -34.07179676972447879 ) ) ;
#142 = CARTESIAN_POINT ( 'NONE',  ( 1.350000000000000977, 12.00000000000000000, -62.15000000000000568 ) ) ;
#143 = EDGE_LOOP ( 'NONE', ( #4470, #1729, #2085, #2026 ) ) ;
#144 = VERTEX_POINT ( 'NONE', #4901 ) ;
#145 = VECTOR ( 'NONE', #4338, 1000.000000000000000 ) ;
#146 = AXIS2_PLACEMENT_3D ( 'NONE', #415, #4294, #2676 ) ;
#147 = AXIS2_PLACEMENT_3D ( 'NONE', #3125, #1481, #2359 ) ;
#148 = DIRECTION ( 'NONE',  ( -1.000000000000000000, 0.000000000000000000, 0.000000000000000000 ) ) ;
#149 = CIRCLE ( 'NONE', #876, 2.999999999999991118 ) ;
#150 = LINE ( 'NONE', #1880, #3774 ) ;
#151 = VECTOR ( 'NONE', #4854, 1000.000000000000000 ) ;
#152 = DIRECTION ( 'NONE',  ( -1.000000000000000000, -0.000000000000000000, 1.430699774001492404E-15 ) ) ;
#153 = ORIENTED_EDGE ( 'NONE', *, *, #1094, .T. ) ;
#154 = VECTOR ( 'NONE', #1263, 1000.000000000000000 ) ;
#155 = EDGE_CURVE ( 'NONE', #3853, #4094, #1027, .T. ) ;
#156 = DIRECTION ( 'NONE',  ( -1.000000000000000000, 0.000000000000000000, 3.469446951953611231E-16 ) ) ;
#157 = DIRECTION ( 'NONE',  ( 2.153677267970123255E-15, 0.000000000000000000, -1.000000000000000000 ) ) ;
#158 = AXIS2_PLACEMENT_3D ( 'NONE', #1118, #1631, #4657 ) ;
#159 = DIRECTION ( 'NONE',  ( 0.000000000000000000, 0.000000000000000000, 1.000000000000000000 ) ) ;
#160 = CARTESIAN_POINT ( 'NONE',  ( 6.867146923069818776, 8.500000000000000000, -12.44212546069614689 ) ) ;
#161 = DIRECTION ( 'NONE',  ( 0.000000000000000000, -1.000000000000000000, 0.000000000000000000 ) ) ;
#162 = CIRCLE ( 'NONE', #1611, 1.600000000000004086 ) ;
#163 = EDGE_CURVE ( 'NONE', #1666, #5485, #3181, .T. ) ;
#164 = AXIS2_PLACEMENT_3D ( 'NONE', #3499, #2623, #1688 ) ;
#165 = ORIENTED_EDGE ( 'NONE', *, *, #1252, .F. ) ;
#166 = DIRECTION ( 'NONE',  ( 0.000000000000000000, 0.000000000000000000, -1.000000000000000000 ) ) ;
#167 = EDGE_CURVE ( 'NONE', #2948, #3600, #4928, .T. ) ;
#168 = CARTESIAN_POINT ( 'NONE',  ( 44.19999999999999574, 6.999999999999999112, -63.00000000000000000 ) ) ;
#169 = FACE_OUTER_BOUND ( 'NONE', #1474, .T. ) ;
#170 = DIRECTION ( 'NONE',  ( 0.000000000000000000, 1.000000000000000000, -0.000000000000000000 ) ) ;
#171 = ORIENTED_EDGE ( 'NONE', *, *, #470, .F. ) ;
#172 = ORIENTED_EDGE ( 'NONE', *, *, #2924, .F. ) ;
#173 = AXIS2_PLACEMENT_3D ( 'NONE', #1539, #1110, #2382 ) ;
#174 = ADVANCED_FACE ( 'NONE', ( #5304 ), #4961, .T. ) ;
#175 = CARTESIAN_POINT ( 'NONE',  ( 4.850000000000002309, 8.500000000000000000, -65.40000000000000568 ) ) ;
#176 = EDGE_CURVE ( 'NONE', #887, #3433, #578, .T. ) ;
#177 = CARTESIAN_POINT ( 'NONE',  ( 40.35000000000001563, 87.00000000000000000, -7.000000000000000000 ) ) ;
#178 = EDGE_LOOP ( 'NONE', ( #5546, #4649, #526, #2097 ) ) ;
#179 = EDGE_CURVE ( 'NONE', #139, #3796, #4634, .T. ) ;
#180 = PLANE ( 'NONE',  #1043 ) ;
#181 = CYLINDRICAL_SURFACE ( 'NONE', #3045, 3.999999999999996447 ) ;
#182 = CARTESIAN_POINT ( 'NONE',  ( 49.50000000000000711, 7.000000000000000000, -42.24999999999998579 ) ) ;
#183 = ORIENTED_EDGE ( 'NONE', *, *, #790, .F. ) ;
#184 = AXIS2_PLACEMENT_3D ( 'NONE', #2943, #4340, #5529 ) ;
#185 = VECTOR ( 'NONE', #5160, 1000.000000000000000 ) ;
#186 = LINE ( 'NONE', #660, #3229 ) ;
#187 = DIRECTION ( 'NONE',  ( 1.160904811839163983E-16, 0.000000000000000000, 1.000000000000000000 ) ) ;
#188 = DIRECTION ( 'NONE',  ( -0.000000000000000000, -1.000000000000000000, -0.000000000000000000 ) ) ;
#189 = LINE ( 'NONE', #3186, #5016 ) ;
#190 = CARTESIAN_POINT ( 'NONE',  ( 59.50000000000001421, 7.000000000000000000, -55.15000000000001990 ) ) ;
#191 = VERTEX_POINT ( 'NONE', #3262 ) ;
#192 = ORIENTED_EDGE ( 'NONE', *, *, #3381, .T. ) ;
#193 = DIRECTION ( 'NONE',  ( 0.000000000000000000, 0.000000000000000000, -1.000000000000000000 ) ) ;
#194 = DIRECTION ( 'NONE',  ( -6.938893903907222067E-15, 0.000000000000000000, -1.000000000000000000 ) ) ;
#195 = DIRECTION ( 'NONE',  ( 0.000000000000000000, 0.000000000000000000, -1.000000000000000000 ) ) ;
#196 = CARTESIAN_POINT ( 'NONE',  ( 55.19999999999998863, 7.000000000000000000, -10.00000000000000000 ) ) ;
#197 = ORIENTED_EDGE ( 'NONE', *, *, #4435, .F. ) ;
#198 = EDGE_CURVE ( 'NONE', #1666, #5118, #1651, .T. ) ;
#199 = EDGE_LOOP ( 'NONE', ( #4576, #4200, #2978, #882 ) ) ;
#200 = CARTESIAN_POINT ( 'NONE',  ( 4.850000000000009415, 2.000000000000000000, -5.000000000000004441 ) ) ;
#201 = DIRECTION ( 'NONE',  ( -0.000000000000000000, 1.000000000000000000, -0.000000000000000000 ) ) ;
#202 = EDGE_LOOP ( 'NONE', ( #2774, #3147, #3049, #5046 ) ) ;
#203 = EDGE_CURVE ( 'NONE', #2486, #4160, #3917, .T. ) ;
#204 = ORIENTED_EDGE ( 'NONE', *, *, #4838, .F. ) ;
#205 = AXIS2_PLACEMENT_3D ( 'NONE', #2832, #3749, #1114 ) ;
#206 = ADVANCED_FACE ( 'NONE', ( #4571 ), #270, .F. ) ;
#207 = FACE_OUTER_BOUND ( 'NONE', #5205, .T. ) ;
#208 = CARTESIAN_POINT ( 'NONE',  ( 47.35000000000001563, 6.000000000000000000, -12.05179879393234188 ) ) ;
#209 = CARTESIAN_POINT ( 'NONE',  ( 4.850000000000002309, 0.7999999999999999334, -67.00000000000000000 ) ) ;
#210 = VERTEX_POINT ( 'NONE', #1995 ) ;
#211 = CARTESIAN_POINT ( 'NONE',  ( 6.867146923069818776, -6.109516127843236610, -12.44212546069614689 ) ) ;
#212 = CARTESIAN_POINT ( 'NONE',  ( 43.40000000000000568, 12.00000000000000000, -72.00000000000000000 ) ) ;
#213 = CARTESIAN_POINT ( 'NONE',  ( 58.50000000000000711, 7.000000000000000000, -67.00000000000000000 ) ) ;
#214 = CARTESIAN_POINT ( 'NONE',  ( 45.20000000000000284, 12.00000000000000000, -2.000000000000000000 ) ) ;
#215 = DIRECTION ( 'NONE',  ( 0.000000000000000000, -0.000000000000000000, 1.000000000000000000 ) ) ;
#216 = EDGE_LOOP ( 'NONE', ( #204, #641 ) ) ;
#217 = ORIENTED_EDGE ( 'NONE', *, *, #5288, .F. ) ;
#218 = DIRECTION ( 'NONE',  ( 0.000000000000000000, 1.000000000000000000, -0.000000000000000000 ) ) ;
#219 = DIRECTION ( 'NONE',  ( 0.000000000000000000, -1.000000000000000000, 0.000000000000000000 ) ) ;
#220 = LINE ( 'NONE', #135, #634 ) ;
#221 = DIRECTION ( 'NONE',  ( -0.000000000000000000, -1.000000000000000000, -0.000000000000000000 ) ) ;
#222 = ORIENTED_EDGE ( 'NONE', *, *, #4117, .F. ) ;
#223 = ORIENTED_EDGE ( 'NONE', *, *, #2251, .F. ) ;
#224 = VECTOR ( 'NONE', #4909, 1000.000000000000000 ) ;
#225 = DIRECTION ( 'NONE',  ( 0.000000000000000000, 0.000000000000000000, -1.000000000000000000 ) ) ;
#226 = EDGE_CURVE ( 'NONE', #2532, #2590, #4633, .T. ) ;
#227 = CIRCLE ( 'NONE', #3117, 1.249999999999987121 ) ;
#228 = DIRECTION ( 'NONE',  ( 0.000000000000000000, -1.000000000000000000, 0.000000000000000000 ) ) ;
#229 = ORIENTED_EDGE ( 'NONE', *, *, #4258, .T. ) ;
#230 = ORIENTED_EDGE ( 'NONE', *, *, #2242, .F. ) ;
#231 = EDGE_CURVE ( 'NONE', #4505, #2818, #1568, .T. ) ;
#232 = DIRECTION ( 'NONE',  ( 0.000000000000000000, 0.000000000000000000, 1.000000000000000000 ) ) ;
#233 = CARTESIAN_POINT ( 'NONE',  ( 12.15435605731787838, -57.61542936410531013, -5.000000000000004441 ) ) ;
#234 = AXIS2_PLACEMENT_3D ( 'NONE', #1388, #934, #3480 ) ;
#235 = CARTESIAN_POINT ( 'NONE',  ( 63.35000000000000142, 6.800000000000000711, -9.999999999999987566 ) ) ;
#236 = CIRCLE ( 'NONE', #1954, 1.600000000000004086 ) ;
#237 = VERTEX_POINT ( 'NONE', #5075 ) ;
#238 = EDGE_LOOP ( 'NONE', ( #4299, #3172, #3051, #1045, #5163, #4736 ) ) ;
#239 = VECTOR ( 'NONE', #4436, 1000.000000000000000 ) ;
#240 = VECTOR ( 'NONE', #3115, 1000.000000000000000 ) ;
#241 = CARTESIAN_POINT ( 'NONE',  ( 45.20000000000000284, 12.00000000000000000, -2.000000000000000000 ) ) ;
#242 = CIRCLE ( 'NONE', #2855, 3.650000000000000355 ) ;
#243 = FACE_OUTER_BOUND ( 'NONE', #4907, .T. ) ;
#244 = LINE ( 'NONE', #1972, #5297 ) ;
#245 = LINE ( 'NONE', #4041, #2394 ) ;
#246 = DIRECTION ( 'NONE',  ( 0.000000000000000000, -1.000000000000000000, 0.000000000000000000 ) ) ;
#247 = EDGE_CURVE ( 'NONE', #5015, #4769, #3636, .T. ) ;
#248 = ORIENTED_EDGE ( 'NONE', *, *, #4700, .T. ) ;
#249 = CIRCLE ( 'NONE', #1420, 4.999999999999997335 ) ;
#250 = EDGE_CURVE ( 'NONE', #1189, #1594, #4895, .T. ) ;
#251 = ORIENTED_EDGE ( 'NONE', *, *, #3141, .T. ) ;
#252 = CARTESIAN_POINT ( 'NONE',  ( 63.35000000000001563, 8.500000000000000000, -3.399999999999999023 ) ) ;
#253 = CARTESIAN_POINT ( 'NONE',  ( 4.000000000000005329, 1.999999999999994893, -15.07179676972449123 ) ) ;
#254 = DIRECTION ( 'NONE',  ( -0.000000000000000000, -1.000000000000000000, -0.000000000000000000 ) ) ;
#255 = DIRECTION ( 'NONE',  ( 0.000000000000000000, 0.000000000000000000, -1.000000000000000000 ) ) ;
#256 = VERTEX_POINT ( 'NONE', #719 ) ;
#257 = ORIENTED_EDGE ( 'NONE', *, *, #3381, .F. ) ;
#258 = VECTOR ( 'NONE', #4013, 1000.000000000000000 ) ;
#259 = AXIS2_PLACEMENT_3D ( 'NONE', #594, #2402, #5348 ) ;
#260 = DIRECTION ( 'NONE',  ( -0.000000000000000000, -1.000000000000000000, -0.000000000000000000 ) ) ;
#261 = LINE ( 'NONE', #2852, #2042 ) ;
#262 = ORIENTED_EDGE ( 'NONE', *, *, #5058, .F. ) ;
#263 = AXIS2_PLACEMENT_3D ( 'NONE', #1508, #3176, #1426 ) ;
#264 = CARTESIAN_POINT ( 'NONE',  ( 63.35000000000000142, 8.500000000000000000, -68.60000000000000853 ) ) ;
#265 = VECTOR ( 'NONE', #3835, 1000.000000000000000 ) ;
#266 = CARTESIAN_POINT ( 'NONE',  ( 9.427178028658950382, 23.92686044187654915, -3.250000000000003553 ) ) ;
#267 = ORIENTED_EDGE ( 'NONE', *, *, #3183, .T. ) ;
#268 = EDGE_CURVE ( 'NONE', #2486, #3269, #1145, .T. ) ;
#269 = ORIENTED_EDGE ( 'NONE', *, *, #1521, .T. ) ;
#270 = PLANE ( 'NONE',  #3180 ) ;
#271 = DIRECTION ( 'NONE',  ( 0.000000000000000000, 0.000000000000000000, 1.000000000000000000 ) ) ;
#272 = CARTESIAN_POINT ( 'NONE',  ( 61.72500000000000853, 7.000000000000000000, -51.45000000000000995 ) ) ;
#273 = FACE_OUTER_BOUND ( 'NONE', #482, .T. ) ;
#274 = LINE ( 'NONE', #2419, #977 ) ;
#275 = VERTEX_POINT ( 'NONE', #2864 ) ;
#276 = EDGE_CURVE ( 'NONE', #3796, #1189, #5424, .T. ) ;
#277 = EDGE_CURVE ( 'NONE', #2007, #5223, #3364, .T. ) ;
#278 = ORIENTED_EDGE ( 'NONE', *, *, #4282, .F. ) ;
#279 = CYLINDRICAL_SURFACE ( 'NONE', #2724, 1.600000000000004086 ) ;
#280 = DIRECTION ( 'NONE',  ( 0.000000000000000000, 0.000000000000000000, 1.000000000000000000 ) ) ;
#281 = DIRECTION ( 'NONE',  ( -0.000000000000000000, -1.000000000000000000, -0.000000000000000000 ) ) ;
#282 = CARTESIAN_POINT ( 'NONE',  ( 47.35000000000002274, 0.000000000000000000, -47.94820120606764391 ) ) ;
#283 = VERTEX_POINT ( 'NONE', #5477 ) ;
#284 = EDGE_LOOP ( 'NONE', ( #2708, #4422, #1141, #5002 ) ) ;
#285 = DIRECTION ( 'NONE',  ( 0.000000000000000000, 0.000000000000000000, 1.000000000000000000 ) ) ;
#286 = CARTESIAN_POINT ( 'NONE',  ( 47.35000000000001563, 0.000000000000000000, -12.05179879393234188 ) ) ;
#287 = CARTESIAN_POINT ( 'NONE',  ( 63.35000000000000142, 2.000000000000000000, -65.40000000000000568 ) ) ;
#288 = ORIENTED_EDGE ( 'NONE', *, *, #2372, .T. ) ;
#289 = AXIS2_PLACEMENT_3D ( 'NONE', #1067, #4908, #193 ) ;
#290 = DIRECTION ( 'NONE',  ( 1.160904811839163983E-16, 0.000000000000000000, 1.000000000000000000 ) ) ;
#291 = LINE ( 'NONE', #4622, #3134 ) ;
#292 = VECTOR ( 'NONE', #5534, 1000.000000000000000 ) ;
#293 = ORIENTED_EDGE ( 'NONE', *, *, #3311, .F. ) ;
#294 = ORIENTED_EDGE ( 'NONE', *, *, #1163, .F. ) ;
#295 = CYLINDRICAL_SURFACE ( 'NONE', #205, 5.000000000000004441 ) ;
#296 = ADVANCED_FACE ( 'NONE', ( #2465 ), #295, .T. ) ;
#297 = CARTESIAN_POINT ( 'NONE',  ( 47.35000000000002274, 6.000000000000005329, -25.48585556278930397 ) ) ;
#298 = DIRECTION ( 'NONE',  ( 0.000000000000000000, -1.000000000000000000, 0.000000000000000000 ) ) ;
#299 = DIRECTION ( 'NONE',  ( -0.000000000000000000, 1.000000000000000000, 0.000000000000000000 ) ) ;
#300 = VERTEX_POINT ( 'NONE', #1597 ) ;
#301 = ORIENTED_EDGE ( 'NONE', *, *, #906, .T. ) ;
#302 = EDGE_CURVE ( 'NONE', #952, #191, #5354, .T. ) ;
#303 = CARTESIAN_POINT ( 'NONE',  ( 52.69999999999999574, 12.00099999999999945, -26.35000000000000142 ) ) ;
#304 = CYLINDRICAL_SURFACE ( 'NONE', #5099, 1.249999999999994227 ) ;
#305 = DIRECTION ( 'NONE',  ( -1.734723475976805517E-15, 0.000000000000000000, 1.000000000000000000 ) ) ;
#306 = CARTESIAN_POINT ( 'NONE',  ( 62.22500000000000853, 7.000000000000000000, -51.45000000000000995 ) ) ;
#307 = ORIENTED_EDGE ( 'NONE', *, *, #3984, .T. ) ;
#308 = ORIENTED_EDGE ( 'NONE', *, *, #3282, .T. ) ;
#309 = DIRECTION ( 'NONE',  ( -0.000000000000000000, -0.000000000000000000, -1.000000000000000000 ) ) ;
#310 = DIRECTION ( 'NONE',  ( 0.000000000000000000, 0.000000000000000000, -1.000000000000000000 ) ) ;
#311 = CARTESIAN_POINT ( 'NONE',  ( 63.35000000000001563, 8.500000000000000000, -5.000000000000004441 ) ) ;
#312 = VECTOR ( 'NONE', #1805, 1000.000000000000000 ) ;
#313 = ADVANCED_FACE ( 'NONE', ( #5050 ), #4203, .F. ) ;
#314 = VERTEX_POINT ( 'NONE', #5100 ) ;
#315 = AXIS2_PLACEMENT_3D ( 'NONE', #580, #2360, #2704 ) ;
#316 = CARTESIAN_POINT ( 'NONE',  ( 63.35000000000000142, -5.240185044024122440, -67.00000000000000000 ) ) ;
#317 = PLANE ( 'NONE',  #1690 ) ;
#318 = VERTEX_POINT ( 'NONE', #1626 ) ;
#319 = ORIENTED_EDGE ( 'NONE', *, *, #3531, .F. ) ;
#320 = DIRECTION ( 'NONE',  ( 0.000000000000000000, 0.000000000000000000, -1.000000000000000000 ) ) ;
#321 = CARTESIAN_POINT ( 'NONE',  ( 58.35000000000001563, 6.800000000000000711, -4.999999999999990230 ) ) ;
#322 = LINE ( 'NONE', #5019, #138 ) ;
#323 = CARTESIAN_POINT ( 'NONE',  ( 47.35000000000001563, 87.00000000000000000, -2.571758278209441661E-15 ) ) ;
#324 = VERTEX_POINT ( 'NONE', #3349 ) ;
#325 = VECTOR ( 'NONE', #1364, 1000.000000000000000 ) ;
#326 = EDGE_CURVE ( 'NONE', #400, #2314, #4652, .T. ) ;
#327 = VECTOR ( 'NONE', #2651, 1000.000000000000000 ) ;
#328 = VECTOR ( 'NONE', #5275, 1000.000000000000000 ) ;
#329 = ORIENTED_EDGE ( 'NONE', *, *, #2730, .F. ) ;
#330 = CIRCLE ( 'NONE', #259, 7.000000000000000000 ) ;
#331 = FACE_BOUND ( 'NONE', #1367, .T. ) ;
#332 = CARTESIAN_POINT ( 'NONE',  ( 58.19999999999999574, 8.255000000000000782, -47.62000000000000455 ) ) ;
#333 = CARTESIAN_POINT ( 'NONE',  ( 6.867146923069818776, 8.500000000000000000, -12.44212546069614689 ) ) ;
#334 = DIRECTION ( 'NONE',  ( 0.000000000000000000, 0.000000000000000000, 1.000000000000000000 ) ) ;
#335 = ORIENTED_EDGE ( 'NONE', *, *, #1021, .T. ) ;
#336 = EDGE_LOOP ( 'NONE', ( #5174, #4741, #936, #2985 ) ) ;
#337 = DIRECTION ( 'NONE',  ( -0.000000000000000000, -1.000000000000000000, -0.000000000000000000 ) ) ;
#338 = CYLINDRICAL_SURFACE ( 'NONE', #3885, 5.000000000000004441 ) ;
#339 = DIRECTION ( 'NONE',  ( -0.000000000000000000, -1.000000000000000000, -0.000000000000000000 ) ) ;
#340 = VECTOR ( 'NONE', #5480, 1000.000000000000000 ) ;
#341 = ORIENTED_EDGE ( 'NONE', *, *, #521, .T. ) ;
#342 = EDGE_CURVE ( 'NONE', #2999, #88, #478, .T. ) ;
#343 = VECTOR ( 'NONE', #255, 1000.000000000000000 ) ;
#344 = AXIS2_PLACEMENT_3D ( 'NONE', #3038, #1374, #3093 ) ;
#345 = ADVANCED_FACE ( 'NONE', ( #4316 ), #2579, .F. ) ;
#346 = VECTOR ( 'NONE', #309, 1000.000000000000000 ) ;
#347 = DIRECTION ( 'NONE',  ( -0.000000000000000000, -1.000000000000000000, -0.000000000000000000 ) ) ;
#348 = CARTESIAN_POINT ( 'NONE',  ( 49.50000000000000711, 0.000000000000000000, -40.99999999999999289 ) ) ;
#349 = ORIENTED_EDGE ( 'NONE', *, *, #2254, .F. ) ;
#350 = ADVANCED_FACE ( 'NONE', ( #854 ), #3462, .T. ) ;
#351 = VERTEX_POINT ( 'NONE', #437 ) ;
#352 = AXIS2_PLACEMENT_3D ( 'NONE', #603, #3983, #1454 ) ;
#353 = DIRECTION ( 'NONE',  ( 0.000000000000000000, -1.000000000000000000, 0.000000000000000000 ) ) ;
#354 = DIRECTION ( 'NONE',  ( 1.000000000000000000, -0.000000000000000000, 0.000000000000000000 ) ) ;
#355 = CARTESIAN_POINT ( 'NONE',  ( 42.20000000000000284, 1.999999999999998224, -2.000000000000000000 ) ) ;
#356 = DIRECTION ( 'NONE',  ( 0.000000000000000000, 1.000000000000000000, 0.000000000000000000 ) ) ;
#357 = ORIENTED_EDGE ( 'NONE', *, *, #2077, .T. ) ;
#358 = ORIENTED_EDGE ( 'NONE', *, *, #3755, .F. ) ;
#359 = DIRECTION ( 'NONE',  ( -0.000000000000000000, -0.000000000000000000, -1.000000000000000000 ) ) ;
#360 = CARTESIAN_POINT ( 'NONE',  ( 4.850000000000009415, 8.500000000000000000, -5.000000000000004441 ) ) ;
#361 = LINE ( 'NONE', #2476, #2849 ) ;
#362 = DIRECTION ( 'NONE',  ( 0.000000000000000000, -1.000000000000000000, 0.000000000000000000 ) ) ;
#363 = ORIENTED_EDGE ( 'NONE', *, *, #761, .T. ) ;
#364 = EDGE_LOOP ( 'NONE', ( #566, #1934, #3389, #5423 ) ) ;
#365 = AXIS2_PLACEMENT_3D ( 'NONE', #1069, #4467, #1123 ) ;
#366 = VECTOR ( 'NONE', #148, 1000.000000000000000 ) ;
#367 = LINE ( 'NONE', #2121, #1344 ) ;
#368 = CARTESIAN_POINT ( 'NONE',  ( 49.50000000000000711, 0.000000000000000000, -19.00000000000000000 ) ) ;
#369 = ADVANCED_FACE ( 'NONE', ( #4815 ), #3896, .F. ) ;
#370 = DIRECTION ( 'NONE',  ( 0.000000000000000000, -1.000000000000000000, 0.000000000000000000 ) ) ;
#371 = ORIENTED_EDGE ( 'NONE', *, *, #4759, .T. ) ;
#372 = EDGE_CURVE ( 'NONE', #3683, #2731, #1370, .T. ) ;
#373 = CARTESIAN_POINT ( 'NONE',  ( 9.700000000000008171, 4.000000000000000000, -1.500000000000005107 ) ) ;
#374 = DIRECTION ( 'NONE',  ( -0.000000000000000000, 1.000000000000000000, -0.000000000000000000 ) ) ;
#375 = ORIENTED_EDGE ( 'NONE', *, *, #918, .F. ) ;
#376 = ORIENTED_EDGE ( 'NONE', *, *, #5527, .F. ) ;
#377 = EDGE_CURVE ( 'NONE', #2120, #5598, #4794, .T. ) ;
#378 = DIRECTION ( 'NONE',  ( 0.000000000000000000, -1.000000000000000000, -0.000000000000000000 ) ) ;
#379 = FACE_OUTER_BOUND ( 'NONE', #898, .T. ) ;
#380 = CARTESIAN_POINT ( 'NONE',  ( 0.000000000000000000, 0.7999999999999986011, -5.000000000000000000 ) ) ;
#381 = LINE ( 'NONE', #2531, #340 ) ;
#382 = ORIENTED_EDGE ( 'NONE', *, *, #937, .F. ) ;
#383 = ADVANCED_FACE ( 'NONE', ( #1736 ), #3952, .F. ) ;
#384 = ORIENTED_EDGE ( 'NONE', *, *, #1832, .T. ) ;
#385 = CARTESIAN_POINT ( 'NONE',  ( 16.19999999999999574, -26.63564212655271035, -2.000000000000000000 ) ) ;
#386 = FACE_OUTER_BOUND ( 'NONE', #450, .T. ) ;
#387 = DIRECTION ( 'NONE',  ( 0.000000000000000000, 0.000000000000000000, -1.000000000000000000 ) ) ;
#388 = DIRECTION ( 'NONE',  ( 0.000000000000000000, 0.000000000000000000, -1.000000000000000000 ) ) ;
#389 = CARTESIAN_POINT ( 'NONE',  ( 9.700000000000008171, 8.500000000000000000, -4.500000000000003553 ) ) ;
#390 = VERTEX_POINT ( 'NONE', #4283 ) ;
#391 = VERTEX_POINT ( 'NONE', #5186 ) ;
#392 = DIRECTION ( 'NONE',  ( -0.000000000000000000, 1.000000000000000000, -0.000000000000000000 ) ) ;
#393 = PLANE ( 'NONE',  #4336 ) ;
#394 = DIRECTION ( 'NONE',  ( -0.000000000000000000, -1.000000000000000000, -0.000000000000000000 ) ) ;
#395 = ORIENTED_EDGE ( 'NONE', *, *, #2657, .T. ) ;
#396 = EDGE_CURVE ( 'NONE', #1273, #390, #3066, .T. ) ;
#397 = DIRECTION ( 'NONE',  ( -0.000000000000000000, -1.000000000000000000, -0.000000000000000000 ) ) ;
#398 = DIRECTION ( 'NONE',  ( -0.000000000000000000, -1.000000000000000000, -0.000000000000000000 ) ) ;
#399 = ORIENTED_EDGE ( 'NONE', *, *, #1380, .F. ) ;
#400 = VERTEX_POINT ( 'NONE', #402 ) ;
#401 = CIRCLE ( 'NONE', #1031, 1.600000000000004086 ) ;
#402 = CARTESIAN_POINT ( 'NONE',  ( 68.20000000000000284, 6.800000000000000711, -5.000000000000000000 ) ) ;
#403 = DIRECTION ( 'NONE',  ( -0.000000000000000000, -1.000000000000000000, -0.000000000000000000 ) ) ;
#404 = AXIS2_PLACEMENT_3D ( 'NONE', #783, #2027, #3357 ) ;
#405 = CARTESIAN_POINT ( 'NONE',  ( 47.35000000000002274, -0.001000000000000132727, -34.51414443721069603 ) ) ;
#406 = DIRECTION ( 'NONE',  ( 0.000000000000000000, 0.000000000000000000, 1.000000000000000000 ) ) ;
#407 = VECTOR ( 'NONE', #4656, 1000.000000000000000 ) ;
#408 = EDGE_LOOP ( 'NONE', ( #4054, #2231, #3356, #4062 ) ) ;
#409 = ADVANCED_FACE ( 'NONE', ( #1314 ), #465, .F. ) ;
#410 = CARTESIAN_POINT ( 'NONE',  ( 62.22500000000000853, 6.000000000000000000, -50.04999999999999716 ) ) ;
#411 = DIRECTION ( 'NONE',  ( -0.000000000000000000, -1.000000000000000000, -0.000000000000000000 ) ) ;
#412 = FACE_OUTER_BOUND ( 'NONE', #4387, .T. ) ;
#413 = EDGE_CURVE ( 'NONE', #1824, #2471, #2132, .T. ) ;
#414 = DIRECTION ( 'NONE',  ( -0.000000000000000000, -1.000000000000000000, -0.000000000000000000 ) ) ;
#415 = CARTESIAN_POINT ( 'NONE',  ( 42.20000000000000284, 2.000000000000001776, -54.19999999999999574 ) ) ;
#416 = FACE_OUTER_BOUND ( 'NONE', #143, .T. ) ;
#417 = AXIS2_PLACEMENT_3D ( 'NONE', #4980, #1902, #3626 ) ;
#418 = ORIENTED_EDGE ( 'NONE', *, *, #1586, .F. ) ;
#419 = AXIS2_PLACEMENT_3D ( 'NONE', #4268, #2088, #2964 ) ;
#420 = EDGE_CURVE ( 'NONE', #428, #1943, #3864, .T. ) ;
#421 = ORIENTED_EDGE ( 'NONE', *, *, #3008, .F. ) ;
#422 = CIRCLE ( 'NONE', #1142, 3.649999999999996803 ) ;
#423 = ORIENTED_EDGE ( 'NONE', *, *, #2068, .F. ) ;
#424 = VECTOR ( 'NONE', #1446, 1000.000000000000000 ) ;
#425 = VECTOR ( 'NONE', #1948, 1000.000000000000000 ) ;
#426 = CARTESIAN_POINT ( 'NONE',  ( 62.22500000000000853, 12.00000000000000000, -55.55000000000000426 ) ) ;
#427 = CARTESIAN_POINT ( 'NONE',  ( 49.50000000000000711, -1.402220585023716934E-15, -17.75000000000001066 ) ) ;
#428 = VERTEX_POINT ( 'NONE', #4737 ) ;
#429 = EDGE_LOOP ( 'NONE', ( #3371, #1389, #248, #2994 ) ) ;
#430 = CIRCLE ( 'NONE', #5493, 4.999999999999990230 ) ;
#431 = DIRECTION ( 'NONE',  ( 1.000000000000000000, 0.000000000000000000, -3.129655755628260690E-16 ) ) ;
#432 = CARTESIAN_POINT ( 'NONE',  ( 6.700000000000020606, 8.500000000000000000, -4.500000000000003553 ) ) ;
#433 = ORIENTED_EDGE ( 'NONE', *, *, #519, .F. ) ;
#434 = ORIENTED_EDGE ( 'NONE', *, *, #1551, .T. ) ;
#435 = VECTOR ( 'NONE', #671, 1000.000000000000000 ) ;
#436 = PRODUCT_DEFINITION_CONTEXT ( 'detailed design', #21, 'design' ) ;
#437 = CARTESIAN_POINT ( 'NONE',  ( 52.69999999999999574, 6.000000000000000000, -33.64999999999999858 ) ) ;
#438 = CARTESIAN_POINT ( 'NONE',  ( 55.19999999999998863, 36.04163056034260393, -18.77502783967818090 ) ) ;
#439 = CARTESIAN_POINT ( 'NONE',  ( 44.19999999999999574, 2.000000000000001776, -64.49999999999998579 ) ) ;
#440 = EDGE_CURVE ( 'NONE', #471, #3116, #2642, .T. ) ;
#441 = CARTESIAN_POINT ( 'NONE',  ( 61.72500000000000853, 6.000000000000000000, -52.79999999999999716 ) ) ;
#442 = ORIENTED_EDGE ( 'NONE', *, *, #1681, .T. ) ;
#443 = DIRECTION ( 'NONE',  ( -0.000000000000000000, -1.000000000000000000, -0.000000000000000000 ) ) ;
#444 = PLANE ( 'NONE',  #3325 ) ;
#445 = LINE ( 'NONE', #3098, #4025 ) ;
#446 = DIRECTION ( 'NONE',  ( 0.000000000000000000, 0.000000000000000000, 1.000000000000000000 ) ) ;
#447 = AXIS2_PLACEMENT_3D ( 'NONE', #4318, #1769, #5247 ) ;
#448 = EDGE_CURVE ( 'NONE', #2261, #3168, #3615, .T. ) ;
#449 = CARTESIAN_POINT ( 'NONE',  ( 68.20000000000000284, 11.00000000000000000, -72.00000000000000000 ) ) ;
#450 = EDGE_LOOP ( 'NONE', ( #4027, #1016, #3671, #3102 ) ) ;
#451 = VERTEX_POINT ( 'NONE', #37 ) ;
#452 = ORIENTED_EDGE ( 'NONE', *, *, #2094, .T. ) ;
#453 = EDGE_CURVE ( 'NONE', #4995, #2562, #1766, .T. ) ;
#454 = EDGE_LOOP ( 'NONE', ( #4952, #1839, #4725, #1062 ) ) ;
#455 = LINE ( 'NONE', #109, #1009 ) ;
#456 = CYLINDRICAL_SURFACE ( 'NONE', #4423, 4.000000000000003553 ) ;
#457 = CARTESIAN_POINT ( 'NONE',  ( 58.19999999999999574, 7.000000000000000000, -18.77502783967818090 ) ) ;
#458 = ORIENTED_EDGE ( 'NONE', *, *, #1063, .F. ) ;
#459 = VERTEX_POINT ( 'NONE', #3833 ) ;
#460 = DIRECTION ( 'NONE',  ( -1.000000000000000000, 0.000000000000000000, 0.000000000000000000 ) ) ;
#461 = CARTESIAN_POINT ( 'NONE',  ( 12.00160278923294577, 12.00000000000000000, -2.003891450716555056 ) ) ;
#462 = EDGE_CURVE ( 'NONE', #930, #3267, #1677, .T. ) ;
#463 = ORIENTED_EDGE ( 'NONE', *, *, #4365, .F. ) ;
#464 = ORIENTED_EDGE ( 'NONE', *, *, #3720, .T. ) ;
#465 = PLANE ( 'NONE',  #4079 ) ;
#466 = CARTESIAN_POINT ( 'NONE',  ( 68.20000000000000284, 19.07106781186547906, -5.000000000000000000 ) ) ;
#467 = FACE_OUTER_BOUND ( 'NONE', #809, .T. ) ;
#468 = PLANE ( 'NONE',  #1612 ) ;
#469 = VERTEX_POINT ( 'NONE', #5135 ) ;
#470 = EDGE_CURVE ( 'NONE', #5598, #2039, #4713, .T. ) ;
#471 = VERTEX_POINT ( 'NONE', #1709 ) ;
#472 = CARTESIAN_POINT ( 'NONE',  ( 63.35000000000001563, 2.000000000000000000, -5.000000000000004441 ) ) ;
#473 = VECTOR ( 'NONE', #4081, 1000.000000000000000 ) ;
#474 = DIRECTION ( 'NONE',  ( -0.000000000000000000, -1.000000000000000000, 0.000000000000000000 ) ) ;
#475 = DIRECTION ( 'NONE',  ( 0.000000000000000000, -1.000000000000000000, 0.000000000000000000 ) ) ;
#476 = CARTESIAN_POINT ( 'NONE',  ( 43.40000000000000568, 12.00000000000000000, -61.99999999999999289 ) ) ;
#477 = EDGE_LOOP ( 'NONE', ( #329, #840, #2090, #278 ) ) ;
#478 = CIRCLE ( 'NONE', #2643, 5.000000000000001776 ) ;
#479 = VECTOR ( 'NONE', #3207, 1000.000000000000000 ) ;
#480 = ORIENTED_EDGE ( 'NONE', *, *, #1937, .T. ) ;
#481 = ORIENTED_EDGE ( 'NONE', *, *, #2968, .T. ) ;
#482 = EDGE_LOOP ( 'NONE', ( #481, #678, #2479, #335, #3223, #4888 ) ) ;
#483 = CARTESIAN_POINT ( 'NONE',  ( 68.20000000000000284, 6.800000000000000711, -62.00000000000001421 ) ) ;
#484 = DIRECTION ( 'NONE',  ( -0.000000000000000000, -1.000000000000000000, -0.000000000000000000 ) ) ;
#485 = CARTESIAN_POINT ( 'NONE',  ( 63.35000000000000142, 6.000000000000000000, -62.00000000000000711 ) ) ;
#486 = EDGE_LOOP ( 'NONE', ( #171, #4122, #4289, #4597 ) ) ;
#487 = ORIENTED_EDGE ( 'NONE', *, *, #3282, .F. ) ;
#488 = ADVANCED_FACE ( 'NONE', ( #998 ), #973, .T. ) ;
#489 = CYLINDRICAL_SURFACE ( 'NONE', #3303, 3.000000000000000000 ) ;
#490 = VERTEX_POINT ( 'NONE', #3149 ) ;
#491 = CARTESIAN_POINT ( 'NONE',  ( 41.19999999999999574, 6.999999999999999112, -67.49999999999998579 ) ) ;
#492 = DIRECTION ( 'NONE',  ( -0.000000000000000000, 1.000000000000000000, 0.000000000000000000 ) ) ;
#493 = CARTESIAN_POINT ( 'NONE',  ( 9.733792076196870369, 3.000000000000000888, -12.38848737234580355 ) ) ;
#494 = CARTESIAN_POINT ( 'NONE',  ( 58.19999999999999574, 9.255000000000006111, -37.88000000000000256 ) ) ;
#495 = ORIENTED_EDGE ( 'NONE', *, *, #1711, .F. ) ;
#496 = AXIS2_PLACEMENT_3D ( 'NONE', #4552, #4496, #4466 ) ;
#497 = CARTESIAN_POINT ( 'NONE',  ( 47.11607978309962164, 11.99999999999999645, -7.000000000000000000 ) ) ;
#498 = VECTOR ( 'NONE', #3001, 1000.000000000000000 ) ;
#499 = CARTESIAN_POINT ( 'NONE',  ( 66.85000000000000853, 12.00000000000000000, -67.00000000000000000 ) ) ;
#500 = LINE ( 'NONE', #5195, #5008 ) ;
#501 = CARTESIAN_POINT ( 'NONE',  ( 17.19999999999999574, 1.999999999999998224, -2.000000000000000000 ) ) ;
#502 = CARTESIAN_POINT ( 'NONE',  ( 25.59999999999999432, -19.16034026191451645, -57.20000000000000284 ) ) ;
#503 = EDGE_CURVE ( 'NONE', #913, #4808, #3803, .T. ) ;
#504 = ORIENTED_EDGE ( 'NONE', *, *, #2627, .F. ) ;
#505 = ORIENTED_EDGE ( 'NONE', *, *, #3653, .T. ) ;
#506 = ORIENTED_EDGE ( 'NONE', *, *, #3355, .T. ) ;
#507 = CARTESIAN_POINT ( 'NONE',  ( 58.19999999999999574, 12.00000000000000000, -37.88000000000000256 ) ) ;
#508 = VECTOR ( 'NONE', #2067, 1000.000000000000000 ) ;
#509 = CARTESIAN_POINT ( 'NONE',  ( 63.19999999999999574, 6.800000000000000711, -72.00000000000000000 ) ) ;
#510 = VECTOR ( 'NONE', #3119, 1000.000000000000000 ) ;
#511 = CARTESIAN_POINT ( 'NONE',  ( 68.20000000000000284, 6.000000000000000000, -62.00000000000001421 ) ) ;
#512 = EDGE_CURVE ( 'NONE', #887, #3689, #4955, .T. ) ;
#513 = ORIENTED_EDGE ( 'NONE', *, *, #1899, .T. ) ;
#514 = EDGE_CURVE ( 'NONE', #4530, #905, #4477, .T. ) ;
#515 = CIRCLE ( 'NONE', #871, 4.000000000000000000 ) ;
#516 = CIRCLE ( 'NONE', #4406, 0.7000000000000061728 ) ;
#517 = FACE_OUTER_BOUND ( 'NONE', #4304, .T. ) ;
#518 = AXIS2_PLACEMENT_3D ( 'NONE', #1845, #2247, #2698 ) ;
#519 = EDGE_CURVE ( 'NONE', #3267, #4829, #4921, .T. ) ;
#520 = VERTEX_POINT ( 'NONE', #1879 ) ;
#521 = EDGE_CURVE ( 'NONE', #3116, #5414, #1366, .T. ) ;
#522 = CARTESIAN_POINT ( 'NONE',  ( 1.000000000000000000, 8.499999999999992895, -60.74376388895747425 ) ) ;
#523 = LINE ( 'NONE', #4031, #970 ) ;
#524 = ADVANCED_FACE ( 'NONE', ( #2295 ), #4508, .F. ) ;
#525 = LINE ( 'NONE', #493, #265 ) ;
#526 = ORIENTED_EDGE ( 'NONE', *, *, #3448, .T. ) ;
#527 = CIRCLE ( 'NONE', #4146, 0.6999999999999922951 ) ;
#528 = CIRCLE ( 'NONE', #4327, 4.000000000000007105 ) ;
#529 = ORIENTED_EDGE ( 'NONE', *, *, #372, .T. ) ;
#530 = CARTESIAN_POINT ( 'NONE',  ( 58.50000000000000711, 10.00000000000000000, -67.00000000000000000 ) ) ;
#531 = DIRECTION ( 'NONE',  ( 1.000000000000000000, 0.000000000000000000, 0.000000000000000000 ) ) ;
#532 = DIRECTION ( 'NONE',  ( -0.000000000000000000, 1.000000000000000000, -0.000000000000000000 ) ) ;
#533 = DIRECTION ( 'NONE',  ( -0.000000000000000000, 1.000000000000000000, -0.000000000000000000 ) ) ;
#534 = ORIENTED_EDGE ( 'NONE', *, *, #3731, .F. ) ;
#535 = VERTEX_POINT ( 'NONE', #1451 ) ;
#536 = ORIENTED_EDGE ( 'NONE', *, *, #3992, .F. ) ;
#537 = AXIS2_PLACEMENT_3D ( 'NONE', #5162, #3037, #1264 ) ;
#538 = LINE ( 'NONE', #507, #3743 ) ;
#539 = SURFACE_SIDE_STYLE ('',( #3478 ) ) ;
#540 = LINE ( 'NONE', #2264, #957 ) ;
#541 = EDGE_LOOP ( 'NONE', ( #1923, #3420, #423, #4676 ) ) ;
#542 = VERTEX_POINT ( 'NONE', #630 ) ;
#543 = EDGE_CURVE ( 'NONE', #851, #1687, #19, .T. ) ;
#544 = DIRECTION ( 'NONE',  ( 0.000000000000000000, 0.000000000000000000, -1.000000000000000000 ) ) ;
#545 = VERTEX_POINT ( 'NONE', #4428 ) ;
#546 = ORIENTED_EDGE ( 'NONE', *, *, #4966, .F. ) ;
#547 = CIRCLE ( 'NONE', #184, 8.499999999999992895 ) ;
#548 = EDGE_CURVE ( 'NONE', #651, #3717, #2272, .T. ) ;
#549 = DIRECTION ( 'NONE',  ( -0.000000000000000000, -1.000000000000000000, -0.000000000000000000 ) ) ;
#550 = FACE_OUTER_BOUND ( 'NONE', #2511, .T. ) ;
#551 = DIRECTION ( 'NONE',  ( -0.000000000000000000, -1.000000000000000000, -0.000000000000000000 ) ) ;
#552 = ADVANCED_FACE ( 'NONE', ( #4091 ), #1930, .F. ) ;
#553 = EDGE_LOOP ( 'NONE', ( #1529, #2480, #1602, #1734 ) ) ;
#554 = CARTESIAN_POINT ( 'NONE',  ( 4.850000000000002309, 1.999999999999994893, -67.00000000000000000 ) ) ;
#555 = DIRECTION ( 'NONE',  ( -0.000000000000000000, 1.000000000000000000, -0.000000000000000000 ) ) ;
#556 = DIRECTION ( 'NONE',  ( 0.000000000000000000, 1.000000000000000000, 0.000000000000000000 ) ) ;
#557 = FACE_OUTER_BOUND ( 'NONE', #3542, .T. ) ;
#558 = CARTESIAN_POINT ( 'NONE',  ( 0.000000000000000000, 11.00000000000000000, -72.00000000000000000 ) ) ;
#559 = ADVANCED_FACE ( 'NONE', ( #207 ), #1905, .F. ) ;
#560 = ORIENTED_EDGE ( 'NONE', *, *, #2206, .T. ) ;
#561 = ORIENTED_EDGE ( 'NONE', *, *, #1616, .T. ) ;
#562 = DIRECTION ( 'NONE',  ( -0.000000000000000000, -1.000000000000000000, -0.000000000000000000 ) ) ;
#563 = CARTESIAN_POINT ( 'NONE',  ( 63.35000000000000142, 6.800000000000000711, -68.60000000000000853 ) ) ;
#564 = LINE ( 'NONE', #2342, #2794 ) ;
#565 = CARTESIAN_POINT ( 'NONE',  ( 62.22500000000000853, 12.00000000000000000, -50.04999999999999716 ) ) ;
#566 = ORIENTED_EDGE ( 'NONE', *, *, #4145, .F. ) ;
#567 = ORIENTED_EDGE ( 'NONE', *, *, #2777, .T. ) ;
#568 = CARTESIAN_POINT ( 'NONE',  ( 47.35000000000002274, 6.000000000000005329, -47.94820120606764391 ) ) ;
#569 = ORIENTED_EDGE ( 'NONE', *, *, #3777, .F. ) ;
#570 = VERTEX_POINT ( 'NONE', #522 ) ;
#571 = EDGE_CURVE ( 'NONE', #2471, #459, #4398, .T. ) ;
#572 = CARTESIAN_POINT ( 'NONE',  ( 4.000000000000002665, 7.000000000000000000, -40.99999999999999289 ) ) ;
#573 = AXIS2_PLACEMENT_3D ( 'NONE', #316, #2040, #1195 ) ;
#574 = LINE ( 'NONE', #1425, #4046 ) ;
#575 = DIRECTION ( 'NONE',  ( 0.000000000000000000, 0.000000000000000000, -1.000000000000000000 ) ) ;
#576 = ORIENTED_EDGE ( 'NONE', *, *, #3234, .T. ) ;
#577 = EDGE_CURVE ( 'NONE', #2363, #1245, #236, .T. ) ;
#578 = LINE ( 'NONE', #2301, #5355 ) ;
#579 = CARTESIAN_POINT ( 'NONE',  ( 9.700000000000020606, 23.92686044187654915, -12.00000000000000355 ) ) ;
#581 = AXIS2_PLACEMENT_3D ( 'NONE', #1553, #3271, #2535 ) ;
#580 = CARTESIAN_POINT ( 'NONE',  ( 4.000000000000000000, 2.000000000000000000, -22.00000000000000000 ) ) ;
#582 = FACE_BOUND ( 'NONE', #5154, .T. ) ;
#583 = DIRECTION ( 'NONE',  ( -0.000000000000000000, -0.000000000000000000, 1.000000000000000000 ) ) ;
#584 = ADVANCED_FACE ( 'NONE', ( #5356 ), #180, .F. ) ;
#585 = VECTOR ( 'NONE', #1576, 1000.000000000000000 ) ;
#586 = ORIENTED_EDGE ( 'NONE', *, *, #4174, .T. ) ;
#587 = DIRECTION ( 'NONE',  ( -0.000000000000000000, 1.000000000000000000, -0.000000000000000000 ) ) ;
#588 = LINE ( 'NONE', #5405, #3200 ) ;
#589 = FACE_OUTER_BOUND ( 'NONE', #112, .T. ) ;
#590 = PLANE ( 'NONE',  #4059 ) ;
#591 = EDGE_LOOP ( 'NONE', ( #2184, #2840, #1624, #2344 ) ) ;
#592 = EDGE_CURVE ( 'NONE', #1512, #469, #3201, .T. ) ;
#593 = ORIENTED_EDGE ( 'NONE', *, *, #1978, .T. ) ;
#594 = CARTESIAN_POINT ( 'NONE',  ( 40.35000000000001563, 0.000000000000000000, -7.000000000000000000 ) ) ;
#595 = DIRECTION ( 'NONE',  ( 0.000000000000000000, 0.000000000000000000, 1.000000000000000000 ) ) ;
#596 = ORIENTED_EDGE ( 'NONE', *, *, #2037, .T. ) ;
#597 = ORIENTED_EDGE ( 'NONE', *, *, #1659, .T. ) ;
#598 = CIRCLE ( 'NONE', #777, 2.249999999999991562 ) ;
#599 = AXIS2_PLACEMENT_3D ( 'NONE', #1720, #475, #3904 ) ;
#600 = AXIS2_PLACEMENT_3D ( 'NONE', #3725, #2415, #271 ) ;
#601 = DIRECTION ( 'NONE',  ( 0.000000000000000000, 1.000000000000000000, 0.000000000000000000 ) ) ;
#602 = LINE ( 'NONE', #2668, #1506 ) ;
#603 = CARTESIAN_POINT ( 'NONE',  ( 61.72500000000000853, 12.00000000000000000, -56.25000000000000000 ) ) ;
#604 = VERTEX_POINT ( 'NONE', #4845 ) ;
#605 = AXIS2_PLACEMENT_3D ( 'NONE', #1023, #5269, #5298 ) ;
#606 = CARTESIAN_POINT ( 'NONE',  ( 62.22500000000000853, 6.000000000000000000, -51.45000000000000995 ) ) ;
#607 = EDGE_CURVE ( 'NONE', #3064, #3221, #3950, .T. ) ;
#608 = LINE ( 'NONE', #1457, #3494 ) ;
#609 = VECTOR ( 'NONE', #161, 1000.000000000000000 ) ;
#610 = CARTESIAN_POINT ( 'NONE',  ( 4.000000000000000000, 7.000000000000000000, -22.00000000000000000 ) ) ;
#611 = LINE ( 'NONE', #4488, #4672 ) ;
#612 = PLANE ( 'NONE',  #5306 ) ;
#613 = ORIENTED_EDGE ( 'NONE', *, *, #2318, .F. ) ;
#614 = VECTOR ( 'NONE', #1441, 1000.000000000000000 ) ;
#615 = CIRCLE ( 'NONE', #4063, 3.000000000000002665 ) ;
#616 = ORIENTED_EDGE ( 'NONE', *, *, #990, .T. ) ;
#617 = ADVANCED_FACE ( 'NONE', ( #1169 ), #2887, .F. ) ;
#618 = CARTESIAN_POINT ( 'NONE',  ( 14.19999999999999751, -5.158910531638168706, -12.00000000000000355 ) ) ;
#619 = CARTESIAN_POINT ( 'NONE',  ( 5.000000000000000000, 11.00000000000000000, -66.99999999999998579 ) ) ;
#620 = FACE_OUTER_BOUND ( 'NONE', #3139, .T. ) ;
#621 = CARTESIAN_POINT ( 'NONE',  ( 4.000000000000004441, 0.000000000000000000, -23.24999999999999289 ) ) ;
#622 = ORIENTED_EDGE ( 'NONE', *, *, #923, .F. ) ;
#623 = ADVANCED_FACE ( 'NONE', ( #5010 ), #4148, .F. ) ;
#624 = ORIENTED_EDGE ( 'NONE', *, *, #4759, .F. ) ;
#625 = VECTOR ( 'NONE', #2066, 1000.000000000000000 ) ;
#626 = FACE_OUTER_BOUND ( 'NONE', #3086, .T. ) ;
#627 = CYLINDRICAL_SURFACE ( 'NONE', #59, 3.000000000000000000 ) ;
#628 = ORIENTED_EDGE ( 'NONE', *, *, #4570, .F. ) ;
#629 = ORIENTED_EDGE ( 'NONE', *, *, #4771, .T. ) ;
#630 = CARTESIAN_POINT ( 'NONE',  ( 63.35000000000000142, 6.999999999999999112, -62.15000000000001279 ) ) ;
#631 = LINE ( 'NONE', #1396, #4407 ) ;
#632 = LINE ( 'NONE', #1052, #1985 ) ;
#633 = ORIENTED_EDGE ( 'NONE', *, *, #2647, .F. ) ;
#634 = VECTOR ( 'NONE', #3191, 1000.000000000000000 ) ;
#635 = VECTOR ( 'NONE', #828, 1000.000000000000000 ) ;
#636 = CYLINDRICAL_SURFACE ( 'NONE', #2501, 2.867146923069812559 ) ;
#637 = CARTESIAN_POINT ( 'NONE',  ( 61.72500000000000853, 7.000000000000000000, -56.25000000000000000 ) ) ;
#638 = LINE ( 'NONE', #2333, #1764 ) ;
#639 = DIRECTION ( 'NONE',  ( 0.000000000000000000, 0.000000000000000000, -1.000000000000000000 ) ) ;
#640 = CARTESIAN_POINT ( 'NONE',  ( 62.82484076433121345, 10.00000000000000000, -62.17851601919164040 ) ) ;
#641 = ORIENTED_EDGE ( 'NONE', *, *, #5139, .F. ) ;
#642 = EDGE_CURVE ( 'NONE', #5262, #5225, #2224, .T. ) ;
#643 = ORIENTED_EDGE ( 'NONE', *, *, #5156, .T. ) ;
#644 = DIRECTION ( 'NONE',  ( 0.000000000000000000, -1.000000000000000000, 0.000000000000000000 ) ) ;
#645 = DIRECTION ( 'NONE',  ( 0.000000000000000000, 0.000000000000000000, -1.000000000000000000 ) ) ;
#646 = CARTESIAN_POINT ( 'NONE',  ( 52.69999999999999574, 8.254999999999995453, -30.00000000000000000 ) ) ;
#647 = DIRECTION ( 'NONE',  ( -0.000000000000000000, -1.000000000000000000, -0.000000000000000000 ) ) ;
#648 = ORIENTED_EDGE ( 'NONE', *, *, #4003, .F. ) ;
#649 = FACE_OUTER_BOUND ( 'NONE', #3161, .T. ) ;
#650 = PLANE ( 'NONE',  #5576 ) ;
#651 = VERTEX_POINT ( 'NONE', #264 ) ;
#652 = VERTEX_POINT ( 'NONE', #5528 ) ;
#653 = EDGE_CURVE ( 'NONE', #1352, #4900, #54, .T. ) ;
#654 = CARTESIAN_POINT ( 'NONE',  ( 58.19999999999999574, 12.00000000000000000, -18.77502783967818090 ) ) ;
#655 = LINE ( 'NONE', #5503, #1176 ) ;
#656 = PLANE ( 'NONE',  #173 ) ;
#657 = ORIENTED_EDGE ( 'NONE', *, *, #5112, .T. ) ;
#658 = EDGE_CURVE ( 'NONE', #1956, #4270, #2826, .T. ) ;
#659 = EDGE_LOOP ( 'NONE', ( #262, #735, #5255, #5 ) ) ;
#660 = CARTESIAN_POINT ( 'NONE',  ( 63.35000000000001563, 8.500000000000000000, -1.499999999999997335 ) ) ;
#661 = CARTESIAN_POINT ( 'NONE',  ( 4.000000000000000000, -57.61542936410531013, -60.74376388895747425 ) ) ;
#662 = DIRECTION ( 'NONE',  ( 0.000000000000000000, 0.000000000000000000, -1.000000000000000000 ) ) ;
#663 = DIRECTION ( 'NONE',  ( 1.000000000000000000, 0.000000000000000000, 0.000000000000000000 ) ) ;
#664 = VECTOR ( 'NONE', #4661, 1000.000000000000000 ) ;
#665 = PLANE ( 'NONE',  #2151 ) ;
#666 = ORIENTED_EDGE ( 'NONE', *, *, #5051, .T. ) ;
#667 = EDGE_LOOP ( 'NONE', ( #1002, #1714, #5351, #1286 ) ) ;
#668 = DIRECTION ( 'NONE',  ( 1.000000000000000000, 0.000000000000000000, -0.000000000000000000 ) ) ;
#669 = PLANE ( 'NONE',  #764 ) ;
#670 = CARTESIAN_POINT ( 'NONE',  ( 45.20000000000000284, 12.00000000000000000, -25.99999999999999645 ) ) ;
#671 = DIRECTION ( 'NONE',  ( -1.609537245751672052E-15, 0.000000000000000000, -1.000000000000000000 ) ) ;
#672 = EDGE_LOOP ( 'NONE', ( #1226, #4445, #2641, #567, #130, #825 ) ) ;
#673 = ORIENTED_EDGE ( 'NONE', *, *, #3867, .F. ) ;
#674 = AXIS2_PLACEMENT_3D ( 'NONE', #2650, #1719, #4721 ) ;
#675 = CARTESIAN_POINT ( 'NONE',  ( 14.60080139461647164, 10.00000000000000000, -3.501945725358277084 ) ) ;
#676 = EDGE_CURVE ( 'NONE', #5437, #1390, #2016, .T. ) ;
#677 = DIRECTION ( 'NONE',  ( -1.000000000000000000, -0.000000000000000000, 1.430699774001492404E-15 ) ) ;
#678 = ORIENTED_EDGE ( 'NONE', *, *, #1104, .T. ) ;
#679 = LINE ( 'NONE', #767, #2110 ) ;
#680 = EDGE_CURVE ( 'NONE', #1649, #2203, #1229, .T. ) ;
#681 = LINE ( 'NONE', #3775, #4969 ) ;
#682 = CIRCLE ( 'NONE', #1410, 6.999999999999999112 ) ;
#683 = VERTEX_POINT ( 'NONE', #654 ) ;
#684 = ORIENTED_EDGE ( 'NONE', *, *, #5559, .T. ) ;
#685 = VECTOR ( 'NONE', #1005, 1000.000000000000000 ) ;
#686 = EDGE_CURVE ( 'NONE', #1943, #4620, #4595, .T. ) ;
#687 = DIRECTION ( 'NONE',  ( 1.000000000000000000, 0.000000000000000000, 0.000000000000000000 ) ) ;
#688 = AXIS2_PLACEMENT_3D ( 'NONE', #4695, #2257, #5230 ) ;
#689 = PLANE ( 'NONE',  #4307 ) ;
#690 = CARTESIAN_POINT ( 'NONE',  ( 4.000000000000002665, 8.500000000000000000, -39.75000000000000000 ) ) ;
#691 = DIRECTION ( 'NONE',  ( 0.000000000000000000, 1.000000000000000000, 0.000000000000000000 ) ) ;
#692 = CARTESIAN_POINT ( 'NONE',  ( 4.000000000000000000, -60.78733948814838328, -62.14999999999999858 ) ) ;
#693 = ORIENTED_EDGE ( 'NONE', *, *, #2520, .F. ) ;
#694 = VECTOR ( 'NONE', #1679, 1000.000000000000000 ) ;
#695 = ORIENTED_EDGE ( 'NONE', *, *, #1978, .F. ) ;
#696 = CIRCLE ( 'NONE', #4415, 3.000000000000000000 ) ;
#697 = CARTESIAN_POINT ( 'NONE',  ( 63.35000000000000142, 2.000000000000000000, -67.00000000000000000 ) ) ;
#698 = LINE ( 'NONE', #332, #2569 ) ;
#699 = CYLINDRICAL_SURFACE ( 'NONE', #778, 6.999999999999999112 ) ;
#700 = DIRECTION ( 'NONE',  ( 0.000000000000000000, 0.000000000000000000, 1.000000000000000000 ) ) ;
#701 = VERTEX_POINT ( 'NONE', #3283 ) ;
#702 = ORIENTED_EDGE ( 'NONE', *, *, #5005, .F. ) ;
#703 = VECTOR ( 'NONE', #2445, 1000.000000000000000 ) ;
#704 = CIRCLE ( 'NONE', #3691, 0.7000000000000061728 ) ;
#705 = DIRECTION ( 'NONE',  ( -0.000000000000000000, 1.000000000000000000, -0.000000000000000000 ) ) ;
#706 = EDGE_CURVE ( 'NONE', #3204, #3831, #2942, .T. ) ;
#707 = DIRECTION ( 'NONE',  ( -0.000000000000000000, -1.000000000000000000, -0.000000000000000000 ) ) ;
#708 = PLANE ( 'NONE',  #4667 ) ;
#709 = ORIENTED_EDGE ( 'NONE', *, *, #2108, .T. ) ;
#710 = AXIS2_PLACEMENT_3D ( 'NONE', #1699, #3425, #3365 ) ;
#711 = EDGE_CURVE ( 'NONE', #3778, #3256, #3281, .T. ) ;
#712 = CARTESIAN_POINT ( 'NONE',  ( 49.50000000000000711, 7.000000000000000000, -19.00000000000000000 ) ) ;
#713 = VECTOR ( 'NONE', #5300, 1000.000000000000000 ) ;
#714 = DIRECTION ( 'NONE',  ( -0.000000000000000000, -1.000000000000000000, -0.000000000000000000 ) ) ;
#715 = ORIENTED_EDGE ( 'NONE', *, *, #3372, .T. ) ;
#716 = ORIENTED_EDGE ( 'NONE', *, *, #2600, .F. ) ;
#717 = EDGE_CURVE ( 'NONE', #5131, #904, #1563, .T. ) ;
#718 = ADVANCED_FACE ( 'NONE', ( #5444 ), #1962, .F. ) ;
#719 = CARTESIAN_POINT ( 'NONE',  ( 62.22500000000000853, 6.000000000000000000, -52.79999999999999716 ) ) ;
#720 = PLANE ( 'NONE',  #4039 ) ;
#721 = FACE_OUTER_BOUND ( 'NONE', #199, .T. ) ;
#722 = LINE ( 'NONE', #3836, #3143 ) ;
#723 = ORIENTED_EDGE ( 'NONE', *, *, #923, .T. ) ;
#724 = ORIENTED_EDGE ( 'NONE', *, *, #11, .F. ) ;
#725 = DIRECTION ( 'NONE',  ( -0.000000000000000000, -1.000000000000000000, 0.000000000000000000 ) ) ;
#726 = ADVANCED_FACE ( 'NONE', ( #5071 ), #4198, .T. ) ;
#727 = DIRECTION ( 'NONE',  ( 0.000000000000000000, 1.000000000000000000, 0.000000000000000000 ) ) ;
#728 = CARTESIAN_POINT ( 'NONE',  ( 61.72500000000000853, 6.000000000000000000, -51.45000000000000995 ) ) ;
#729 = DIRECTION ( 'NONE',  ( 1.619075244245020021E-15, 0.000000000000000000, -1.000000000000000000 ) ) ;
#730 = ORIENTED_EDGE ( 'NONE', *, *, #4906, .F. ) ;
#731 = VERTEX_POINT ( 'NONE', #3773 ) ;
#732 = CARTESIAN_POINT ( 'NONE',  ( 45.20000000000000284, 6.999999999999999112, -25.99999999999999289 ) ) ;
#733 = FACE_OUTER_BOUND ( 'NONE', #1500, .T. ) ;
#734 = CARTESIAN_POINT ( 'NONE',  ( 0.000000000000000000, 2.000000000000000000, 0.000000000000000000 ) ) ;
#735 = ORIENTED_EDGE ( 'NONE', *, *, #3565, .T. ) ;
#736 = VECTOR ( 'NONE', #3707, 1000.000000000000000 ) ;
#737 = DIRECTION ( 'NONE',  ( -1.000000000000000000, 0.000000000000000000, 0.000000000000000000 ) ) ;
#738 = CARTESIAN_POINT ( 'NONE',  ( 58.50000000000000711, 7.000000000000000000, -55.15000000000001279 ) ) ;
#739 = VECTOR ( 'NONE', #1543, 1000.000000000000000 ) ;
#740 = EDGE_CURVE ( 'NONE', #4246, #3249, #119, .T. ) ;
#741 = VECTOR ( 'NONE', #3375, 1000.000000000000000 ) ;
#742 = ORIENTED_EDGE ( 'NONE', *, *, #2306, .T. ) ;
#743 = ORIENTED_EDGE ( 'NONE', *, *, #1513, .T. ) ;
#744 = DIRECTION ( 'NONE',  ( -8.673617379884035472E-16, 0.000000000000000000, 1.000000000000000000 ) ) ;
#745 = DIRECTION ( 'NONE',  ( 0.000000000000000000, 0.000000000000000000, -1.000000000000000000 ) ) ;
#746 = CARTESIAN_POINT ( 'NONE',  ( 63.35000000000000142, 8.500000000000000000, -70.50000000000000000 ) ) ;
#747 = EDGE_CURVE ( 'NONE', #1618, #3907, #679, .T. ) ;
#748 = DIRECTION ( 'NONE',  ( -1.000000000000000000, 0.000000000000000000, 1.160904811839163983E-16 ) ) ;
#749 = ORIENTED_EDGE ( 'NONE', *, *, #4843, .T. ) ;
#750 = ADVANCED_FACE ( 'NONE', ( #4226 ), #3804, .F. ) ;
#751 = EDGE_LOOP ( 'NONE', ( #1259, #3060, #2244, #4236 ) ) ;
#752 = DIRECTION ( 'NONE',  ( -0.000000000000000000, -1.000000000000000000, -0.000000000000000000 ) ) ;
#753 = CARTESIAN_POINT ( 'NONE',  ( 57.10936900043424203, 12.00000000000000000, -42.75960285502685565 ) ) ;
#754 = CARTESIAN_POINT ( 'NONE',  ( 52.69999999999999574, 6.000000000000000000, -30.00000000000000000 ) ) ;
#755 = EDGE_CURVE ( 'NONE', #4763, #4995, #3084, .T. ) ;
#756 = CARTESIAN_POINT ( 'NONE',  ( 12.15435605731787838, 12.00000000000000000, -5.000000000000004441 ) ) ;
#757 = ORIENTED_EDGE ( 'NONE', *, *, #3427, .T. ) ;
#758 = ORIENTED_EDGE ( 'NONE', *, *, #1616, .F. ) ;
#759 = ADVANCED_FACE ( 'NONE', ( #3022 ), #4754, .F. ) ;
#760 = CARTESIAN_POINT ( 'NONE',  ( 9.850000000000015632, 0.000000000000000000, -72.00000000000000000 ) ) ;
#761 = EDGE_CURVE ( 'NONE', #4763, #1666, #4551, .T. ) ;
#762 = LINE ( 'NONE', #5035, #625 ) ;
#763 = PLANE ( 'NONE',  #5207 ) ;
#764 = AXIS2_PLACEMENT_3D ( 'NONE', #4941, #194, #3646 ) ;
#765 = ORIENTED_EDGE ( 'NONE', *, *, #3799, .T. ) ;
#766 = AXIS2_PLACEMENT_3D ( 'NONE', #610, #4073, #159 ) ;
#767 = CARTESIAN_POINT ( 'NONE',  ( 6.867146923069818776, -6.109516127843236610, -9.574978537626334330 ) ) ;
#768 = DIRECTION ( 'NONE',  ( 1.000000000000000000, 0.000000000000000000, 0.000000000000000000 ) ) ;
#769 = ORIENTED_EDGE ( 'NONE', *, *, #4111, .T. ) ;
#770 = ORIENTED_EDGE ( 'NONE', *, *, #711, .F. ) ;
#771 = CARTESIAN_POINT ( 'NONE',  ( 68.20000000000000284, 6.800000000000000711, 0.000000000000000000 ) ) ;
#772 = AXIS2_PLACEMENT_3D ( 'NONE', #3659, #3571, #1022 ) ;
#773 = CARTESIAN_POINT ( 'NONE',  ( 61.72500000000000853, 7.000000000000000000, -55.55000000000000426 ) ) ;
#774 = CYLINDRICAL_SURFACE ( 'NONE', #2573, 4.000000000000005329 ) ;
#775 = DIRECTION ( 'NONE',  ( 0.000000000000000000, 0.000000000000000000, -1.000000000000000000 ) ) ;
#776 = ORIENTED_EDGE ( 'NONE', *, *, #1878, .F. ) ;
#777 = AXIS2_PLACEMENT_3D ( 'NONE', #4303, #4645, #5496 ) ;
#778 = AXIS2_PLACEMENT_3D ( 'NONE', #3844, #4612, #4583 ) ;
#779 = EDGE_CURVE ( 'NONE', #391, #1772, #3509, .T. ) ;
#780 = AXIS2_PLACEMENT_3D ( 'NONE', #4602, #2443, #4178 ) ;
#781 = VERTEX_POINT ( 'NONE', #4388 ) ;
#782 = AXIS2_PLACEMENT_3D ( 'NONE', #4636, #752, #2474 ) ;
#783 = CARTESIAN_POINT ( 'NONE',  ( 0.000000000000000000, 2.000000000000000000, 0.000000000000000000 ) ) ;
#784 = DIRECTION ( 'NONE',  ( -0.000000000000000000, -1.000000000000000000, -0.000000000000000000 ) ) ;
#785 = CYLINDRICAL_SURFACE ( 'NONE', #5023, 4.000000000000000000 ) ;
#786 = LINE ( 'NONE', #2507, #4857 ) ;
#787 = EDGE_LOOP ( 'NONE', ( #5353, #5505, #2091, #1695 ) ) ;
#788 = VECTOR ( 'NONE', #3095, 1000.000000000000000 ) ;
#789 = ORIENTED_EDGE ( 'NONE', *, *, #5007, .F. ) ;
#790 = EDGE_CURVE ( 'NONE', #1072, #904, #538, .T. ) ;
#791 = DIRECTION ( 'NONE',  ( 0.000000000000000000, 0.000000000000000000, -1.000000000000000000 ) ) ;
#792 = DIRECTION ( 'NONE',  ( 0.000000000000000000, 0.000000000000000000, -1.000000000000000000 ) ) ;
#793 = EDGE_CURVE ( 'NONE', #5045, #2590, #4830, .T. ) ;
#794 = LINE ( 'NONE', #3888, #4842 ) ;
#795 = AXIS2_PLACEMENT_3D ( 'NONE', #1456, #3665, #4008 ) ;
#796 = VECTOR ( 'NONE', #1830, 1000.000000000000000 ) ;
#797 = ORIENTED_EDGE ( 'NONE', *, *, #1820, .T. ) ;
#798 = LINE ( 'NONE', #4790, #3715 ) ;
#799 = EDGE_CURVE ( 'NONE', #5481, #1649, #5268, .T. ) ;
#800 = DIRECTION ( 'NONE',  ( -1.000000000000000000, 0.000000000000000000, 0.000000000000000000 ) ) ;
#801 = AXIS2_PLACEMENT_3D ( 'NONE', #4755, #3450, #958 ) ;
#802 = ORIENTED_EDGE ( 'NONE', *, *, #4776, .T. ) ;
#803 = ORIENTED_EDGE ( 'NONE', *, *, #5344, .T. ) ;
#804 = AXIS2_PLACEMENT_3D ( 'NONE', #2745, #97, #1001 ) ;
#805 = CARTESIAN_POINT ( 'NONE',  ( 58.19999999999999574, -8.836063273427528841, -49.12000000000000455 ) ) ;
#806 = DIRECTION ( 'NONE',  ( -0.000000000000000000, -1.000000000000000000, -0.000000000000000000 ) ) ;
#807 = DIRECTION ( 'NONE',  ( 0.000000000000000000, 0.000000000000000000, -1.000000000000000000 ) ) ;
#808 = CARTESIAN_POINT ( 'NONE',  ( 68.20000000000000284, 6.000000000000000000, -1.836970198721337590E-17 ) ) ;
#809 = EDGE_LOOP ( 'NONE', ( #4210, #1254, #4417, #1999 ) ) ;
#810 = ORIENTED_EDGE ( 'NONE', *, *, #3141, .F. ) ;
#811 = LINE ( 'NONE', #2534, #2379 ) ;
#812 = CARTESIAN_POINT ( 'NONE',  ( 58.50000000000000711, 7.000000000000000000, -65.50000000000000000 ) ) ;
#813 = CARTESIAN_POINT ( 'NONE',  ( 0.000000000000000000, 0.000000000000000000, -61.99999999999998579 ) ) ;
#814 = CARTESIAN_POINT ( 'NONE',  ( 61.72500000000000853, 7.000000000000000000, -58.30000000000001137 ) ) ;
#815 = ORIENTED_EDGE ( 'NONE', *, *, #519, .T. ) ;
#816 = EDGE_CURVE ( 'NONE', #905, #3130, #4279, .T. ) ;
#817 = ORIENTED_EDGE ( 'NONE', *, *, #1755, .T. ) ;
#818 = AXIS2_PLACEMENT_3D ( 'NONE', #5343, #1492, #2367 ) ;
#819 = LINE ( 'NONE', #5522, #3601 ) ;
#820 = DIRECTION ( 'NONE',  ( -0.000000000000000000, -1.000000000000000000, -0.000000000000000000 ) ) ;
#821 = FACE_OUTER_BOUND ( 'NONE', #3967, .T. ) ;
#822 = ORIENTED_EDGE ( 'NONE', *, *, #3810, .F. ) ;
#823 = CYLINDRICAL_SURFACE ( 'NONE', #5334, 2.999999999999999112 ) ;
#824 = DIRECTION ( 'NONE',  ( -0.000000000000000000, -1.000000000000000000, -0.000000000000000000 ) ) ;
#825 = ORIENTED_EDGE ( 'NONE', *, *, #793, .F. ) ;
#826 = EDGE_LOOP ( 'NONE', ( #2554, #4392, #1234, #3213 ) ) ;
#827 = EDGE_CURVE ( 'NONE', #4557, #5320, #1812, .T. ) ;
#828 = DIRECTION ( 'NONE',  ( -0.000000000000000000, -0.000000000000000000, 1.000000000000000000 ) ) ;
#829 = DIRECTION ( 'NONE',  ( 0.000000000000000000, 1.000000000000000000, 0.000000000000000000 ) ) ;
#830 = EDGE_CURVE ( 'NONE', #3433, #535, #3635, .T. ) ;
#831 = LINE ( 'NONE', #4958, #713 ) ;
#832 = CARTESIAN_POINT ( 'NONE',  ( 63.35000000000000142, 8.500000000000000000, -65.40000000000000568 ) ) ;
#833 = ORIENTED_EDGE ( 'NONE', *, *, #4152, .T. ) ;
#834 = DIRECTION ( 'NONE',  ( 0.000000000000000000, 1.000000000000000000, -0.000000000000000000 ) ) ;
#835 = DIRECTION ( 'NONE',  ( 0.000000000000000000, 0.000000000000000000, 1.000000000000000000 ) ) ;
#836 = CARTESIAN_POINT ( 'NONE',  ( 5.000000000000000000, 0.7999999999999986011, -72.00000000000000000 ) ) ;
#837 = DIRECTION ( 'NONE',  ( -0.000000000000000000, -1.000000000000000000, -0.000000000000000000 ) ) ;
#838 = LINE ( 'NONE', #3553, #1327 ) ;
#839 = LINE ( 'NONE', #3078, #2503 ) ;
#840 = ORIENTED_EDGE ( 'NONE', *, *, #5119, .T. ) ;
#841 = ORIENTED_EDGE ( 'NONE', *, *, #4245, .T. ) ;
#842 = CARTESIAN_POINT ( 'NONE',  ( 62.22500000000000853, 7.000000000000000000, -56.95000000000000284 ) ) ;
#843 = AXIS2_PLACEMENT_3D ( 'NONE', #1620, #3368, #737 ) ;
#844 = CARTESIAN_POINT ( 'NONE',  ( 67.20000000000000284, 12.00000000000000000, -52.12000000000000455 ) ) ;
#845 = FACE_OUTER_BOUND ( 'NONE', #4414, .T. ) ;
#846 = ORIENTED_EDGE ( 'NONE', *, *, #1960, .T. ) ;
#847 = ADVANCED_FACE ( 'NONE', ( #4337, #3477 ), #2285, .T. ) ;
#848 = CARTESIAN_POINT ( 'NONE',  ( 41.19999999999999574, 8.500000000000000000, -64.49999999999998579 ) ) ;
#849 = DIRECTION ( 'NONE',  ( -1.000000000000000000, -0.000000000000000000, -0.000000000000000000 ) ) ;
#850 = EDGE_LOOP ( 'NONE', ( #4264, #3280, #4257, #1473 ) ) ;
#851 = VERTEX_POINT ( 'NONE', #4018 ) ;
#852 = AXIS2_PLACEMENT_3D ( 'NONE', #45, #2171, #3963 ) ;
#853 = EDGE_CURVE ( 'NONE', #5589, #471, #4891, .T. ) ;
#854 = FACE_OUTER_BOUND ( 'NONE', #1260, .T. ) ;
#855 = CARTESIAN_POINT ( 'NONE',  ( 4.000000000000003553, 1.999999999999994893, -28.92820323027550700 ) ) ;
#856 = CARTESIAN_POINT ( 'NONE',  ( 6.867146923069818776, 4.000000000000000000, -12.44212546069614689 ) ) ;
#857 = PRODUCT_CONTEXT ( 'NONE', #4183, 'mechanical' ) ;
#859 = EDGE_CURVE ( 'NONE', #2912, #4918, #1409, .T. ) ;
#858 = AXIS2_PLACEMENT_3D ( 'NONE', #746, #2835, #2895 ) ;
#860 = EDGE_LOOP ( 'NONE', ( #2321, #1335, #3788, #1558 ) ) ;
#861 = EDGE_CURVE ( 'NONE', #3801, #2812, #455, .T. ) ;
#862 = ORIENTED_EDGE ( 'NONE', *, *, #5281, .F. ) ;
#863 = DIRECTION ( 'NONE',  ( 1.000000000000000000, 0.000000000000000000, 0.000000000000000000 ) ) ;
#864 = CARTESIAN_POINT ( 'NONE',  ( 25.59999999999999432, 6.999999999999999112, -58.60000000000000142 ) ) ;
#865 = CARTESIAN_POINT ( 'NONE',  ( 0.000000000000000000, 0.8000000000000000444, -61.99999999999998579 ) ) ;
#866 = CARTESIAN_POINT ( 'NONE',  ( 57.10936900043424203, 3.864593113393700374, -42.75960285502685565 ) ) ;
#867 = FACE_OUTER_BOUND ( 'NONE', #1510, .T. ) ;
#868 = ORIENTED_EDGE ( 'NONE', *, *, #396, .F. ) ;
#869 = CIRCLE ( 'NONE', #4034, 1.249999999999994227 ) ;
#870 = ORIENTED_EDGE ( 'NONE', *, *, #1422, .F. ) ;
#871 = AXIS2_PLACEMENT_3D ( 'NONE', #78, #103, #1379 ) ;
#872 = ORIENTED_EDGE ( 'NONE', *, *, #1074, .F. ) ;
#873 = AXIS2_PLACEMENT_3D ( 'NONE', #2278, #4930, #1028 ) ;
#874 = ADVANCED_FACE ( 'NONE', ( #5236 ), #2180, .F. ) ;
#875 = VERTEX_POINT ( 'NONE', #4362 ) ;
#876 = AXIS2_PLACEMENT_3D ( 'NONE', #432, #3400, #1310 ) ;
#877 = DIRECTION ( 'NONE',  ( -0.000000000000000000, -1.000000000000000000, -0.000000000000000000 ) ) ;
#878 = VECTOR ( 'NONE', #298, 1000.000000000000000 ) ;
#879 = DIRECTION ( 'NONE',  ( 0.000000000000000000, -1.000000000000000000, 0.000000000000000000 ) ) ;
#880 = DIRECTION ( 'NONE',  ( 0.000000000000000000, 0.000000000000000000, -1.000000000000000000 ) ) ;
#881 = ORIENTED_EDGE ( 'NONE', *, *, #3096, .F. ) ;
#882 = ORIENTED_EDGE ( 'NONE', *, *, #4432, .T. ) ;
#883 = CIRCLE ( 'NONE', #3685, 4.849999999999993427 ) ;
#884 = AXIS2_PLACEMENT_3D ( 'NONE', #4235, #356, #2083 ) ;
#885 = CARTESIAN_POINT ( 'NONE',  ( 4.850000000000002309, 8.500000000000000000, -68.60000000000000853 ) ) ;
#886 = FACE_OUTER_BOUND ( 'NONE', #3004, .T. ) ;
#887 = VERTEX_POINT ( 'NONE', #2709 ) ;
#888 = EDGE_CURVE ( 'NONE', #986, #2470, #4442, .T. ) ;
#889 = ORIENTED_EDGE ( 'NONE', *, *, #4384, .T. ) ;
#890 = VECTOR ( 'NONE', #3680, 1000.000000000000000 ) ;
#891 = VECTOR ( 'NONE', #4291, 1000.000000000000000 ) ;
#892 = DIRECTION ( 'NONE',  ( -0.000000000000000000, -1.000000000000000000, -0.000000000000000000 ) ) ;
#893 = CYLINDRICAL_SURFACE ( 'NONE', #5302, 1.249999999999994227 ) ;
#894 = CARTESIAN_POINT ( 'NONE',  ( 4.850000000000009415, 2.000000000000000000, -3.400000000000003908 ) ) ;
#895 = DIRECTION ( 'NONE',  ( -1.000000000000000000, 0.000000000000000000, 0.000000000000000000 ) ) ;
#896 = ORIENTED_EDGE ( 'NONE', *, *, #5123, .T. ) ;
#897 = VECTOR ( 'NONE', #2802, 1000.000000000000000 ) ;
#898 = EDGE_LOOP ( 'NONE', ( #382, #2207, #3908, #230 ) ) ;
#899 = DIRECTION ( 'NONE',  ( 0.000000000000000000, 1.000000000000000000, -0.000000000000000000 ) ) ;
#900 = DIRECTION ( 'NONE',  ( 0.000000000000000000, -0.000000000000000000, 1.000000000000000000 ) ) ;
#901 = CYLINDRICAL_SURFACE ( 'NONE', #3222, 1.399999999999998579 ) ;
#902 = LINE ( 'NONE', #2597, #3140 ) ;
#903 = VERTEX_POINT ( 'NONE', #4809 ) ;
#904 = VERTEX_POINT ( 'NONE', #3054 ) ;
#905 = VERTEX_POINT ( 'NONE', #4787 ) ;
#906 = EDGE_CURVE ( 'NONE', #3921, #2912, #2634, .T. ) ;
#907 = ORIENTED_EDGE ( 'NONE', *, *, #1851, .F. ) ;
#908 = DIRECTION ( 'NONE',  ( 0.000000000000000000, 0.000000000000000000, 1.000000000000000000 ) ) ;
#909 =( LENGTH_UNIT ( ) NAMED_UNIT ( * ) SI_UNIT ( .MILLI., .METRE. ) );
#910 = CARTESIAN_POINT ( 'NONE',  ( 63.35000000000000142, 6.000000000000000000, -9.999999999999987566 ) ) ;
#911 = CIRCLE ( 'NONE', #1816, 1.249999999999987121 ) ;
#912 = VECTOR ( 'NONE', #3006, 1000.000000000000000 ) ;
#913 = VERTEX_POINT ( 'NONE', #252 ) ;
#914 = LINE ( 'NONE', #2546, #4253 ) ;
#915 = DIRECTION ( 'NONE',  ( -0.000000000000000000, 1.000000000000000000, -0.000000000000000000 ) ) ;
#916 = ORIENTED_EDGE ( 'NONE', *, *, #4966, .T. ) ;
#917 = DIRECTION ( 'NONE',  ( 0.000000000000000000, 1.000000000000000000, 0.000000000000000000 ) ) ;
#918 = EDGE_CURVE ( 'NONE', #4133, #922, #2190, .T. ) ;
#919 = CARTESIAN_POINT ( 'NONE',  ( 55.19999999999998863, 12.00000000000000000, -13.00000000000000178 ) ) ;
#920 = DIRECTION ( 'NONE',  ( 0.000000000000000000, 0.000000000000000000, 1.000000000000000000 ) ) ;
#921 = ORIENTED_EDGE ( 'NONE', *, *, #1276, .F. ) ;
#922 = VERTEX_POINT ( 'NONE', #5341 ) ;
#923 = EDGE_CURVE ( 'NONE', #3053, #3031, #2309, .T. ) ;
#924 = FACE_OUTER_BOUND ( 'NONE', #2364, .T. ) ;
#925 = LINE ( 'NONE', #1378, #4744 ) ;
#926 = CARTESIAN_POINT ( 'NONE',  ( 52.79999999999999716, 0.5900704675055358228, -70.50000000000000000 ) ) ;
#927 = CARTESIAN_POINT ( 'NONE',  ( 5.000000000000000000, 11.00000000000000000, -72.00000000000000000 ) ) ;
#928 = EDGE_CURVE ( 'NONE', #314, #1618, #3178, .T. ) ;
#929 = ORIENTED_EDGE ( 'NONE', *, *, #1021, .F. ) ;
#930 = VERTEX_POINT ( 'NONE', #4940 ) ;
#931 = ORIENTED_EDGE ( 'NONE', *, *, #2185, .F. ) ;
#932 = ADVANCED_FACE ( 'NONE', ( #1036 ), #279, .F. ) ;
#933 = CARTESIAN_POINT ( 'NONE',  ( 62.50000000000001421, 6.999999999999999112, -59.19615479394934709 ) ) ;
#934 = DIRECTION ( 'NONE',  ( 0.000000000000000000, -1.000000000000000000, 0.000000000000000000 ) ) ;
#935 = ADVANCED_FACE ( 'NONE', ( #2813 ), #1916, .F. ) ;
#936 = ORIENTED_EDGE ( 'NONE', *, *, #3946, .T. ) ;
#937 = EDGE_CURVE ( 'NONE', #3339, #4970, #3645, .T. ) ;
#938 = VECTOR ( 'NONE', #5456, 1000.000000000000000 ) ;
#939 = CARTESIAN_POINT ( 'NONE',  ( 58.50000000000000711, 10.00000000000000000, -55.15000000000001279 ) ) ;
#940 = ORIENTED_EDGE ( 'NONE', *, *, #3106, .F. ) ;
#941 = CARTESIAN_POINT ( 'NONE',  ( 43.40000000000000568, 8.500000000000000000, -70.50000000000000000 ) ) ;
#942 = CARTESIAN_POINT ( 'NONE',  ( 52.69999999999999574, 6.000000000000000000, -30.00000000000000000 ) ) ;
#943 = CARTESIAN_POINT ( 'NONE',  ( 59.50000000000001421, 10.00000000000000000, -59.19615479394934709 ) ) ;
#944 = EDGE_LOOP ( 'NONE', ( #3643, #5314, #1896, #3541 ) ) ;
#945 = AXIS2_PLACEMENT_3D ( 'NONE', #3329, #784, #2842 ) ;
#946 = ORIENTED_EDGE ( 'NONE', *, *, #2593, .F. ) ;
#947 = VECTOR ( 'NONE', #188, 1000.000000000000000 ) ;
#948 = PLANE ( 'NONE',  #2870 ) ;
#949 = CARTESIAN_POINT ( 'NONE',  ( 50.31347356024124906, -0.001000000000000318993, -25.95257224103342608 ) ) ;
#950 = CARTESIAN_POINT ( 'NONE',  ( 43.40000000000000568, 7.000000000000000000, -72.00000000000000000 ) ) ;
#951 = CARTESIAN_POINT ( 'NONE',  ( 1.350000000000000977, 12.00000000000000000, -67.00000000000000000 ) ) ;
#952 = VERTEX_POINT ( 'NONE', #1524 ) ;
#953 = VERTEX_POINT ( 'NONE', #4550 ) ;
#954 = EDGE_CURVE ( 'NONE', #1831, #3600, #1977, .T. ) ;
#955 = ORIENTED_EDGE ( 'NONE', *, *, #3603, .F. ) ;
#956 = DIRECTION ( 'NONE',  ( 0.000000000000000000, -1.000000000000000000, 0.000000000000000000 ) ) ;
#957 = VECTOR ( 'NONE', #221, 1000.000000000000000 ) ;
#958 = DIRECTION ( 'NONE',  ( 1.160904811839163983E-16, 0.000000000000000000, 1.000000000000000000 ) ) ;
#959 = AXIS2_PLACEMENT_3D ( 'NONE', #4538, #5471, #1108 ) ;
#960 = DIRECTION ( 'NONE',  ( 1.000000000000000000, 0.000000000000000000, 1.430699774001492404E-15 ) ) ;
#961 = ORIENTED_EDGE ( 'NONE', *, *, #1276, .T. ) ;
#962 = CIRCLE ( 'NONE', #3855, 1.600000000000004974 ) ;
#963 = ORIENTED_EDGE ( 'NONE', *, *, #1471, .T. ) ;
#964 = EDGE_CURVE ( 'NONE', #781, #4246, #2425, .T. ) ;
#965 = VECTOR ( 'NONE', #3920, 1000.000000000000000 ) ;
#966 = VECTOR ( 'NONE', #3330, 1000.000000000000000 ) ;
#967 = ADVANCED_FACE ( 'NONE', ( #4972 ), #4524, .F. ) ;
#968 = DIRECTION ( 'NONE',  ( 0.000000000000000000, 1.000000000000000000, 0.000000000000000000 ) ) ;
#969 = ORIENTED_EDGE ( 'NONE', *, *, #4111, .F. ) ;
#970 = VECTOR ( 'NONE', #1906, 1000.000000000000000 ) ;
#971 = VERTEX_POINT ( 'NONE', #2786 ) ;
#972 = EDGE_CURVE ( 'NONE', #5140, #3064, #2009, .T. ) ;
#973 = PLANE ( 'NONE',  #3342 ) ;
#974 = DIRECTION ( 'NONE',  ( 0.000000000000000000, 0.000000000000000000, 1.000000000000000000 ) ) ;
#975 = CARTESIAN_POINT ( 'NONE',  ( 5.000000000000000000, 11.00000000000000000, 1.734723475976806897E-15 ) ) ;
#976 = EDGE_LOOP ( 'NONE', ( #3795, #2283 ) ) ;
#977 = VECTOR ( 'NONE', #3378, 1000.000000000000000 ) ;
#978 = FACE_OUTER_BOUND ( 'NONE', #826, .T. ) ;
#979 = CARTESIAN_POINT ( 'NONE',  ( 49.96484203442356886, 0.000000000000000000, -22.97289842344767052 ) ) ;
#980 = CARTESIAN_POINT ( 'NONE',  ( 12.00160278923294577, 9.999999999999998224, -2.003891450716555056 ) ) ;
#981 = DIRECTION ( 'NONE',  ( -1.000000000000000000, 0.000000000000000000, -0.000000000000000000 ) ) ;
#982 = DIRECTION ( 'NONE',  ( -1.000000000000000000, -0.000000000000000000, -0.000000000000000000 ) ) ;
#983 = MECHANICAL_DESIGN_GEOMETRIC_PRESENTATION_REPRESENTATION (  '', ( #1981 ), #2428 ) ;
#984 = ORIENTED_EDGE ( 'NONE', *, *, #440, .T. ) ;
#985 = PRODUCT ( '\X2\591658f3\X0\', '\X2\591658f3\X0\', '', ( #857 ) ) ;
#986 = VERTEX_POINT ( 'NONE', #1438 ) ;
#987 = VECTOR ( 'NONE', #2134, 1000.000000000000000 ) ;
#988 = CARTESIAN_POINT ( 'NONE',  ( 68.20000000000000284, 6.800000000000000711, -62.00000000000001421 ) ) ;
#989 = DIRECTION ( 'NONE',  ( 0.000000000000000000, -1.000000000000000000, 0.000000000000000000 ) ) ;
#990 = EDGE_CURVE ( 'NONE', #3563, #1777, #5012, .T. ) ;
#991 = CARTESIAN_POINT ( 'NONE',  ( 63.35000000000001563, 8.500000000000000000, -1.499999999999997335 ) ) ;
#992 = VERTEX_POINT ( 'NONE', #4495 ) ;
#993 = VERTEX_POINT ( 'NONE', #5370 ) ;
#994 = DIRECTION ( 'NONE',  ( 0.000000000000000000, 1.000000000000000000, -0.000000000000000000 ) ) ;
#995 = ORIENTED_EDGE ( 'NONE', *, *, #3455, .F. ) ;
#996 = EDGE_CURVE ( 'NONE', #1206, #4108, #3270, .T. ) ;
#997 = ORIENTED_EDGE ( 'NONE', *, *, #1991, .F. ) ;
#998 = FACE_OUTER_BOUND ( 'NONE', #4311, .T. ) ;
#999 = EDGE_CURVE ( 'NONE', #2401, #1929, #5551, .T. ) ;
#1000 = PLANE ( 'NONE',  #4141 ) ;
#1001 = DIRECTION ( 'NONE',  ( 0.000000000000000000, 0.000000000000000000, 1.000000000000000000 ) ) ;
#1002 = ORIENTED_EDGE ( 'NONE', *, *, #4420, .T. ) ;
#1003 = DIRECTION ( 'NONE',  ( -1.000000000000000000, 0.000000000000000000, -0.000000000000000000 ) ) ;
#1004 = ADVANCED_FACE ( 'NONE', ( #4580 ), #3162, .F. ) ;
#1005 = DIRECTION ( 'NONE',  ( 0.000000000000000000, 0.000000000000000000, 1.000000000000000000 ) ) ;
#1006 = LINE ( 'NONE', #5395, #2217 ) ;
#1007 = LINE ( 'NONE', #214, #1853 ) ;
#1008 = DIRECTION ( 'NONE',  ( 0.000000000000000000, 1.000000000000000000, 0.000000000000000000 ) ) ;
#1009 = VECTOR ( 'NONE', #1860, 1000.000000000000000 ) ;
#1010 = EDGE_LOOP ( 'NONE', ( #1707, #2889, #2204, #810, #2620, #872 ) ) ;
#1011 = CARTESIAN_POINT ( 'NONE',  ( 63.35000000000000142, 8.500000000000000000, -70.50000000000000000 ) ) ;
#1012 = CARTESIAN_POINT ( 'NONE',  ( 4.000000000000002665, 6.999999999999999112, -39.75000000000000000 ) ) ;
#1013 = CARTESIAN_POINT ( 'NONE',  ( 62.22500000000000853, 7.000000000000000000, -54.20000000000000995 ) ) ;
#1014 = DIRECTION ( 'NONE',  ( 0.000000000000000000, -1.000000000000000000, 0.000000000000000000 ) ) ;
#1015 = EDGE_LOOP ( 'NONE', ( #487, #3041 ) ) ;
#1016 = ORIENTED_EDGE ( 'NONE', *, *, #73, .F. ) ;
#1017 = DIRECTION ( 'NONE',  ( -0.000000000000000000, 1.000000000000000000, 0.000000000000000000 ) ) ;
#1018 = CARTESIAN_POINT ( 'NONE',  ( 4.000000000000002665, 8.500000000000000000, -40.99999999999999289 ) ) ;
#1019 = EDGE_LOOP ( 'NONE', ( #1159, #4986, #4882, #881 ) ) ;
#1020 = ORIENTED_EDGE ( 'NONE', *, *, #1304, .T. ) ;
#1021 = EDGE_CURVE ( 'NONE', #2203, #318, #1892, .T. ) ;
#1022 = DIRECTION ( 'NONE',  ( 0.000000000000000000, 0.000000000000000000, -1.000000000000000000 ) ) ;
#1023 = CARTESIAN_POINT ( 'NONE',  ( 4.850000000000009415, 0.000000000000000000, -66.99999999999998579 ) ) ;
#1024 = CARTESIAN_POINT ( 'NONE',  ( 45.20000000000000284, 36.04163056034260393, -34.00000000000000711 ) ) ;
#1025 = ORIENTED_EDGE ( 'NONE', *, *, #1163, .T. ) ;
#1026 = ADVANCED_FACE ( 'NONE', ( #3189 ), #3790, .F. ) ;
#1027 = LINE ( 'NONE', #1480, #479 ) ;
#1028 = DIRECTION ( 'NONE',  ( 0.000000000000000000, 0.000000000000000000, 1.000000000000000000 ) ) ;
#1029 = EDGE_CURVE ( 'NONE', #3382, #5380, #1154, .T. ) ;
#1031 = AXIS2_PLACEMENT_3D ( 'NONE', #4443, #219, #1491 ) ;
#1030 = LINE ( 'NONE', #4010, #3482 ) ;
#1032 = DIRECTION ( 'NONE',  ( 0.000000000000000000, 1.000000000000000000, 0.000000000000000000 ) ) ;
#1033 = CARTESIAN_POINT ( 'NONE',  ( 4.000000000000002665, 0.000000000000000000, -39.75000000000000000 ) ) ;
#1034 = VECTOR ( 'NONE', #5168, 1000.000000000000000 ) ;
#1035 = ORIENTED_EDGE ( 'NONE', *, *, #2183, .F. ) ;
#1036 = FACE_OUTER_BOUND ( 'NONE', #1054, .T. ) ;
#1037 = DIRECTION ( 'NONE',  ( 1.000000000000000000, 0.000000000000000000, -3.516331370223237614E-15 ) ) ;
#1038 = CARTESIAN_POINT ( 'NONE',  ( 42.20000000000000284, -60.26556030423240173, -5.000000000000000000 ) ) ;
#1039 = DIRECTION ( 'NONE',  ( 0.000000000000000000, 1.000000000000000000, 0.000000000000000000 ) ) ;
#1040 = ORIENTED_EDGE ( 'NONE', *, *, #3183, .F. ) ;
#1041 = EDGE_LOOP ( 'NONE', ( #1285, #293 ) ) ;
#1042 = LINE ( 'NONE', #4502, #2962 ) ;
#1043 = AXIS2_PLACEMENT_3D ( 'NONE', #1476, #1505, #2667 ) ;
#1044 = CARTESIAN_POINT ( 'NONE',  ( 50.35000000000002984, 0.000000000000000000, -47.94820120606764391 ) ) ;
#1045 = ORIENTED_EDGE ( 'NONE', *, *, #462, .T. ) ;
#1046 = ORIENTED_EDGE ( 'NONE', *, *, #372, .F. ) ;
#1047 = AXIS2_PLACEMENT_3D ( 'NONE', #1218, #2154, #3307 ) ;
#1048 = AXIS2_PLACEMENT_3D ( 'NONE', #4329, #3470, #3047 ) ;
#1049 = VECTOR ( 'NONE', #4233, 1000.000000000000000 ) ;
#1050 = CARTESIAN_POINT ( 'NONE',  ( 61.72500000000000853, 12.00000000000000000, -59.69999999999999574 ) ) ;
#1051 = LINE ( 'NONE', #208, #2052 ) ;
#1052 = CARTESIAN_POINT ( 'NONE',  ( 45.20000000000000284, 1.999999999999994893, -54.19999999999999574 ) ) ;
#1053 = ADVANCED_FACE ( 'NONE', ( #2927 ), #1575, .F. ) ;
#1054 = EDGE_LOOP ( 'NONE', ( #628, #5063, #1360, #4821 ) ) ;
#1055 = LINE ( 'NONE', #3156, #4946 ) ;
#1056 = DIRECTION ( 'NONE',  ( -0.000000000000000000, 1.000000000000000000, -0.000000000000000000 ) ) ;
#1057 = VECTOR ( 'NONE', #4483, 1000.000000000000000 ) ;
#1058 = CARTESIAN_POINT ( 'NONE',  ( 49.96484203442356886, 0.000000000000000000, -37.02710157655232592 ) ) ;
#1059 = CARTESIAN_POINT ( 'NONE',  ( 1.000000000000000000, 12.00000000000000000, -62.15000000000000568 ) ) ;
#1060 = ADVANCED_FACE ( 'NONE', ( #386 ), #2002, .F. ) ;
#1061 = DIRECTION ( 'NONE',  ( 0.000000000000000000, 1.000000000000000000, 0.000000000000000000 ) ) ;
#1062 = ORIENTED_EDGE ( 'NONE', *, *, #2632, .F. ) ;
#1063 = EDGE_CURVE ( 'NONE', #875, #3083, #2873, .T. ) ;
#1064 = AXIS2_PLACEMENT_3D ( 'NONE', #5146, #2991, #5489 ) ;
#1065 = VECTOR ( 'NONE', #4670, 1000.000000000000000 ) ;
#1066 = ORIENTED_EDGE ( 'NONE', *, *, #3763, .T. ) ;
#1067 = CARTESIAN_POINT ( 'NONE',  ( 6.867146923069818776, 2.000000000000000000, -12.44212546069614689 ) ) ;
#1068 = LINE ( 'NONE', #4861, #5558 ) ;
#1069 = CARTESIAN_POINT ( 'NONE',  ( 0.000000000000000000, 11.00000000000000000, 0.000000000000000000 ) ) ;
#1070 = AXIS2_PLACEMENT_3D ( 'NONE', #368, #820, #792 ) ;
#1071 = DIRECTION ( 'NONE',  ( -1.000000000000000000, 0.000000000000000000, 0.000000000000000000 ) ) ;
#1072 = VERTEX_POINT ( 'NONE', #2988 ) ;
#1073 = ORIENTED_EDGE ( 'NONE', *, *, #3653, .F. ) ;
#1074 = EDGE_CURVE ( 'NONE', #2019, #3801, #2449, .T. ) ;
#1075 = AXIS2_PLACEMENT_3D ( 'NONE', #4540, #121, #2274 ) ;
#1076 = DIRECTION ( 'NONE',  ( 0.000000000000000000, 0.000000000000000000, -1.000000000000000000 ) ) ;
#1077 = FACE_BOUND ( 'NONE', #1101, .T. ) ;
#1078 = ORIENTED_EDGE ( 'NONE', *, *, #2858, .T. ) ;
#1079 = ORIENTED_EDGE ( 'NONE', *, *, #3254, .F. ) ;
#1080 = CARTESIAN_POINT ( 'NONE',  ( 67.20000000000000284, -8.836063273427528841, -49.12000000000000455 ) ) ;
#1081 = CARTESIAN_POINT ( 'NONE',  ( 66.85000000000000853, 10.00000000000000000, -66.99999999999998579 ) ) ;
#1082 = LINE ( 'NONE', #3203, #897 ) ;
#1083 = ORIENTED_EDGE ( 'NONE', *, *, #2330, .T. ) ;
#1084 = VECTOR ( 'NONE', #2073, 1000.000000000000000 ) ;
#1085 = AXIS2_PLACEMENT_3D ( 'NONE', #4346, #378, #3923 ) ;
#1086 = VERTEX_POINT ( 'NONE', #2504 ) ;
#1087 = ADVANCED_FACE ( 'NONE', ( #5026, #331, #4610 ), #1605, .T. ) ;
#1088 = CARTESIAN_POINT ( 'NONE',  ( 9.850000000000015632, 0.8000000000000000444, -7.199602232285400915E-16 ) ) ;
#1089 = CYLINDRICAL_SURFACE ( 'NONE', #1414, 4.999999999999997335 ) ;
#1090 = CARTESIAN_POINT ( 'NONE',  ( 1.000000000000006439, 8.499999999999992895, -11.25623611104252575 ) ) ;
#1091 = DIRECTION ( 'NONE',  ( -1.000000000000000000, 0.000000000000000000, 0.000000000000000000 ) ) ;
#1092 = DIRECTION ( 'NONE',  ( 0.000000000000000000, 0.000000000000000000, 1.000000000000000000 ) ) ;
#1093 = EDGE_LOOP ( 'NONE', ( #1748, #5566, #995, #4912 ) ) ;
#1094 = EDGE_CURVE ( 'NONE', #4959, #2448, #5286, .T. ) ;
#1095 = EDGE_LOOP ( 'NONE', ( #536, #3602, #2371, #4913 ) ) ;
#1096 = DIRECTION ( 'NONE',  ( 0.000000000000000000, 0.000000000000000000, 1.000000000000000000 ) ) ;
#1097 = CARTESIAN_POINT ( 'NONE',  ( 43.40000000000000568, 7.000000000000000000, -66.53960780543708609 ) ) ;
#1098 = CARTESIAN_POINT ( 'NONE',  ( 0.000000000000000000, 0.8000000000000000444, -10.00000000000000888 ) ) ;
#1099 = CARTESIAN_POINT ( 'NONE',  ( 44.19999999999999574, 2.000000000000000000, -70.50000000000000000 ) ) ;
#1100 = ORIENTED_EDGE ( 'NONE', *, *, #1625, .T. ) ;
#1101 = EDGE_LOOP ( 'NONE', ( #3452, #1152 ) ) ;
#1102 = ADVANCED_FACE ( 'NONE', ( #3384 ), #2055, .F. ) ;
#1103 = DIRECTION ( 'NONE',  ( 0.000000000000000000, 1.000000000000000000, 0.000000000000000000 ) ) ;
#1104 = EDGE_CURVE ( 'NONE', #1361, #3070, #1239, .T. ) ;
#1105 = CARTESIAN_POINT ( 'NONE',  ( 58.19999999999999574, 6.999999999999999112, -49.12000000000000455 ) ) ;
#1106 = VERTEX_POINT ( 'NONE', #836 ) ;
#1107 = EDGE_CURVE ( 'NONE', #2932, #3373, #1849, .T. ) ;
#1108 = DIRECTION ( 'NONE',  ( 0.000000000000000000, 4.336808689942013792E-16, -1.000000000000000000 ) ) ;
#1109 = FACE_OUTER_BOUND ( 'NONE', #486, .T. ) ;
#1110 = DIRECTION ( 'NONE',  ( -1.000000000000000000, 0.000000000000000000, -0.000000000000000000 ) ) ;
#1111 = VERTEX_POINT ( 'NONE', #1184 ) ;
#1112 = ORIENTED_EDGE ( 'NONE', *, *, #90, .F. ) ;
#1113 = VECTOR ( 'NONE', #3107, 1000.000000000000000 ) ;
#1114 = DIRECTION ( 'NONE',  ( 0.000000000000000000, 0.000000000000000000, -1.000000000000000000 ) ) ;
#1115 = DIRECTION ( 'NONE',  ( -0.000000000000000000, -1.000000000000000000, -0.000000000000000000 ) ) ;
#1116 = CARTESIAN_POINT ( 'NONE',  ( 44.19999999999999574, 6.999999999999999112, -63.00000000000000000 ) ) ;
#1117 = CARTESIAN_POINT ( 'NONE',  ( 42.20000000000000284, 6.999999999999999112, -57.20000000000000284 ) ) ;
#1118 = CARTESIAN_POINT ( 'NONE',  ( 0.000000000000000000, 0.8000000000000000444, -10.00000000000000888 ) ) ;
#1119 = VERTEX_POINT ( 'NONE', #2115 ) ;
#1120 = ORIENTED_EDGE ( 'NONE', *, *, #888, .T. ) ;
#1121 = DIRECTION ( 'NONE',  ( -0.000000000000000000, -1.000000000000000000, -0.000000000000000000 ) ) ;
#1122 = FACE_OUTER_BOUND ( 'NONE', #5183, .T. ) ;
#1123 = DIRECTION ( 'NONE',  ( 0.000000000000000000, 0.000000000000000000, 1.000000000000000000 ) ) ;
#1124 = CARTESIAN_POINT ( 'NONE',  ( 49.98571428571430886, 0.000000000000000000, -44.97040068918150979 ) ) ;
#1125 = ORIENTED_EDGE ( 'NONE', *, *, #4501, .T. ) ;
#1126 = EDGE_CURVE ( 'NONE', #3729, #275, #811, .T. ) ;
#1127 = ORIENTED_EDGE ( 'NONE', *, *, #3318, .T. ) ;
#1128 = VECTOR ( 'NONE', #989, 1000.000000000000000 ) ;
#1129 = VERTEX_POINT ( 'NONE', #3415 ) ;
#1130 = FACE_OUTER_BOUND ( 'NONE', #4251, .T. ) ;
#1131 = AXIS2_PLACEMENT_3D ( 'NONE', #1634, #1210, #3841 ) ;
#1132 = CIRCLE ( 'NONE', #1403, 2.867146923069812559 ) ;
#1133 = CARTESIAN_POINT ( 'NONE',  ( 47.35000000000002984, 0.000000000000000000, -64.99999999999998579 ) ) ;
#1134 = ADVANCED_FACE ( 'NONE', ( #5142 ), #5486, .F. ) ;
#1135 = ORIENTED_EDGE ( 'NONE', *, *, #1838, .T. ) ;
#1136 = DIRECTION ( 'NONE',  ( 0.000000000000000000, 1.000000000000000000, 0.000000000000000000 ) ) ;
#1137 = DIRECTION ( 'NONE',  ( -1.000000000000000000, 0.000000000000000000, 0.000000000000000000 ) ) ;
#1138 = AXIS2_PLACEMENT_3D ( 'NONE', #1044, #4892, #4590 ) ;
#1139 = ORIENTED_EDGE ( 'NONE', *, *, #5043, .F. ) ;
#1140 = CIRCLE ( 'NONE', #1866, 2.249999999999991562 ) ;
#1141 = ORIENTED_EDGE ( 'NONE', *, *, #3731, .T. ) ;
#1142 = AXIS2_PLACEMENT_3D ( 'NONE', #1203, #3263, #2496 ) ;
#1143 = ADVANCED_FACE ( 'NONE', ( #2899 ), #3328, .F. ) ;
#1144 = CIRCLE ( 'NONE', #1596, 3.000000000000000000 ) ;
#1145 = LINE ( 'NONE', #241, #1463 ) ;
#1146 = AXIS2_PLACEMENT_3D ( 'NONE', #5366, #1484, #2808 ) ;
#1147 = LINE ( 'NONE', #3699, #3580 ) ;
#1148 = CARTESIAN_POINT ( 'NONE',  ( 4.850000000000002309, 4.000000000000000000, -67.00000000000000000 ) ) ;
#1149 = PLANE ( 'NONE',  #4231 ) ;
#1150 = ORIENTED_EDGE ( 'NONE', *, *, #179, .F. ) ;
#1151 = AXIS2_PLACEMENT_3D ( 'NONE', #5187, #829, #1315 ) ;
#1152 = ORIENTED_EDGE ( 'NONE', *, *, #4874, .F. ) ;
#1153 = CIRCLE ( 'NONE', #3870, 1.249999999999987121 ) ;
#1154 = LINE ( 'NONE', #303, #938 ) ;
#1155 = DIRECTION ( 'NONE',  ( 1.927470528863119049E-16, 0.000000000000000000, -1.000000000000000000 ) ) ;
#1156 = DIRECTION ( 'NONE',  ( -9.075521010200605965E-16, 0.000000000000000000, 1.000000000000000000 ) ) ;
#1157 = LINE ( 'NONE', #814, #4950 ) ;
#1158 = ORIENTED_EDGE ( 'NONE', *, *, #4117, .T. ) ;
#1159 = ORIENTED_EDGE ( 'NONE', *, *, #2763, .F. ) ;
#1160 = CIRCLE ( 'NONE', #3321, 3.000000000000000000 ) ;
#1161 = AXIS2_PLACEMENT_3D ( 'NONE', #3652, #4949, #1076 ) ;
#1162 = CARTESIAN_POINT ( 'NONE',  ( 63.41176470588236214, 8.500000000000000000, -63.50054502513502541 ) ) ;
#1163 = EDGE_CURVE ( 'NONE', #71, #545, #3684, .T. ) ;
#1164 = CYLINDRICAL_SURFACE ( 'NONE', #1070, 1.249999999999990674 ) ;
#1165 =( GEOMETRIC_REPRESENTATION_CONTEXT ( 3 ) GLOBAL_UNCERTAINTY_ASSIGNED_CONTEXT ( ( #2578 ) ) GLOBAL_UNIT_ASSIGNED_CONTEXT ( ( #2167, #3926, #2196 ) ) REPRESENTATION_CONTEXT ( 'NONE', 'WORKASPACE' ) );
#1166 = LINE ( 'NONE', #3338, #3854 ) ;
#1167 = EDGE_LOOP ( 'NONE', ( #2533, #5518, #2822, #1724 ) ) ;
#1168 = EDGE_CURVE ( 'NONE', #4208, #3608, #5397, .T. ) ;
#1169 = FACE_OUTER_BOUND ( 'NONE', #5415, .T. ) ;
#1170 = CARTESIAN_POINT ( 'NONE',  ( 68.20000000000000284, 6.800000000000000711, -9.999999999999980460 ) ) ;
#1171 = ORIENTED_EDGE ( 'NONE', *, *, #3113, .T. ) ;
#1172 = ORIENTED_EDGE ( 'NONE', *, *, #3348, .T. ) ;
#1173 = ADVANCED_FACE ( 'NONE', ( #412 ), #2143, .F. ) ;
#1174 = CARTESIAN_POINT ( 'NONE',  ( 67.20000000000000284, -8.836063273427528841, -49.12000000000000455 ) ) ;
#1175 = CARTESIAN_POINT ( 'NONE',  ( 9.850000000000015632, 0.8000000000000000444, -66.99999999999998579 ) ) ;
#1176 = VECTOR ( 'NONE', #1196, 1000.000000000000000 ) ;
#1177 = DIRECTION ( 'NONE',  ( -0.000000000000000000, 2.241244801003631869E-16, -1.000000000000000000 ) ) ;
#1178 = VECTOR ( 'NONE', #2980, 1000.000000000000000 ) ;
#1179 = CARTESIAN_POINT ( 'NONE',  ( 0.000000000000000000, 10.00000000000000000, 0.000000000000000000 ) ) ;
#1180 = EDGE_CURVE ( 'NONE', #2032, #3608, #1294, .T. ) ;
#1181 = ORIENTED_EDGE ( 'NONE', *, *, #964, .F. ) ;
#1182 = ADVANCED_FACE ( 'NONE', ( #1130 ), #5440, .F. ) ;
#1183 = ORIENTED_EDGE ( 'NONE', *, *, #571, .F. ) ;
#1184 = CARTESIAN_POINT ( 'NONE',  ( 4.850000000000009415, 8.500000000000000000, -6.600000000000004974 ) ) ;
#1185 = DIRECTION ( 'NONE',  ( 0.000000000000000000, 0.000000000000000000, 1.000000000000000000 ) ) ;
#1186 = CARTESIAN_POINT ( 'NONE',  ( 4.850000000000009415, 2.000000000000000000, -5.000000000000004441 ) ) ;
#1187 = DIRECTION ( 'NONE',  ( 0.000000000000000000, 0.000000000000000000, 1.000000000000000000 ) ) ;
#1188 = ORIENTED_EDGE ( 'NONE', *, *, #5185, .F. ) ;
#1189 = VERTEX_POINT ( 'NONE', #2847 ) ;
#1190 = DIRECTION ( 'NONE',  ( -0.000000000000000000, 0.000000000000000000, 1.000000000000000000 ) ) ;
#1191 = LINE ( 'NONE', #2541, #1889 ) ;
#1192 = CARTESIAN_POINT ( 'NONE',  ( 61.72500000000000853, 6.000000000000000000, -56.95000000000000284 ) ) ;
#1193 = ORIENTED_EDGE ( 'NONE', *, *, #4660, .F. ) ;
#1194 = AXIS2_PLACEMENT_3D ( 'NONE', #4465, #644, #5433 ) ;
#1195 = DIRECTION ( 'NONE',  ( 0.000000000000000000, 0.000000000000000000, 1.000000000000000000 ) ) ;
#1196 = DIRECTION ( 'NONE',  ( -0.000000000000000000, -1.000000000000000000, -0.000000000000000000 ) ) ;
#1197 = AXIS2_PLACEMENT_3D ( 'NONE', #3781, #1202, #2918 ) ;
#1198 = AXIS2_PLACEMENT_3D ( 'NONE', #554, #124, #1936 ) ;
#1199 = VERTEX_POINT ( 'NONE', #675 ) ;
#1200 = ADVANCED_FACE ( 'NONE', ( #3625 ), #2347, .F. ) ;
#1201 = EDGE_LOOP ( 'NONE', ( #3072, #1040 ) ) ;
#1202 = DIRECTION ( 'NONE',  ( -0.000000000000000000, -1.000000000000000000, -0.000000000000000000 ) ) ;
#1203 = CARTESIAN_POINT ( 'NONE',  ( 52.69999999999999574, 12.00000000000000000, -30.00000000000000000 ) ) ;
#1204 = CARTESIAN_POINT ( 'NONE',  ( 9.427178028658950382, 12.00000000000000000, -3.250000000000003553 ) ) ;
#1205 = CARTESIAN_POINT ( 'NONE',  ( 58.50000000000000711, 10.00000000000000000, -55.15000000000001279 ) ) ;
#1206 = VERTEX_POINT ( 'NONE', #4087 ) ;
#1207 = EDGE_CURVE ( 'NONE', #3299, #116, #5212, .T. ) ;
#1208 = EDGE_CURVE ( 'NONE', #3593, #4033, #1900, .T. ) ;
#1209 = ORIENTED_EDGE ( 'NONE', *, *, #5182, .F. ) ;
#1210 = DIRECTION ( 'NONE',  ( 1.000000000000000000, 0.000000000000000000, 0.000000000000000000 ) ) ;
#1211 = DIRECTION ( 'NONE',  ( -0.000000000000000000, -1.000000000000000000, -0.000000000000000000 ) ) ;
#1212 = DIRECTION ( 'NONE',  ( 0.000000000000000000, 0.000000000000000000, -1.000000000000000000 ) ) ;
#1213 = CARTESIAN_POINT ( 'NONE',  ( 9.447472580446405033, 8.500000000000000000, -65.45541401273884219 ) ) ;
#1214 = ORIENTED_EDGE ( 'NONE', *, *, #3430, .T. ) ;
#1215 = ORIENTED_EDGE ( 'NONE', *, *, #3380, .F. ) ;
#1216 = DIRECTION ( 'NONE',  ( 1.160904811839163983E-16, 0.000000000000000000, 1.000000000000000000 ) ) ;
#1217 = DIRECTION ( 'NONE',  ( 0.000000000000000000, 0.000000000000000000, -1.000000000000000000 ) ) ;
#1218 = CARTESIAN_POINT ( 'NONE',  ( 62.22500000000000853, 7.000000000000000000, -50.75000000000000000 ) ) ;
#1219 = CIRCLE ( 'NONE', #2214, 8.499999999999992895 ) ;
#1220 = ORIENTED_EDGE ( 'NONE', *, *, #3268, .T. ) ;
#1221 = VECTOR ( 'NONE', #1691, 1000.000000000000000 ) ;
#1222 = CARTESIAN_POINT ( 'NONE',  ( 62.22500000000000853, 7.000000000000000000, -59.00000000000000711 ) ) ;
#1223 = CARTESIAN_POINT ( 'NONE',  ( 55.19999999999998863, 7.000000000000000000, -10.00000000000000000 ) ) ;
#1224 = DIRECTION ( 'NONE',  ( 0.000000000000000000, 1.000000000000000000, 0.000000000000000000 ) ) ;
#1225 = ORIENTED_EDGE ( 'NONE', *, *, #122, .T. ) ;
#1226 = ORIENTED_EDGE ( 'NONE', *, *, #4162, .F. ) ;
#1227 = CARTESIAN_POINT ( 'NONE',  ( 5.000000000000000000, 0.8000000000000000444, -5.000000000000000000 ) ) ;
#1228 = CIRCLE ( 'NONE', #2758, 1.249999999999990674 ) ;
#1229 = CIRCLE ( 'NONE', #5387, 3.500000000000003109 ) ;
#1230 = EDGE_CURVE ( 'NONE', #1106, #930, #1496, .T. ) ;
#1231 = CARTESIAN_POINT ( 'NONE',  ( 62.50000000000001421, -5.240185044024122440, -59.19615479394934709 ) ) ;
#1232 = CARTESIAN_POINT ( 'NONE',  ( 1.000000000000006217, -57.61542936410531013, -11.25623611104252575 ) ) ;
#1233 = LINE ( 'NONE', #4992, #703 ) ;
#1234 = ORIENTED_EDGE ( 'NONE', *, *, #3209, .F. ) ;
#1235 = AXIS2_PLACEMENT_3D ( 'NONE', #4370, #5291, #1418 ) ;
#1236 = AXIS2_PLACEMENT_3D ( 'NONE', #2146, #4380, #3533 ) ;
#1237 = EDGE_LOOP ( 'NONE', ( #1579, #3935, #4837, #2769 ) ) ;
#1238 = VECTOR ( 'NONE', #4587, 1000.000000000000000 ) ;
#1239 = LINE ( 'NONE', #3757, #4297 ) ;
#1240 = CIRCLE ( 'NONE', #2409, 3.000000000000002665 ) ;
#1241 = DIRECTION ( 'NONE',  ( -0.000000000000000000, -1.000000000000000000, -0.000000000000000000 ) ) ;
#1242 = CARTESIAN_POINT ( 'NONE',  ( 4.000000000000003553, 6.999999999999999112, -28.92820323027550700 ) ) ;
#1243 = LINE ( 'NONE', #389, #2241 ) ;
#1244 = EDGE_CURVE ( 'NONE', #4228, #1455, #3496, .T. ) ;
#1245 = VERTEX_POINT ( 'NONE', #175 ) ;
#1246 = ORIENTED_EDGE ( 'NONE', *, *, #4679, .F. ) ;
#1247 = ORIENTED_EDGE ( 'NONE', *, *, #2972, .T. ) ;
#1248 = LINE ( 'NONE', #2540, #346 ) ;
#1249 = CARTESIAN_POINT ( 'NONE',  ( -1.734723475976807094E-15, 19.07106781186547906, -66.99999999999998579 ) ) ;
#1250 = LINE ( 'NONE', #5037, #4927 ) ;
#1251 = VECTOR ( 'NONE', #1297, 1000.000000000000000 ) ;
#1252 = EDGE_CURVE ( 'NONE', #2631, #1199, #1504, .T. ) ;
#1253 = CIRCLE ( 'NONE', #2421, 3.500000000000003109 ) ;
#1254 = ORIENTED_EDGE ( 'NONE', *, *, #3828, .F. ) ;
#1255 = ADVANCED_FACE ( 'NONE', ( #4916 ), #1470, .F. ) ;
#1256 = DIRECTION ( 'NONE',  ( 0.000000000000000000, 0.000000000000000000, -1.000000000000000000 ) ) ;
#1257 = LINE ( 'NONE', #5554, #3401 ) ;
#1258 = CIRCLE ( 'NONE', #4786, 6.999999999999999112 ) ;
#1259 = ORIENTED_EDGE ( 'NONE', *, *, #1697, .T. ) ;
#1260 = EDGE_LOOP ( 'NONE', ( #4887, #5106, #358, #1536 ) ) ;
#1261 = AXIS2_PLACEMENT_3D ( 'NONE', #3492, #4349, #4817 ) ;
#1262 = CARTESIAN_POINT ( 'NONE',  ( 4.850000000000002309, 4.000000000000000000, -70.50000000000000000 ) ) ;
#1263 = DIRECTION ( 'NONE',  ( -0.000000000000000000, -1.000000000000000000, -0.000000000000000000 ) ) ;
#1264 = DIRECTION ( 'NONE',  ( 0.000000000000000000, 0.000000000000000000, -1.000000000000000000 ) ) ;
#1265 = CARTESIAN_POINT ( 'NONE',  ( 63.19999999999999574, 11.00000000000000000, 1.734723475976807489E-15 ) ) ;
#1266 = EDGE_LOOP ( 'NONE', ( #1703, #1292, #3993, #4481, #4175, #36, #2384, #702, #2879, #3906, #197, #3889 ) ) ;
#1267 = ORIENTED_EDGE ( 'NONE', *, *, #24, .F. ) ;
#1268 = FACE_OUTER_BOUND ( 'NONE', #284, .T. ) ;
#1269 = CARTESIAN_POINT ( 'NONE',  ( 4.000000000000000000, 0.000000000000000000, -22.00000000000000000 ) ) ;
#1270 = CARTESIAN_POINT ( 'NONE',  ( 61.72500000000000853, 7.000000000000000000, -51.45000000000000995 ) ) ;
#1271 = DIRECTION ( 'NONE',  ( 0.000000000000000000, 0.000000000000000000, -1.000000000000000000 ) ) ;
#1272 = LINE ( 'NONE', #4697, #1877 ) ;
#1273 = VERTEX_POINT ( 'NONE', #5377 ) ;
#1274 = VECTOR ( 'NONE', #5044, 1000.000000000000000 ) ;
#1275 = EDGE_LOOP ( 'NONE', ( #1945, #2460, #2383, #3942 ) ) ;
#1276 = EDGE_CURVE ( 'NONE', #51, #29, #516, .T. ) ;
#1277 = DIRECTION ( 'NONE',  ( -0.000000000000000000, 1.000000000000000000, -0.000000000000000000 ) ) ;
#1278 = FACE_OUTER_BOUND ( 'NONE', #2695, .T. ) ;
#1279 = LINE ( 'NONE', #5091, #2230 ) ;
#1280 = ORIENTED_EDGE ( 'NONE', *, *, #2103, .F. ) ;
#1281 = ADVANCED_FACE ( 'NONE', ( #1445, #649 ), #3169, .F. ) ;
#1282 = EDGE_CURVE ( 'NONE', #2731, #469, #330, .T. ) ;
#1283 = CARTESIAN_POINT ( 'NONE',  ( 45.20000000000000284, 2.000000000000001776, -2.000000000000000000 ) ) ;
#1284 = CARTESIAN_POINT ( 'NONE',  ( 49.96484203442356886, -11.31370849898477360, -22.97289842344767052 ) ) ;
#1285 = ORIENTED_EDGE ( 'NONE', *, *, #577, .F. ) ;
#1286 = ORIENTED_EDGE ( 'NONE', *, *, #4561, .T. ) ;
#1287 = AXIS2_PLACEMENT_3D ( 'NONE', #933, #52, #908 ) ;
#1288 = DIRECTION ( 'NONE',  ( 0.000000000000000000, 0.000000000000000000, 1.000000000000000000 ) ) ;
#1289 = CYLINDRICAL_SURFACE ( 'NONE', #5033, 3.000000000000002665 ) ;
#1290 = CARTESIAN_POINT ( 'NONE',  ( 12.29127005288748009, -57.61542936410531013, -64.49999999999998579 ) ) ;
#1291 = ORIENTED_EDGE ( 'NONE', *, *, #1450, .T. ) ;
#1292 = ORIENTED_EDGE ( 'NONE', *, *, #2271, .F. ) ;
#1293 = CARTESIAN_POINT ( 'NONE',  ( 63.35000000000000142, 6.800000000000000711, -4.999999999999990230 ) ) ;
#1294 = LINE ( 'NONE', #3015, #5126 ) ;
#1295 = FACE_OUTER_BOUND ( 'NONE', #2681, .T. ) ;
#1296 = DIRECTION ( 'NONE',  ( -0.000000000000000000, -1.000000000000000000, -0.000000000000000000 ) ) ;
#1297 = DIRECTION ( 'NONE',  ( -0.000000000000000000, -0.000000000000000000, -1.000000000000000000 ) ) ;
#1298 = EDGE_LOOP ( 'NONE', ( #2682, #2352 ) ) ;
#1299 = ORIENTED_EDGE ( 'NONE', *, *, #680, .T. ) ;
#1300 = ORIENTED_EDGE ( 'NONE', *, *, #1681, .F. ) ;
#1301 = ORIENTED_EDGE ( 'NONE', *, *, #2500, .T. ) ;
#1302 = AXIS2_PLACEMENT_3D ( 'NONE', #1645, #2800, #3692 ) ;
#1303 = DIRECTION ( 'NONE',  ( -0.000000000000000000, 1.000000000000000000, -0.000000000000000000 ) ) ;
#1304 = EDGE_CURVE ( 'NONE', #210, #3221, #1042, .T. ) ;
#1305 = PLANE ( 'NONE',  #3217 ) ;
#1306 = ORIENTED_EDGE ( 'NONE', *, *, #3674, .F. ) ;
#1307 = AXIS2_PLACEMENT_3D ( 'NONE', #753, #5487, #1185 ) ;
#1308 = ADVANCED_FACE ( 'NONE', ( #626 ), #1924, .F. ) ;
#1309 = CARTESIAN_POINT ( 'NONE',  ( 1.000000000000000000, 8.499999999999992895, -62.15000000000000568 ) ) ;
#1310 = DIRECTION ( 'NONE',  ( 0.000000000000000000, 0.000000000000000000, 1.000000000000000000 ) ) ;
#1311 = ORIENTED_EDGE ( 'NONE', *, *, #1715, .T. ) ;
#1312 = ORIENTED_EDGE ( 'NONE', *, *, #1351, .F. ) ;
#1313 = VECTOR ( 'NONE', #474, 1000.000000000000000 ) ;
#1314 = FACE_OUTER_BOUND ( 'NONE', #944, .T. ) ;
#1315 = DIRECTION ( 'NONE',  ( 0.000000000000000000, 0.000000000000000000, 1.000000000000000000 ) ) ;
#1316 = DIRECTION ( 'NONE',  ( 0.000000000000000000, 0.000000000000000000, 1.000000000000000000 ) ) ;
#1317 = ORIENTED_EDGE ( 'NONE', *, *, #2238, .T. ) ;
#1318 = ADVANCED_FACE ( 'NONE', ( #2793 ), #4532, .F. ) ;
#1319 = ORIENTED_EDGE ( 'NONE', *, *, #3101, .T. ) ;
#1320 = FACE_BOUND ( 'NONE', #4976, .T. ) ;
#1321 = LINE ( 'NONE', #4353, #1313 ) ;
#1322 = CARTESIAN_POINT ( 'NONE',  ( 1.350000000000000977, 12.00000000000000000, -9.850000000000019185 ) ) ;
#1323 = CARTESIAN_POINT ( 'NONE',  ( 4.850000000000009415, 0.8000000000000000444, -61.99999999999998579 ) ) ;
#1324 = ORIENTED_EDGE ( 'NONE', *, *, #4057, .F. ) ;
#1325 = VECTOR ( 'NONE', #4756, 1000.000000000000000 ) ;
#1326 = VERTEX_POINT ( 'NONE', #3686 ) ;
#1327 = VECTOR ( 'NONE', #1775, 1000.000000000000000 ) ;
#1328 = ORIENTED_EDGE ( 'NONE', *, *, #1126, .T. ) ;
#1329 = VECTOR ( 'NONE', #2866, 1000.000000000000000 ) ;
#1330 = ORIENTED_EDGE ( 'NONE', *, *, #3082, .T. ) ;
#1331 = CARTESIAN_POINT ( 'NONE',  ( 58.19999999999999574, 8.255000000000000782, -46.61999999999999744 ) ) ;
#1332 = CARTESIAN_POINT ( 'NONE',  ( 63.35000000000001563, 8.500000000000000000, -5.000000000000004441 ) ) ;
#1333 = CARTESIAN_POINT ( 'NONE',  ( 53.71999999999999886, 8.254999999999997229, -38.43857807927377479 ) ) ;
#1334 = ORIENTED_EDGE ( 'NONE', *, *, #1625, .F. ) ;
#1335 = ORIENTED_EDGE ( 'NONE', *, *, #3763, .F. ) ;
#1336 = CIRCLE ( 'NONE', #518, 2.999999999999999112 ) ;
#1337 = EDGE_CURVE ( 'NONE', #2289, #2369, #3252, .T. ) ;
#1338 = VECTOR ( 'NONE', #4099, 1000.000000000000000 ) ;
#1339 = CARTESIAN_POINT ( 'NONE',  ( 6.000000000000001776, 7.000000000000000000, -18.53589838486224650 ) ) ;
#1340 = CYLINDRICAL_SURFACE ( 'NONE', #4401, 3.000000000000002665 ) ;
#1341 = VERTEX_POINT ( 'NONE', #5120 ) ;
#1342 = VECTOR ( 'NONE', #2006, 1000.000000000000000 ) ;
#1343 = CIRCLE ( 'NONE', #4060, 2.867146923069812559 ) ;
#1344 = VECTOR ( 'NONE', #4219, 1000.000000000000000 ) ;
#1345 = EDGE_CURVE ( 'NONE', #1649, #3168, #5580, .T. ) ;
#1346 = CARTESIAN_POINT ( 'NONE',  ( 47.35000000000001563, 87.00000000000000000, -6.999999999999998224 ) ) ;
#1347 = DIRECTION ( 'NONE',  ( 0.000000000000000000, 0.000000000000000000, -1.000000000000000000 ) ) ;
#1348 = FACE_OUTER_BOUND ( 'NONE', #3021, .T. ) ;
#1349 = ORIENTED_EDGE ( 'NONE', *, *, #2213, .T. ) ;
#1350 = AXIS2_PLACEMENT_3D ( 'NONE', #4220, #5495, #4702 ) ;
#1351 = EDGE_CURVE ( 'NONE', #2609, #1455, #819, .T. ) ;
#1352 = VERTEX_POINT ( 'NONE', #1698 ) ;
#1353 = DIRECTION ( 'NONE',  ( 0.000000000000000000, 0.000000000000000000, 1.000000000000000000 ) ) ;
#1354 = CARTESIAN_POINT ( 'NONE',  ( 63.35000000000000142, 6.000000000000000000, -9.999999999999984013 ) ) ;
#1355 = DIRECTION ( 'NONE',  ( 1.000000000000000000, 0.000000000000000000, -0.000000000000000000 ) ) ;
#1356 = CARTESIAN_POINT ( 'NONE',  ( 4.850000000000002309, 0.7999999999999999334, -67.00000000000000000 ) ) ;
#1357 = ORIENTED_EDGE ( 'NONE', *, *, #999, .T. ) ;
#1358 = VERTEX_POINT ( 'NONE', #732 ) ;
#1359 = EDGE_CURVE ( 'NONE', #3347, #4160, #367, .T. ) ;
#1360 = ORIENTED_EDGE ( 'NONE', *, *, #548, .T. ) ;
#1361 = VERTEX_POINT ( 'NONE', #5548 ) ;
#1362 = DIRECTION ( 'NONE',  ( 0.000000000000000000, 2.241244801003631869E-16, -1.000000000000000000 ) ) ;
#1363 = DIRECTION ( 'NONE',  ( 0.000000000000000000, 0.000000000000000000, -1.000000000000000000 ) ) ;
#1364 = DIRECTION ( 'NONE',  ( 0.000000000000000000, 1.000000000000000000, 0.000000000000000000 ) ) ;
#1365 = AXIS2_PLACEMENT_3D ( 'NONE', #4553, #1554, #2760 ) ;
#1366 = CIRCLE ( 'NONE', #4793, 3.000000000000002665 ) ;
#1367 = EDGE_LOOP ( 'NONE', ( #2211, #4449 ) ) ;
#1368 = LINE ( 'NONE', #3087, #1685 ) ;
#1369 = EDGE_LOOP ( 'NONE', ( #4217, #4562, #1280, #4541, #1079, #2270 ) ) ;
#1370 = LINE ( 'NONE', #1346, #4522 ) ;
#1371 = CARTESIAN_POINT ( 'NONE',  ( 43.40000000000000568, 8.500000000000000000, -66.53960780543708609 ) ) ;
#1372 = LINE ( 'NONE', #2983, #4242 ) ;
#1373 = EDGE_CURVE ( 'NONE', #5001, #3204, #4168, .T. ) ;
#1374 = DIRECTION ( 'NONE',  ( 0.000000000000000000, 1.000000000000000000, 0.000000000000000000 ) ) ;
#1375 = ORIENTED_EDGE ( 'NONE', *, *, #4077, .F. ) ;
#1376 = CARTESIAN_POINT ( 'NONE',  ( 4.000000000000000000, 8.500000000000000000, -62.14999999999999858 ) ) ;
#1377 = DIRECTION ( 'NONE',  ( -0.000000000000000000, -1.000000000000000000, -0.000000000000000000 ) ) ;
#1378 = CARTESIAN_POINT ( 'NONE',  ( 58.19999999999999574, 7.000000000000000000, -10.00000000000000000 ) ) ;
#1379 = DIRECTION ( 'NONE',  ( 0.000000000000000000, 0.000000000000000000, 1.000000000000000000 ) ) ;
#1380 = EDGE_CURVE ( 'NONE', #2392, #1572, #1248, .T. ) ;
#1381 = DIRECTION ( 'NONE',  ( -0.000000000000000000, 1.000000000000000000, -0.000000000000000000 ) ) ;
#1382 = VERTEX_POINT ( 'NONE', #4272 ) ;
#1383 = ORIENTED_EDGE ( 'NONE', *, *, #1711, .T. ) ;
#1384 = EDGE_CURVE ( 'NONE', #2526, #5279, #704, .T. ) ;
#1385 = VERTEX_POINT ( 'NONE', #4643 ) ;
#1386 = DIRECTION ( 'NONE',  ( -0.000000000000000000, -1.000000000000000000, -0.000000000000000000 ) ) ;
#1387 = DIRECTION ( 'NONE',  ( -0.000000000000000000, -0.000000000000000000, -1.000000000000000000 ) ) ;
#1388 = CARTESIAN_POINT ( 'NONE',  ( 12.00160278923294577, -26.63564212655271035, -2.003891450716555056 ) ) ;
#1389 = ORIENTED_EDGE ( 'NONE', *, *, #4977, .T. ) ;
#1390 = VERTEX_POINT ( 'NONE', #842 ) ;
#1391 = ADVANCED_FACE ( 'NONE', ( #2035 ), #2936, .F. ) ;
#1392 = AXIS2_PLACEMENT_3D ( 'NONE', #3313, #5042, #4621 ) ;
#1393 = LINE ( 'NONE', #939, #240 ) ;
#1394 = ORIENTED_EDGE ( 'NONE', *, *, #167, .T. ) ;
#1395 = DIRECTION ( 'NONE',  ( 0.000000000000000000, 0.000000000000000000, 1.000000000000000000 ) ) ;
#1396 = CARTESIAN_POINT ( 'NONE',  ( 58.19999999999999574, 12.00000000000000000, -42.40967364599084988 ) ) ;
#1397 = CYLINDRICAL_SURFACE ( 'NONE', #3243, 4.850000000000006750 ) ;
#1398 = ORIENTED_EDGE ( 'NONE', *, *, #3630, .F. ) ;
#1399 = CIRCLE ( 'NONE', #2472, 5.000000000000004441 ) ;
#1400 = EDGE_CURVE ( 'NONE', #952, #3593, #4594, .T. ) ;
#1401 = CARTESIAN_POINT ( 'NONE',  ( 66.84999999999999432, 0.5900704675055358228, -60.55623611104253712 ) ) ;
#1402 = DIRECTION ( 'NONE',  ( 0.000000000000000000, 0.000000000000000000, 1.000000000000000000 ) ) ;
#1403 = AXIS2_PLACEMENT_3D ( 'NONE', #160, #1887, #3377 ) ;
#1404 = DIRECTION ( 'NONE',  ( 0.000000000000000000, 0.000000000000000000, 1.000000000000000000 ) ) ;
#1405 = DIRECTION ( 'NONE',  ( 0.000000000000000000, 0.000000000000000000, 1.000000000000000000 ) ) ;
#1406 = CARTESIAN_POINT ( 'NONE',  ( 58.50000000000000711, 7.000000000000000000, -65.50000000000000000 ) ) ;
#1407 = ORIENTED_EDGE ( 'NONE', *, *, #3886, .T. ) ;
#1408 = ORIENTED_EDGE ( 'NONE', *, *, #3372, .F. ) ;
#1409 = LINE ( 'NONE', #988, #2455 ) ;
#1410 = AXIS2_PLACEMENT_3D ( 'NONE', #1727, #3085, #5176 ) ;
#1411 = DIRECTION ( 'NONE',  ( -0.000000000000000000, -1.000000000000000000, -0.000000000000000000 ) ) ;
#1412 = CARTESIAN_POINT ( 'NONE',  ( 4.000000000000000000, 4.000000000000003553, -59.45016556472924663 ) ) ;
#1413 = EDGE_LOOP ( 'NONE', ( #442, #12, #58 ) ) ;
#1414 = AXIS2_PLACEMENT_3D ( 'NONE', #1515, #2255, #4072 ) ;
#1415 = ORIENTED_EDGE ( 'NONE', *, *, #4994, .F. ) ;
#1416 = VECTOR ( 'NONE', #1224, 1000.000000000000000 ) ;
#1417 = EDGE_CURVE ( 'NONE', #41, #4557, #2514, .T. ) ;
#1418 = DIRECTION ( 'NONE',  ( 0.000000000000000000, 0.000000000000000000, -1.000000000000000000 ) ) ;
#1419 = ORIENTED_EDGE ( 'NONE', *, *, #3430, .F. ) ;
#1420 = AXIS2_PLACEMENT_3D ( 'NONE', #5595, #492, #2165 ) ;
#1421 = EDGE_LOOP ( 'NONE', ( #1897, #1383, #5577, #2966 ) ) ;
#1422 = EDGE_CURVE ( 'NONE', #1632, #43, #528, .T. ) ;
#1423 = AXIS2_PLACEMENT_3D ( 'NONE', #5606, #1381, #3048 ) ;
#1424 = DIRECTION ( 'NONE',  ( -0.000000000000000000, -1.000000000000000000, 0.000000000000000000 ) ) ;
#1425 = CARTESIAN_POINT ( 'NONE',  ( 67.20000000000000284, 10.00000000000000178, -62.15000000000001279 ) ) ;
#1426 = DIRECTION ( 'NONE',  ( 0.000000000000000000, 0.000000000000000000, -1.000000000000000000 ) ) ;
#1427 = ORIENTED_EDGE ( 'NONE', *, *, #4194, .F. ) ;
#1428 = AXIS2_PLACEMENT_3D ( 'NONE', #1608, #5086, #2429 ) ;
#1429 = CIRCLE ( 'NONE', #5313, 1.249999999999994227 ) ;
#1430 = DIRECTION ( 'NONE',  ( 0.000000000000000000, 0.000000000000000000, -1.000000000000000000 ) ) ;
#1431 = DIRECTION ( 'NONE',  ( -0.000000000000000000, -1.000000000000000000, -0.000000000000000000 ) ) ;
#1432 = DIRECTION ( 'NONE',  ( 0.000000000000000000, 0.000000000000000000, 1.000000000000000000 ) ) ;
#1433 = DIRECTION ( 'NONE',  ( 0.000000000000000000, 0.000000000000000000, -1.000000000000000000 ) ) ;
#1434 = CYLINDRICAL_SURFACE ( 'NONE', #3413, 3.000000000000002665 ) ;
#1435 = AXIS2_PLACEMENT_3D ( 'NONE', #4249, #5124, #2882 ) ;
#1436 = ORIENTED_EDGE ( 'NONE', *, *, #1337, .T. ) ;
#1437 = CIRCLE ( 'NONE', #4868, 1.600000000000000755 ) ;
#1438 = CARTESIAN_POINT ( 'NONE',  ( 58.35000000000001563, 6.800000000000000711, 0.000000000000000000 ) ) ;
#1439 = LINE ( 'NONE', #3590, #2926 ) ;
#1440 = CARTESIAN_POINT ( 'NONE',  ( 62.22500000000000853, 12.00000000000000000, -51.45000000000000995 ) ) ;
#1441 = DIRECTION ( 'NONE',  ( 0.000000000000000000, 1.000000000000000000, -0.000000000000000000 ) ) ;
#1442 = ORIENTED_EDGE ( 'NONE', *, *, #5540, .T. ) ;
#1443 = ADVANCED_FACE ( 'NONE', ( #5066 ), #2093, .F. ) ;
#1444 = ORIENTED_EDGE ( 'NONE', *, *, #4624, .F. ) ;
#1445 = FACE_BOUND ( 'NONE', #3564, .T. ) ;
#1446 = DIRECTION ( 'NONE',  ( -0.000000000000000000, -1.000000000000000000, -0.000000000000000000 ) ) ;
#1447 = ORIENTED_EDGE ( 'NONE', *, *, #3042, .T. ) ;
#1448 = EDGE_CURVE ( 'NONE', #5320, #1531, #5464, .T. ) ;
#1449 = ORIENTED_EDGE ( 'NONE', *, *, #3622, .F. ) ;
#1450 = EDGE_CURVE ( 'NONE', #1591, #318, #1253, .T. ) ;
#1451 = CARTESIAN_POINT ( 'NONE',  ( 62.22500000000000853, 7.000000000000000000, -58.30000000000001137 ) ) ;
#1452 = DIRECTION ( 'NONE',  ( 0.000000000000000000, -1.000000000000000000, 0.000000000000000000 ) ) ;
#1453 = ADVANCED_FACE ( 'NONE', ( #2482 ), #3824, .F. ) ;
#1454 = DIRECTION ( 'NONE',  ( 0.000000000000000000, 0.000000000000000000, -1.000000000000000000 ) ) ;
#1455 = VERTEX_POINT ( 'NONE', #4701 ) ;
#1456 = CARTESIAN_POINT ( 'NONE',  ( 57.10936900043424203, 3.864593113393700374, -42.75960285502685565 ) ) ;
#1457 = CARTESIAN_POINT ( 'NONE',  ( 4.000000000000000000, 1.999999999999994893, -62.14999999999999858 ) ) ;
#1458 = DIRECTION ( 'NONE',  ( -1.160904811839163983E-16, 0.000000000000000000, -1.000000000000000000 ) ) ;
#1459 = LINE ( 'NONE', #1059, #5287 ) ;
#1460 = DIRECTION ( 'NONE',  ( 0.000000000000000000, 0.000000000000000000, 1.000000000000000000 ) ) ;
#1461 = ORIENTED_EDGE ( 'NONE', *, *, #440, .F. ) ;
#1462 = DIRECTION ( 'NONE',  ( -0.000000000000000000, 1.000000000000000000, -0.000000000000000000 ) ) ;
#1463 = VECTOR ( 'NONE', #4988, 1000.000000000000000 ) ;
#1464 = DIRECTION ( 'NONE',  ( -0.000000000000000000, 1.000000000000000000, -0.000000000000000000 ) ) ;
#1465 = DIRECTION ( 'NONE',  ( -0.000000000000000000, -1.000000000000000000, -0.000000000000000000 ) ) ;
#1466 = AXIS2_PLACEMENT_3D ( 'NONE', #4626, #4153, #2414 ) ;
#1467 = FACE_OUTER_BOUND ( 'NONE', #5266, .T. ) ;
#1468 = VERTEX_POINT ( 'NONE', #760 ) ;
#1469 = ORIENTED_EDGE ( 'NONE', *, *, #5182, .T. ) ;
#1470 = CYLINDRICAL_SURFACE ( 'NONE', #2234, 1.600000000000000755 ) ;
#1471 = EDGE_CURVE ( 'NONE', #400, #3569, #3875, .T. ) ;
#1472 = CARTESIAN_POINT ( 'NONE',  ( 4.850000000000009415, 0.7999999999999999334, -6.600000000000004974 ) ) ;
#1473 = ORIENTED_EDGE ( 'NONE', *, *, #3919, .T. ) ;
#1474 = EDGE_LOOP ( 'NONE', ( #1819, #633, #294, #2736 ) ) ;
#1475 = EDGE_CURVE ( 'NONE', #5223, #43, #3392, .T. ) ;
#1476 = CARTESIAN_POINT ( 'NONE',  ( 58.35000000000001563, 6.800000000000000711, -67.00000000000000000 ) ) ;
#1477 = CARTESIAN_POINT ( 'NONE',  ( 42.20000000000000284, 7.000000000000000000, -57.20000000000000284 ) ) ;
#1478 = LINE ( 'NONE', #1024, #3150 ) ;
#1479 = ORIENTED_EDGE ( 'NONE', *, *, #4537, .F. ) ;
#1480 = CARTESIAN_POINT ( 'NONE',  ( 4.850000000000009415, 0.8000000000000000444, -10.00000000000000888 ) ) ;
#1481 = DIRECTION ( 'NONE',  ( 0.000000000000000000, 1.000000000000000000, 0.000000000000000000 ) ) ;
#1483 = CIRCLE ( 'NONE', #1581, 1.600000000000000755 ) ;
#1482 = CARTESIAN_POINT ( 'NONE',  ( 64.19999999999998863, 6.999999999999999112, -52.12000000000000455 ) ) ;
#1484 = DIRECTION ( 'NONE',  ( -0.000000000000000000, -1.000000000000000000, -0.000000000000000000 ) ) ;
#1485 = CYLINDRICAL_SURFACE ( 'NONE', #4055, 2.867146923069812559 ) ;
#1486 = EDGE_CURVE ( 'NONE', #1975, #903, #3468, .T. ) ;
#1487 = EDGE_LOOP ( 'NONE', ( #5462, #433, #5447, #2188 ) ) ;
#1488 = VECTOR ( 'NONE', #2944, 1000.000000000000000 ) ;
#1489 = EDGE_LOOP ( 'NONE', ( #2177, #841, #1158, #3789 ) ) ;
#1490 = DIRECTION ( 'NONE',  ( -0.000000000000000000, 0.000000000000000000, -1.000000000000000000 ) ) ;
#1491 = DIRECTION ( 'NONE',  ( 0.000000000000000000, 0.000000000000000000, -1.000000000000000000 ) ) ;
#1492 = DIRECTION ( 'NONE',  ( -0.000000000000000000, 1.000000000000000000, -0.000000000000000000 ) ) ;
#1493 = FACE_BOUND ( 'NONE', #1041, .T. ) ;
#1494 = ORIENTED_EDGE ( 'NONE', *, *, #140, .T. ) ;
#1495 = VERTEX_POINT ( 'NONE', #3902 ) ;
#1496 = LINE ( 'NONE', #2319, #62 ) ;
#1497 = VECTOR ( 'NONE', #347, 1000.000000000000000 ) ;
#1498 = FACE_BOUND ( 'NONE', #3809, .T. ) ;
#1499 = ORIENTED_EDGE ( 'NONE', *, *, #2712, .F. ) ;
#1500 = EDGE_LOOP ( 'NONE', ( #1078, #4834, #5214, #534 ) ) ;
#1501 = VECTOR ( 'NONE', #3451, 1000.000000000000000 ) ;
#1502 = EDGE_CURVE ( 'NONE', #2539, #1788, #2608, .T. ) ;
#1503 = AXIS2_PLACEMENT_3D ( 'NONE', #646, #2312, #4050 ) ;
#1504 = CIRCLE ( 'NONE', #2949, 3.000000000000000000 ) ;
#1505 = DIRECTION ( 'NONE',  ( -1.000000000000000000, 0.000000000000000000, 0.000000000000000000 ) ) ;
#1506 = VECTOR ( 'NONE', #4898, 1000.000000000000000 ) ;
#1507 = CARTESIAN_POINT ( 'NONE',  ( 63.35000000000000142, 8.500000000000000000, -70.50000000000000000 ) ) ;
#1508 = CARTESIAN_POINT ( 'NONE',  ( 61.72500000000000853, 6.000000000000000000, -59.00000000000000711 ) ) ;
#1509 = VECTOR ( 'NONE', #156, 1000.000000000000000 ) ;
#1510 = EDGE_LOOP ( 'NONE', ( #2958, #1427, #3681, #2441 ) ) ;
#1511 = EDGE_CURVE ( 'NONE', #1723, #2289, #1429, .T. ) ;
#1512 = VERTEX_POINT ( 'NONE', #4822 ) ;
#1513 = EDGE_CURVE ( 'NONE', #1594, #4320, #4506, .T. ) ;
#1514 = DIRECTION ( 'NONE',  ( -0.000000000000000000, -1.000000000000000000, -0.000000000000000000 ) ) ;
#1515 = CARTESIAN_POINT ( 'NONE',  ( 63.50000000000001421, 8.500000000000000000, -58.50132363247075773 ) ) ;
#1516 = AXIS2_PLACEMENT_3D ( 'NONE', #1401, #2331, #1850 ) ;
#1517 = DIRECTION ( 'NONE',  ( 0.000000000000000000, 0.000000000000000000, 1.000000000000000000 ) ) ;
#1518 = PLANE ( 'NONE',  #2839 ) ;
#1519 = LINE ( 'NONE', #1033, #5497 ) ;
#1520 = ORIENTED_EDGE ( 'NONE', *, *, #1644, .T. ) ;
#1521 = EDGE_CURVE ( 'NONE', #4159, #4579, #615, .T. ) ;
#1522 = EDGE_CURVE ( 'NONE', #1390, #2109, #5251, .T. ) ;
#1523 = ORIENTED_EDGE ( 'NONE', *, *, #268, .T. ) ;
#1524 = CARTESIAN_POINT ( 'NONE',  ( 6.000000000000005329, 2.000000000000000000, -37.53589838486223584 ) ) ;
#1525 = CARTESIAN_POINT ( 'NONE',  ( 52.69999999999999574, 6.999999999999999112, -30.00000000000000000 ) ) ;
#1526 = CYLINDRICAL_SURFACE ( 'NONE', #3614, 0.6999999999999992895 ) ;
#1527 = CIRCLE ( 'NONE', #3331, 5.000000000000004441 ) ;
#1528 = CARTESIAN_POINT ( 'NONE',  ( 58.35000000000001563, 6.800000000000000711, -72.00000000000000000 ) ) ;
#1529 = ORIENTED_EDGE ( 'NONE', *, *, #1937, .F. ) ;
#1530 = ADVANCED_FACE ( 'NONE', ( #76 ), #948, .F. ) ;
#1531 = VERTEX_POINT ( 'NONE', #5194 ) ;
#1532 = AXIS2_PLACEMENT_3D ( 'NONE', #856, #2583, #1316 ) ;
#1533 = DIRECTION ( 'NONE',  ( 0.000000000000000000, 0.000000000000000000, -1.000000000000000000 ) ) ;
#1534 = CARTESIAN_POINT ( 'NONE',  ( 63.35000000000000142, -5.240185044024122440, -62.15000000000001279 ) ) ;
#1535 = VERTEX_POINT ( 'NONE', #2649 ) ;
#1536 = ORIENTED_EDGE ( 'NONE', *, *, #1359, .T. ) ;
#1537 = DIRECTION ( 'NONE',  ( -0.000000000000000000, -1.000000000000000000, -0.000000000000000000 ) ) ;
#1538 = CARTESIAN_POINT ( 'NONE',  ( 61.72500000000000853, 6.000000000000000000, -54.20000000000000995 ) ) ;
#1539 = CARTESIAN_POINT ( 'NONE',  ( 14.19999999999999751, -60.26556030423240173, -1.999999999999996225 ) ) ;
#1540 = ORIENTED_EDGE ( 'NONE', *, *, #2730, .T. ) ;
#1541 = VECTOR ( 'NONE', #714, 1000.000000000000000 ) ;
#1542 = EDGE_LOOP ( 'NONE', ( #2509, #4086, #3498, #4568 ) ) ;
#1543 = DIRECTION ( 'NONE',  ( -0.000000000000000000, 1.000000000000000000, -0.000000000000000000 ) ) ;
#1544 = ADVANCED_FACE ( 'NONE', ( #3840, #1320, #4352, #1773, #4719, #5570 ), #5601, .T. ) ;
#1545 = LINE ( 'NONE', #3288, #1329 ) ;
#1546 = DIRECTION ( 'NONE',  ( -0.000000000000000000, -1.000000000000000000, 0.000000000000000000 ) ) ;
#1547 = CYLINDRICAL_SURFACE ( 'NONE', #4312, 4.000000000000003553 ) ;
#1548 = CARTESIAN_POINT ( 'NONE',  ( 6.867146923069818776, 4.000000000000000000, -12.44212546069614689 ) ) ;
#1549 = ORIENTED_EDGE ( 'NONE', *, *, #3341, .F. ) ;
#1550 = ORIENTED_EDGE ( 'NONE', *, *, #2921, .T. ) ;
#1551 = EDGE_CURVE ( 'NONE', #5249, #4505, #3414, .T. ) ;
#1552 = DIRECTION ( 'NONE',  ( 0.000000000000000000, 0.000000000000000000, 1.000000000000000000 ) ) ;
#1553 = CARTESIAN_POINT ( 'NONE',  ( 4.000000000000000000, -1.402220585023716934E-15, -22.00000000000000000 ) ) ;
#1554 = DIRECTION ( 'NONE',  ( -1.000000000000000000, 0.000000000000000000, 0.000000000000000000 ) ) ;
#1555 = CARTESIAN_POINT ( 'NONE',  ( 66.84999999999999432, 12.00000000000000000, -60.55623611104253712 ) ) ;
#1556 = ORIENTED_EDGE ( 'NONE', *, *, #3674, .T. ) ;
#1557 = ADVANCED_FACE ( 'NONE', ( #1268 ), #4774, .F. ) ;
#1558 = ORIENTED_EDGE ( 'NONE', *, *, #2413, .F. ) ;
#1559 = CARTESIAN_POINT ( 'NONE',  ( 8.000000000000003553, 7.000000000000000000, -47.92820323027550700 ) ) ;
#1560 = CARTESIAN_POINT ( 'NONE',  ( 42.20000000000000284, 2.000000000000001776, -57.20000000000000284 ) ) ;
#1561 = EDGE_CURVE ( 'NONE', #3461, #1385, #5134, .T. ) ;
#1562 = ORIENTED_EDGE ( 'NONE', *, *, #277, .T. ) ;
#1563 = LINE ( 'NONE', #4565, #2291 ) ;
#1564 = LINE ( 'NONE', #5472, #1541 ) ;
#1565 = ORIENTED_EDGE ( 'NONE', *, *, #4276, .F. ) ;
#1566 = ORIENTED_EDGE ( 'NONE', *, *, #1511, .T. ) ;
#1567 = AXIS2_PLACEMENT_3D ( 'NONE', #5502, #3343, #2913 ) ;
#1568 = LINE ( 'NONE', #805, #739 ) ;
#1569 = DIRECTION ( 'NONE',  ( 0.000000000000000000, 0.000000000000000000, 1.000000000000000000 ) ) ;
#1570 = CARTESIAN_POINT ( 'NONE',  ( 58.19999999999999574, 9.255000000000007887, -47.62000000000000455 ) ) ;
#1571 = FACE_OUTER_BOUND ( 'NONE', #672, .T. ) ;
#1572 = VERTEX_POINT ( 'NONE', #4326 ) ;
#1573 = EDGE_CURVE ( 'NONE', #542, #2679, #3014, .T. ) ;
#1574 = ORIENTED_EDGE ( 'NONE', *, *, #2825, .T. ) ;
#1575 = PLANE ( 'NONE',  #404 ) ;
#1576 = DIRECTION ( 'NONE',  ( -0.000000000000000000, -1.000000000000000000, -0.000000000000000000 ) ) ;
#1577 = DIRECTION ( 'NONE',  ( -0.000000000000000000, -1.000000000000000000, -0.000000000000000000 ) ) ;
#1578 = CARTESIAN_POINT ( 'NONE',  ( 11.95000000000000995, 10.00000000000000000, -12.00000000000000355 ) ) ;
#1579 = ORIENTED_EDGE ( 'NONE', *, *, #4588, .F. ) ;
#1580 = EDGE_LOOP ( 'NONE', ( #4807, #2222 ) ) ;
#1581 = AXIS2_PLACEMENT_3D ( 'NONE', #360, #727, #4637 ) ;
#1582 = CARTESIAN_POINT ( 'NONE',  ( 63.35000000000000142, 12.00000000000000000, -67.00000000000000000 ) ) ;
#1583 = DIRECTION ( 'NONE',  ( -1.000000000000000000, 0.000000000000000000, 0.000000000000000000 ) ) ;
#1584 = CARTESIAN_POINT ( 'NONE',  ( 58.50000000000000711, 8.500000000000000000, -70.50000000000000000 ) ) ;
#1585 = ORIENTED_EDGE ( 'NONE', *, *, #2071, .F. ) ;
#1586 = EDGE_CURVE ( 'NONE', #256, #5609, #3074, .T. ) ;
#1587 = ADVANCED_FACE ( 'NONE', ( #3962, #924 ), #444, .T. ) ;
#1588 = DIRECTION ( 'NONE',  ( 0.000000000000000000, 1.000000000000000000, 0.000000000000000000 ) ) ;
#1589 = CARTESIAN_POINT ( 'NONE',  ( 62.22500000000000853, 12.00000000000000000, -59.00000000000000711 ) ) ;
#1590 = VECTOR ( 'NONE', #4951, 1000.000000000000000 ) ;
#1591 = VERTEX_POINT ( 'NONE', #499 ) ;
#1592 = AXIS2_PLACEMENT_3D ( 'NONE', #3877, #5253, #1355 ) ;
#1593 = EDGE_CURVE ( 'NONE', #2235, #5347, #2226, .T. ) ;
#1594 = VERTEX_POINT ( 'NONE', #1938 ) ;
#1595 = CIRCLE ( 'NONE', #600, 3.649999999999996803 ) ;
#1596 = AXIS2_PLACEMENT_3D ( 'NONE', #461, #994, #3144 ) ;
#1597 = CARTESIAN_POINT ( 'NONE',  ( 47.35000000000002274, 0.000000000000000000, -47.94820120606764391 ) ) ;
#1598 = AXIS2_PLACEMENT_3D ( 'NONE', #4074, #2281, #4128 ) ;
#1599 = FACE_OUTER_BOUND ( 'NONE', #1487, .T. ) ;
#1600 = DIRECTION ( 'NONE',  ( 0.000000000000000000, 1.000000000000000000, -0.000000000000000000 ) ) ;
#1601 = LINE ( 'NONE', #3814, #4321 ) ;
#1602 = ORIENTED_EDGE ( 'NONE', *, *, #1725, .F. ) ;
#1603 = CIRCLE ( 'NONE', #605, 5.000000000000004441 ) ;
#1604 = ORIENTED_EDGE ( 'NONE', *, *, #1244, .T. ) ;
#1605 = PLANE ( 'NONE',  #1657 ) ;
#1606 = CYLINDRICAL_SURFACE ( 'NONE', #945, 4.999999999999990230 ) ;
#1607 = CARTESIAN_POINT ( 'NONE',  ( 55.19999999999998863, 12.00000000000000000, -18.77502783967818090 ) ) ;
#1608 = CARTESIAN_POINT ( 'NONE',  ( 0.000000000000000000, 0.8000000000000000444, -61.99999999999998579 ) ) ;
#1609 = ORIENTED_EDGE ( 'NONE', *, *, #2755, .F. ) ;
#1610 = ORIENTED_EDGE ( 'NONE', *, *, #268, .F. ) ;
#1611 = AXIS2_PLACEMENT_3D ( 'NONE', #5517, #4189, #4664 ) ;
#1612 = AXIS2_PLACEMENT_3D ( 'NONE', #1800, #3438, #895 ) ;
#1613 = VECTOR ( 'NONE', #2456, 1000.000000000000000 ) ;
#1614 = CARTESIAN_POINT ( 'NONE',  ( 68.20000000000000284, 12.00000000000000000, 0.000000000000000000 ) ) ;
#1615 = CYLINDRICAL_SURFACE ( 'NONE', #80, 1.600000000000004974 ) ;
#1616 = EDGE_CURVE ( 'NONE', #5159, #5492, #1885, .T. ) ;
#1617 = LINE ( 'NONE', #1192, #3034 ) ;
#1618 = VERTEX_POINT ( 'NONE', #3639 ) ;
#1619 = VECTOR ( 'NONE', #4419, 1000.000000000000000 ) ;
#1620 = CARTESIAN_POINT ( 'NONE',  ( 45.20000000000000284, -19.16034026191451645, -57.20000000000000284 ) ) ;
#1621 = EDGE_CURVE ( 'NONE', #4959, #1591, #2726, .T. ) ;
#1622 = FACE_OUTER_BOUND ( 'NONE', #2424, .T. ) ;
#1623 = ORIENTED_EDGE ( 'NONE', *, *, #5222, .F. ) ;
#1624 = ORIENTED_EDGE ( 'NONE', *, *, #3909, .F. ) ;
#1625 = EDGE_CURVE ( 'NONE', #2812, #4182, #4963, .T. ) ;
#1626 = CARTESIAN_POINT ( 'NONE',  ( 63.35000000000000142, 12.00000000000000000, -70.50000000000000000 ) ) ;
#1627 = DIRECTION ( 'NONE',  ( -1.000000000000000000, 0.000000000000000000, 0.000000000000000000 ) ) ;
#1628 = VECTOR ( 'NONE', #397, 1000.000000000000000 ) ;
#1629 = FACE_OUTER_BOUND ( 'NONE', #2599, .T. ) ;
#1630 = VECTOR ( 'NONE', #2743, 1000.000000000000000 ) ;
#1631 = DIRECTION ( 'NONE',  ( 0.000000000000000000, 0.000000000000000000, -1.000000000000000000 ) ) ;
#1632 = VERTEX_POINT ( 'NONE', #979 ) ;
#1633 = ORIENTED_EDGE ( 'NONE', *, *, #5476, .F. ) ;
#1634 = CARTESIAN_POINT ( 'NONE',  ( 45.20000000000000284, -60.26556030423240173, -2.000000000000000000 ) ) ;
#1635 = CARTESIAN_POINT ( 'NONE',  ( 12.29127005288748009, 1.999999999999994893, -67.49999999999998579 ) ) ;
#1636 = FACE_OUTER_BOUND ( 'NONE', #3242, .T. ) ;
#1637 = CARTESIAN_POINT ( 'NONE',  ( 4.850000000000002309, 2.000000000000000000, -65.40000000000000568 ) ) ;
#1638 = ORIENTED_EDGE ( 'NONE', *, *, #4090, .T. ) ;
#1639 = ORIENTED_EDGE ( 'NONE', *, *, #3348, .F. ) ;
#1640 = DIRECTION ( 'NONE',  ( -0.000000000000000000, 1.000000000000000000, -0.000000000000000000 ) ) ;
#1641 = FACE_OUTER_BOUND ( 'NONE', #2790, .T. ) ;
#1642 = CARTESIAN_POINT ( 'NONE',  ( 6.000000000000002665, 7.000000000000000000, -18.53589838486224650 ) ) ;
#1643 = EDGE_LOOP ( 'NONE', ( #2377, #5280 ) ) ;
#1644 = EDGE_CURVE ( 'NONE', #3593, #1966, #608, .T. ) ;
#1645 = CARTESIAN_POINT ( 'NONE',  ( 61.72500000000000853, 12.00000000000000000, -53.50000000000000711 ) ) ;
#1646 = LINE ( 'NONE', #2, #1084 ) ;
#1647 = DIRECTION ( 'NONE',  ( 0.000000000000000000, 0.000000000000000000, 1.000000000000000000 ) ) ;
#1648 = VERTEX_POINT ( 'NONE', #4457 ) ;
#1649 = VERTEX_POINT ( 'NONE', #2332 ) ;
#1650 = ADVANCED_FACE ( 'NONE', ( #4485 ), #1089, .T. ) ;
#1651 = LINE ( 'NONE', #2893, #741 ) ;
#1652 = DIRECTION ( 'NONE',  ( 1.000000000000000000, -0.000000000000000000, 0.000000000000000000 ) ) ;
#1653 = LINE ( 'NONE', #1117, #2126 ) ;
#1654 = CARTESIAN_POINT ( 'NONE',  ( 6.178343949044589500, 1.999999999999994893, -62.33545261005565408 ) ) ;
#1655 = ORIENTED_EDGE ( 'NONE', *, *, #2111, .F. ) ;
#1656 = ORIENTED_EDGE ( 'NONE', *, *, #577, .T. ) ;
#1657 = AXIS2_PLACEMENT_3D ( 'NONE', #1658, #4239, #4720 ) ;
#1658 = CARTESIAN_POINT ( 'NONE',  ( 0.000000000000000000, 12.00000000000000000, 0.000000000000000000 ) ) ;
#1659 = EDGE_CURVE ( 'NONE', #2923, #4076, #962, .T. ) ;
#1660 = LINE ( 'NONE', #3385, #585 ) ;
#1661 = LINE ( 'NONE', #813, #1686 ) ;
#1662 = CYLINDRICAL_SURFACE ( 'NONE', #1794, 8.499999999999992895 ) ;
#1663 = EDGE_LOOP ( 'NONE', ( #399, #5239, #65, #2351 ) ) ;
#1664 = EDGE_LOOP ( 'NONE', ( #1656, #666, #5055, #5021 ) ) ;
#1665 = EDGE_CURVE ( 'NONE', #191, #5310, #2302, .T. ) ;
#1666 = VERTEX_POINT ( 'NONE', #3238 ) ;
#1667 = CARTESIAN_POINT ( 'NONE',  ( 63.19999999999999574, 6.800000000000000711, -5.000000000000000000 ) ) ;
#1668 = CARTESIAN_POINT ( 'NONE',  ( 58.35000000000001563, 6.800000000000000711, -4.999999999999990230 ) ) ;
#1669 = CARTESIAN_POINT ( 'NONE',  ( 63.35000000000001563, 2.000000000000000000, -3.399999999999999467 ) ) ;
#1670 = VECTOR ( 'NONE', #3136, 1000.000000000000000 ) ;
#1671 = ORIENTED_EDGE ( 'NONE', *, *, #1931, .F. ) ;
#1672 = CIRCLE ( 'NONE', #5562, 3.000000000000000000 ) ;
#1673 = CARTESIAN_POINT ( 'NONE',  ( 17.19999999999999574, 12.00000000000000000, -2.000000000000000000 ) ) ;
#1674 = CARTESIAN_POINT ( 'NONE',  ( 61.72500000000000853, 6.000000000000000000, -55.55000000000000426 ) ) ;
#1675 = ORIENTED_EDGE ( 'NONE', *, *, #3391, .F. ) ;
#1676 = ORIENTED_EDGE ( 'NONE', *, *, #3111, .T. ) ;
#1677 = LINE ( 'NONE', #3406, #635 ) ;
#1678 = AXIS2_PLACEMENT_3D ( 'NONE', #4674, #2239, #2210 ) ;
#1679 = DIRECTION ( 'NONE',  ( 0.000000000000000000, 0.000000000000000000, 1.000000000000000000 ) ) ;
#1680 = DIRECTION ( 'NONE',  ( -0.000000000000000000, -1.000000000000000000, -0.000000000000000000 ) ) ;
#1681 = EDGE_CURVE ( 'NONE', #5552, #4113, #1683, .T. ) ;
#1682 = APPLICATION_PROTOCOL_DEFINITION ( 'draft international standard', 'automotive_design', 1998, #4183 ) ;
#1683 = CIRCLE ( 'NONE', #1781, 5.000000000000002665 ) ;
#1684 = ORIENTED_EDGE ( 'NONE', *, *, #2447, .F. ) ;
#1685 = VECTOR ( 'NONE', #677, 1000.000000000000000 ) ;
#1686 = VECTOR ( 'NONE', #5516, 1000.000000000000000 ) ;
#1687 = VERTEX_POINT ( 'NONE', #2703 ) ;
#1688 = DIRECTION ( 'NONE',  ( 0.000000000000000000, -0.000000000000000000, 1.000000000000000000 ) ) ;
#1689 = DIRECTION ( 'NONE',  ( 0.000000000000000000, 0.000000000000000000, 1.000000000000000000 ) ) ;
#1690 = AXIS2_PLACEMENT_3D ( 'NONE', #2914, #4566, #2888 ) ;
#1691 = DIRECTION ( 'NONE',  ( -0.000000000000000000, -1.000000000000000000, -0.000000000000000000 ) ) ;
#1692 = FACE_OUTER_BOUND ( 'NONE', #1275, .T. ) ;
#1693 = EDGE_CURVE ( 'NONE', #1772, #5437, #4760, .T. ) ;
#1694 = CARTESIAN_POINT ( 'NONE',  ( 63.35000000000001563, 6.800000000000000711, -5.000000000000004441 ) ) ;
#1695 = ORIENTED_EDGE ( 'NONE', *, *, #163, .F. ) ;
#1696 = ORIENTED_EDGE ( 'NONE', *, *, #106, .T. ) ;
#1697 = EDGE_CURVE ( 'NONE', #3921, #3600, #5484, .T. ) ;
#1698 = CARTESIAN_POINT ( 'NONE',  ( 58.19999999999999574, 8.254999999999999005, -42.40967364599084988 ) ) ;
#1699 = CARTESIAN_POINT ( 'NONE',  ( 50.31347356024124196, 6.000000000000000000, -34.04742775896658458 ) ) ;
#1700 = LINE ( 'NONE', #2973, #3765 ) ;
#1701 = AXIS2_PLACEMENT_3D ( 'NONE', #1179, #299, #2107 ) ;
#1702 = AXIS2_PLACEMENT_3D ( 'NONE', #472, #5165, #3929 ) ;
#1703 = ORIENTED_EDGE ( 'NONE', *, *, #3741, .T. ) ;
#1704 = FACE_OUTER_BOUND ( 'NONE', #429, .T. ) ;
#1705 = CARTESIAN_POINT ( 'NONE',  ( 4.850000000000009415, 2.000000000000000000, -6.600000000000004974 ) ) ;
#1706 = VERTEX_POINT ( 'NONE', #101 ) ;
#1707 = ORIENTED_EDGE ( 'NONE', *, *, #2330, .F. ) ;
#1708 = VECTOR ( 'NONE', #2669, 1000.000000000000000 ) ;
#1709 = CARTESIAN_POINT ( 'NONE',  ( 59.50000000000001421, 7.000000000000000000, -59.19615479394934709 ) ) ;
#1710 = CARTESIAN_POINT ( 'NONE',  ( 6.178343949044588612, 8.500000000000000000, -62.33545261005565408 ) ) ;
#1711 = EDGE_CURVE ( 'NONE', #4244, #459, #1827, .T. ) ;
#1712 = CARTESIAN_POINT ( 'NONE',  ( 49.50000000000000711, 7.000000000000000000, -39.75000000000000000 ) ) ;
#1713 = FACE_OUTER_BOUND ( 'NONE', #1010, .T. ) ;
#1714 = ORIENTED_EDGE ( 'NONE', *, *, #4926, .F. ) ;
#1715 = EDGE_CURVE ( 'NONE', #139, #1129, #2778, .T. ) ;
#1716 = CARTESIAN_POINT ( 'NONE',  ( 41.19999999999999574, 6.999999999999999112, -64.49999999999998579 ) ) ;
#1717 = DIRECTION ( 'NONE',  ( -0.000000000000000000, 1.000000000000000000, -0.000000000000000000 ) ) ;
#1718 = CARTESIAN_POINT ( 'NONE',  ( 4.000000000000002665, 0.000000000000000000, -40.99999999999999289 ) ) ;
#1719 = DIRECTION ( 'NONE',  ( 0.000000000000000000, -1.000000000000000000, 0.000000000000000000 ) ) ;
#1720 = CARTESIAN_POINT ( 'NONE',  ( 53.50000000000001421, 8.500000000000000000, -65.50000000000000000 ) ) ;
#1721 = PLANE ( 'NONE',  #3052 ) ;
#1722 = ORIENTED_EDGE ( 'NONE', *, *, #2372, .F. ) ;
#1723 = VERTEX_POINT ( 'NONE', #2750 ) ;
#1724 = ORIENTED_EDGE ( 'NONE', *, *, #1475, .F. ) ;
#1725 = EDGE_CURVE ( 'NONE', #2430, #1903, #3768, .T. ) ;
#1726 = EDGE_LOOP ( 'NONE', ( #1994, #657, #3020, #48, #1976, #833, #165 ) ) ;
#1727 = CARTESIAN_POINT ( 'NONE',  ( 40.35000000000002984, 6.000000000000000000, -64.99999999999998579 ) ) ;
#1728 = ORIENTED_EDGE ( 'NONE', *, *, #413, .T. ) ;
#1729 = ORIENTED_EDGE ( 'NONE', *, *, #4632, .T. ) ;
#1730 = DIRECTION ( 'NONE',  ( -0.000000000000000000, -1.000000000000000000, -0.000000000000000000 ) ) ;
#1731 = EDGE_CURVE ( 'NONE', #4782, #4970, #4578, .T. ) ;
#1732 = CARTESIAN_POINT ( 'NONE',  ( 0.000000000000000000, 12.00000000000000000, 0.000000000000000000 ) ) ;
#1733 = EDGE_LOOP ( 'NONE', ( #4002, #1988, #25, #4469, #4287, #2051, #4396, #2357, #463, #5164, #5215, #1865, #2556, #3933 ) ) ;
#1734 = ORIENTED_EDGE ( 'NONE', *, *, #4937, .F. ) ;
#1735 = AXIS2_PLACEMENT_3D ( 'NONE', #1331, #5282, #1362 ) ;
#1736 = FACE_OUTER_BOUND ( 'NONE', #2412, .T. ) ;
#1737 = LINE ( 'NONE', #466, #154 ) ;
#1738 = CARTESIAN_POINT ( 'NONE',  ( 41.19999999999999574, 6.999999999999999112, -60.00000000000000000 ) ) ;
#1739 = CYLINDRICAL_SURFACE ( 'NONE', #344, 3.000000000000002665 ) ;
#1740 = ORIENTED_EDGE ( 'NONE', *, *, #2688, .F. ) ;
#1741 = EDGE_LOOP ( 'NONE', ( #2648, #4743, #561, #3235, #4343, #341, #4549, #357, #3999, #1754 ) ) ;
#1742 = DIRECTION ( 'NONE',  ( 0.000000000000000000, 1.000000000000000000, -0.000000000000000000 ) ) ;
#1743 = DIRECTION ( 'NONE',  ( -1.000000000000000000, -0.000000000000000000, -0.000000000000000000 ) ) ;
#1744 = DIRECTION ( 'NONE',  ( 0.000000000000000000, 1.000000000000000000, 0.000000000000000000 ) ) ;
#1745 = DIRECTION ( 'NONE',  ( 0.000000000000000000, 0.000000000000000000, -1.000000000000000000 ) ) ;
#1746 = ORIENTED_EDGE ( 'NONE', *, *, #755, .F. ) ;
#1747 = EDGE_CURVE ( 'NONE', #4785, #2609, #4844, .T. ) ;
#1748 = ORIENTED_EDGE ( 'NONE', *, *, #3300, .T. ) ;
#1749 = ORIENTED_EDGE ( 'NONE', *, *, #3448, .F. ) ;
#1750 = ORIENTED_EDGE ( 'NONE', *, *, #5156, .F. ) ;
#1751 = DIRECTION ( 'NONE',  ( 0.000000000000000000, -1.000000000000000000, 0.000000000000000000 ) ) ;
#1752 = DIRECTION ( 'NONE',  ( 0.000000000000000000, 0.000000000000000000, 1.000000000000000000 ) ) ;
#1753 = CARTESIAN_POINT ( 'NONE',  ( 9.850000000000015632, 0.000000000000000000, -66.99999999999998579 ) ) ;
#1754 = ORIENTED_EDGE ( 'NONE', *, *, #4711, .F. ) ;
#1755 = EDGE_CURVE ( 'NONE', #2590, #1966, #4009, .T. ) ;
#1756 = ORIENTED_EDGE ( 'NONE', *, *, #1168, .F. ) ;
#1757 = EDGE_CURVE ( 'NONE', #2015, #3053, #3157, .T. ) ;
#1758 = VECTOR ( 'NONE', #1211, 1000.000000000000000 ) ;
#1759 = DIRECTION ( 'NONE',  ( 1.000000000000000000, 0.000000000000000000, 0.000000000000000000 ) ) ;
#1760 = PLANE ( 'NONE',  #2945 ) ;
#1761 = EDGE_CURVE ( 'NONE', #2430, #237, #4038, .T. ) ;
#1762 = VERTEX_POINT ( 'NONE', #3350 ) ;
#1763 = EDGE_LOOP ( 'NONE', ( #375, #3388, #3019, #1779 ) ) ;
#1764 = VECTOR ( 'NONE', #3239, 1000.000000000000000 ) ;
#1765 = EDGE_CURVE ( 'NONE', #3154, #3629, #5535, .T. ) ;
#1766 = LINE ( 'NONE', #491, #5065 ) ;
#1767 = LINE ( 'NONE', #2617, #694 ) ;
#1768 = EDGE_CURVE ( 'NONE', #992, #2532, #5076, .T. ) ;
#1769 = DIRECTION ( 'NONE',  ( 0.000000000000000000, -1.000000000000000000, 0.000000000000000000 ) ) ;
#1770 = ORIENTED_EDGE ( 'NONE', *, *, #4994, .T. ) ;
#1771 = VECTOR ( 'NONE', #4451, 1000.000000000000000 ) ;
#1772 = VERTEX_POINT ( 'NONE', #773 ) ;
#1773 = FACE_BOUND ( 'NONE', #202, .T. ) ;
#1774 = DIRECTION ( 'NONE',  ( -0.000000000000000000, -1.000000000000000000, -0.000000000000000000 ) ) ;
#1775 = DIRECTION ( 'NONE',  ( -1.160904811839163983E-16, 0.000000000000000000, -1.000000000000000000 ) ) ;
#1776 = CARTESIAN_POINT ( 'NONE',  ( 62.22500000000000853, 6.000000000000000000, -59.00000000000000711 ) ) ;
#1777 = VERTEX_POINT ( 'NONE', #5478 ) ;
#1778 = AXIS2_PLACEMENT_3D ( 'NONE', #311, #5125, #4703 ) ;
#1779 = ORIENTED_EDGE ( 'NONE', *, *, #2213, .F. ) ;
#1780 = EDGE_LOOP ( 'NONE', ( #4314, #301, #4225, #1810, #5490, #3663 ) ) ;
#1781 = AXIS2_PLACEMENT_3D ( 'NONE', #3610, #3184, #3666 ) ;
#1782 = AXIS2_PLACEMENT_3D ( 'NONE', #864, #5602, #3442 ) ;
#1783 = ORIENTED_EDGE ( 'NONE', *, *, #5104, .T. ) ;
#1784 = DIRECTION ( 'NONE',  ( 0.000000000000000000, 0.000000000000000000, -1.000000000000000000 ) ) ;
#1785 = PRESENTATION_STYLE_ASSIGNMENT (( #53 ) ) ;
#1786 = CIRCLE ( 'NONE', #5401, 3.000000000000000000 ) ;
#1787 = CARTESIAN_POINT ( 'NONE',  ( 63.35000000000001563, 8.500000000000000000, -6.600000000000010303 ) ) ;
#1788 = VERTEX_POINT ( 'NONE', #297 ) ;
#1789 = ADVANCED_FACE ( 'NONE', ( #243 ), #720, .F. ) ;
#1790 = CIRCLE ( 'NONE', #3506, 5.000000000000004441 ) ;
#1791 = VECTOR ( 'NONE', #5030, 1000.000000000000000 ) ;
#1792 = CARTESIAN_POINT ( 'NONE',  ( 4.850000000000009415, 8.500000000000000000, -1.500000000000003553 ) ) ;
#1793 = ORIENTED_EDGE ( 'NONE', *, *, #302, .T. ) ;
#1794 = AXIS2_PLACEMENT_3D ( 'NONE', #2477, #3845, #3794 ) ;
#1795 = EDGE_CURVE ( 'NONE', #5347, #471, #1996, .T. ) ;
#1796 = DIRECTION ( 'NONE',  ( -1.000000000000000000, 0.000000000000000000, -1.430699774001492601E-15 ) ) ;
#1797 = AXIS2_PLACEMENT_3D ( 'NONE', #4589, #707, #2434 ) ;
#1798 = PLANE ( 'NONE',  #5128 ) ;
#1799 = DIRECTION ( 'NONE',  ( 1.160904811839163983E-16, 0.000000000000000000, 1.000000000000000000 ) ) ;
#1800 = CARTESIAN_POINT ( 'NONE',  ( 67.20000000000000284, -8.836063273427528841, -62.15000000000001279 ) ) ;
#1801 = ORIENTED_EDGE ( 'NONE', *, *, #1513, .F. ) ;
#1802 = AXIS2_PLACEMENT_3D ( 'NONE', #2220, #4796, #920 ) ;
#1803 = CARTESIAN_POINT ( 'NONE',  ( 49.50000000000000711, -1.402220585023716934E-15, -19.00000000000000000 ) ) ;
#1804 = DIRECTION ( 'NONE',  ( 0.000000000000000000, -1.000000000000000000, 0.000000000000000000 ) ) ;
#1805 = DIRECTION ( 'NONE',  ( -0.000000000000000000, 2.241244801003631869E-16, -1.000000000000000000 ) ) ;
#1806 = PLANE ( 'NONE',  #1592 ) ;
#1807 = CYLINDRICAL_SURFACE ( 'NONE', #3230, 0.7000000000000061728 ) ;
#1808 = EDGE_CURVE ( 'NONE', #3070, #2630, #3306, .T. ) ;
#1809 = ORIENTED_EDGE ( 'NONE', *, *, #326, .T. ) ;
#1810 = ORIENTED_EDGE ( 'NONE', *, *, #2034, .T. ) ;
#1811 = EDGE_LOOP ( 'NONE', ( #3998, #622, #3261, #2175, #50, #4542, #4640 ) ) ;
#1812 = LINE ( 'NONE', #3539, #4997 ) ;
#1813 = CARTESIAN_POINT ( 'NONE',  ( 25.59999999999999432, 7.000000000000000000, -57.20000000000000284 ) ) ;
#1814 = DIRECTION ( 'NONE',  ( 0.000000000000000000, 1.000000000000000000, 0.000000000000000000 ) ) ;
#1815 = ORIENTED_EDGE ( 'NONE', *, *, #3772, .F. ) ;
#1816 = AXIS2_PLACEMENT_3D ( 'NONE', #3806, #2186, #5587 ) ;
#1817 = VERTEX_POINT ( 'NONE', #2894 ) ;
#1818 = CARTESIAN_POINT ( 'NONE',  ( 61.72500000000000853, 12.00000000000000000, -51.45000000000000995 ) ) ;
#1819 = ORIENTED_EDGE ( 'NONE', *, *, #2657, .F. ) ;
#1820 = EDGE_CURVE ( 'NONE', #3644, #3382, #422, .T. ) ;
#1821 = CARTESIAN_POINT ( 'NONE',  ( 61.72500000000000853, 7.000000000000000000, -53.50000000000000711 ) ) ;
#1822 = CARTESIAN_POINT ( 'NONE',  ( 62.22500000000000853, 6.000000000000000000, -56.95000000000000284 ) ) ;
#1823 = CARTESIAN_POINT ( 'NONE',  ( 8.000000000000003553, 2.000000000000000000, -15.07179676972449123 ) ) ;
#1824 = VERTEX_POINT ( 'NONE', #4654 ) ;
#1825 = PRODUCT_RELATED_PRODUCT_CATEGORY ( 'part', '', ( #985 ) ) ;
#1826 = DIRECTION ( 'NONE',  ( -1.000000000000000000, 0.000000000000000000, 7.309240844959787785E-17 ) ) ;
#1827 = LINE ( 'NONE', #3551, #3039 ) ;
#1828 = FACE_BOUND ( 'NONE', #216, .T. ) ;
#1829 = DIRECTION ( 'NONE',  ( 0.000000000000000000, 0.000000000000000000, 1.000000000000000000 ) ) ;
#1830 = DIRECTION ( 'NONE',  ( 1.000000000000000000, 0.000000000000000000, 0.000000000000000000 ) ) ;
#1831 = VERTEX_POINT ( 'NONE', #2833 ) ;
#1832 = EDGE_CURVE ( 'NONE', #2948, #5320, #1147, .T. ) ;
#1833 = ORIENTED_EDGE ( 'NONE', *, *, #3565, .F. ) ;
#1834 = CARTESIAN_POINT ( 'NONE',  ( 43.40000000000000568, 2.000000000000000000, -67.49999999999998579 ) ) ;
#1835 = CARTESIAN_POINT ( 'NONE',  ( 4.000000000000003553, 1.999999999999994893, -34.07179676972447879 ) ) ;
#1836 = CARTESIAN_POINT ( 'NONE',  ( 58.50000000000000711, 10.00000000000000000, -67.00000000000000000 ) ) ;
#1837 = EDGE_LOOP ( 'NONE', ( #4028, #3003, #3449, #82, #3860, #2216, #1891, #2240, #307, #3145, #846, #1809, #5360, #3465, #3275, #5340 ) ) ;
#1838 = EDGE_CURVE ( 'NONE', #3461, #993, #3320, .T. ) ;
#1839 = ORIENTED_EDGE ( 'NONE', *, *, #1208, .F. ) ;
#1840 = AXIS2_PLACEMENT_3D ( 'NONE', #5259, #1751, #3971 ) ;
#1841 = LINE ( 'NONE', #4026, #424 ) ;
#1842 = ORIENTED_EDGE ( 'NONE', *, *, #2271, .T. ) ;
#1843 = ORIENTED_EDGE ( 'NONE', *, *, #155, .T. ) ;
#1844 = DIRECTION ( 'NONE',  ( 0.000000000000000000, -1.000000000000000000, -0.000000000000000000 ) ) ;
#1845 = CARTESIAN_POINT ( 'NONE',  ( 55.19999999999998863, 12.00000000000000000, -18.77502783967818090 ) ) ;
#1846 = DIRECTION ( 'NONE',  ( 1.000000000000000000, 0.000000000000000000, 0.000000000000000000 ) ) ;
#1847 = ORIENTED_EDGE ( 'NONE', *, *, #2525, .F. ) ;
#1848 = AXIS2_PLACEMENT_3D ( 'NONE', #2595, #900, #3046 ) ;
#1849 = CIRCLE ( 'NONE', #2572, 5.000000000000001776 ) ;
#1850 = DIRECTION ( 'NONE',  ( 2.153677267970123255E-15, 0.000000000000000000, -1.000000000000000000 ) ) ;
#1851 = EDGE_CURVE ( 'NONE', #1687, #2526, #2919, .T. ) ;
#1852 = DIRECTION ( 'NONE',  ( 0.000000000000000000, 0.000000000000000000, 1.000000000000000000 ) ) ;
#1853 = VECTOR ( 'NONE', #1433, 1000.000000000000000 ) ;
#1854 = DIRECTION ( 'NONE',  ( -0.000000000000000000, -1.000000000000000000, -0.000000000000000000 ) ) ;
#1855 = CARTESIAN_POINT ( 'NONE',  ( 61.72500000000000853, 12.00000000000000000, -54.20000000000000995 ) ) ;
#1856 = CARTESIAN_POINT ( 'NONE',  ( 61.72500000000000853, 7.000000000000000000, -56.95000000000000284 ) ) ;
#1857 = ORIENTED_EDGE ( 'NONE', *, *, #3771, .F. ) ;
#1858 = ORIENTED_EDGE ( 'NONE', *, *, #1400, .T. ) ;
#1859 = ADVANCED_FACE ( 'NONE', ( #1599 ), #689, .F. ) ;
#1860 = DIRECTION ( 'NONE',  ( -0.000000000000000000, -0.000000000000000000, -1.000000000000000000 ) ) ;
#1861 = VECTOR ( 'NONE', #2123, 1000.000000000000000 ) ;
#1862 = CARTESIAN_POINT ( 'NONE',  ( 52.79999999999999716, 12.00000000000000000, -72.00000000000000000 ) ) ;
#1863 = CARTESIAN_POINT ( 'NONE',  ( 61.72500000000000853, 6.000000000000000000, -50.04999999999999716 ) ) ;
#1864 = DIRECTION ( 'NONE',  ( -0.000000000000000000, -1.000000000000000000, -0.000000000000000000 ) ) ;
#1865 = ORIENTED_EDGE ( 'NONE', *, *, #4057, .T. ) ;
#1866 = AXIS2_PLACEMENT_3D ( 'NONE', #5196, #5604, #446 ) ;
#1867 = CIRCLE ( 'NONE', #5024, 4.999999999999997335 ) ;
#1868 = EDGE_CURVE ( 'NONE', #5198, #1361, #1867, .T. ) ;
#1869 = ORIENTED_EDGE ( 'NONE', *, *, #4313, .F. ) ;
#1870 = AXIS2_PLACEMENT_3D ( 'NONE', #4762, #4000, #114 ) ;
#1871 = CARTESIAN_POINT ( 'NONE',  ( 17.19999999999999574, 9.999999999999998224, -5.000000000000000000 ) ) ;
#1872 = CIRCLE ( 'NONE', #2589, 1.249999999999987121 ) ;
#1873 = EDGE_CURVE ( 'NONE', #5310, #1956, #2045, .T. ) ;
#1874 = CARTESIAN_POINT ( 'NONE',  ( 4.850000000000009415, 4.000000000000000000, -1.500000000000003553 ) ) ;
#1875 = ORIENTED_EDGE ( 'NONE', *, *, #2545, .T. ) ;
#1876 = VERTEX_POINT ( 'NONE', #5425 ) ;
#1877 = VECTOR ( 'NONE', #3387, 1000.000000000000000 ) ;
#1878 = EDGE_CURVE ( 'NONE', #3382, #3644, #1595, .T. ) ;
#1879 = CARTESIAN_POINT ( 'NONE',  ( 4.000000000000000000, -1.402220585023716934E-15, -23.24999999999998579 ) ) ;
#1880 = CARTESIAN_POINT ( 'NONE',  ( 40.35000000000001563, 2.000000000000000000, 0.000000000000000000 ) ) ;
#1881 = LINE ( 'NONE', #4875, #4509 ) ;
#1882 = ORIENTED_EDGE ( 'NONE', *, *, #3142, .F. ) ;
#1883 = CIRCLE ( 'NONE', #5040, 2.249999999999991562 ) ;
#1884 = FACE_OUTER_BOUND ( 'NONE', #5293, .T. ) ;
#1885 = LINE ( 'NONE', #530, #685 ) ;
#1886 = PLANE ( 'NONE',  #4205 ) ;
#1887 = DIRECTION ( 'NONE',  ( -0.000000000000000000, -1.000000000000000000, -0.000000000000000000 ) ) ;
#1888 = CARTESIAN_POINT ( 'NONE',  ( 47.35000000000001563, 0.000000000000000000, -2.571758278209441661E-15 ) ) ;
#1889 = VECTOR ( 'NONE', #1583, 1000.000000000000000 ) ;
#1890 = ADVANCED_FACE ( 'NONE', ( #2806 ), #4544, .F. ) ;
#1891 = ORIENTED_EDGE ( 'NONE', *, *, #3955, .F. ) ;
#1892 = LINE ( 'NONE', #1011, #2114 ) ;
#1893 = DIRECTION ( 'NONE',  ( 0.000000000000000000, 0.000000000000000000, -1.000000000000000000 ) ) ;
#1894 = PLANE ( 'NONE',  #365 ) ;
#1895 = LINE ( 'NONE', #621, #890 ) ;
#1896 = ORIENTED_EDGE ( 'NONE', *, *, #2915, .T. ) ;
#1897 = ORIENTED_EDGE ( 'NONE', *, *, #4037, .F. ) ;
#1898 = EDGE_CURVE ( 'NONE', #1468, #4829, #1545, .T. ) ;
#1899 = EDGE_CURVE ( 'NONE', #3796, #1535, #5210, .T. ) ;
#1900 = LINE ( 'NONE', #141, #1238 ) ;
#1901 = AXIS2_PLACEMENT_3D ( 'NONE', #348, #4539, #1256 ) ;
#1902 = DIRECTION ( 'NONE',  ( -1.000000000000000000, 0.000000000000000000, -1.927470528863119049E-16 ) ) ;
#1903 = VERTEX_POINT ( 'NONE', #3436 ) ;
#1904 = ORIENTED_EDGE ( 'NONE', *, *, #4501, .F. ) ;
#1905 = CYLINDRICAL_SURFACE ( 'NONE', #4924, 3.500000000000007105 ) ;
#1906 = DIRECTION ( 'NONE',  ( -0.000000000000000000, 1.000000000000000000, 0.000000000000000000 ) ) ;
#1907 = CARTESIAN_POINT ( 'NONE',  ( 55.19999999999998863, 12.00000000000000000, -21.77502783967818090 ) ) ;
#1908 = EDGE_LOOP ( 'NONE', ( #4184, #1247, #3525, #3026, #3837, #3656, #3105, #3434 ) ) ;
#1909 = CARTESIAN_POINT ( 'NONE',  ( 47.35000000000002274, 0.000000000000000000, -25.48585556278930397 ) ) ;
#1910 = DIRECTION ( 'NONE',  ( -0.000000000000000000, -1.000000000000000000, -0.000000000000000000 ) ) ;
#1911 = DIRECTION ( 'NONE',  ( -0.000000000000000000, -1.000000000000000000, 0.000000000000000000 ) ) ;
#1912 = CARTESIAN_POINT ( 'NONE',  ( 4.850000000000002309, 8.500000000000000000, -67.00000000000000000 ) ) ;
#1913 = CARTESIAN_POINT ( 'NONE',  ( 58.19999999999999574, 12.00000000000000000, -47.62000000000000455 ) ) ;
#1914 = ORIENTED_EDGE ( 'NONE', *, *, #4125, .T. ) ;
#1915 = VERTEX_POINT ( 'NONE', #1710 ) ;
#1916 = CYLINDRICAL_SURFACE ( 'NONE', #1194, 2.999999999999999112 ) ;
#1917 = AXIS2_PLACEMENT_3D ( 'NONE', #4232, #5508, #3319 ) ;
#1918 = DIRECTION ( 'NONE',  ( -0.000000000000000000, -1.000000000000000000, -0.000000000000000000 ) ) ;
#1919 = CYLINDRICAL_SURFACE ( 'NONE', #818, 2.999999999999999112 ) ;
#1920 = EDGE_CURVE ( 'NONE', #5414, #5013, #2683, .T. ) ;
#1921 = DIRECTION ( 'NONE',  ( -0.000000000000000000, -1.000000000000000000, -0.000000000000000000 ) ) ;
#1922 = ORIENTED_EDGE ( 'NONE', *, *, #514, .T. ) ;
#1923 = ORIENTED_EDGE ( 'NONE', *, *, #3598, .T. ) ;
#1924 = CYLINDRICAL_SURFACE ( 'NONE', #1161, 3.650000000000000355 ) ;
#1925 = ADVANCED_FACE ( 'NONE', ( #379 ), #4317, .F. ) ;
#1926 = DIRECTION ( 'NONE',  ( 0.000000000000000000, 1.000000000000000000, -0.000000000000000000 ) ) ;
#1927 = ORIENTED_EDGE ( 'NONE', *, *, #413, .F. ) ;
#1928 = ADVANCED_FACE ( 'NONE', ( #5161 ), #1289, .F. ) ;
#1929 = VERTEX_POINT ( 'NONE', #2133 ) ;
#1930 = PLANE ( 'NONE',  #4131 ) ;
#1931 = EDGE_CURVE ( 'NONE', #3168, #5159, #249, .T. ) ;
#1932 = PLANE ( 'NONE',  #5216 ) ;
#1933 = DIRECTION ( 'NONE',  ( -0.000000000000000000, 1.000000000000000000, -0.000000000000000000 ) ) ;
#1934 = ORIENTED_EDGE ( 'NONE', *, *, #4386, .F. ) ;
#1935 = ADVANCED_FACE ( 'NONE', ( #7 ), #3035, .T. ) ;
#1936 = DIRECTION ( 'NONE',  ( 0.000000000000000000, 0.000000000000000000, -1.000000000000000000 ) ) ;
#1937 = EDGE_CURVE ( 'NONE', #4598, #5410, #4315, .T. ) ;
#1938 = CARTESIAN_POINT ( 'NONE',  ( 55.47626937064376307, 12.00000000000000000, -38.03382401983172656 ) ) ;
#1940 = AXIS2_PLACEMENT_3D ( 'NONE', #2814, #1979, #280 ) ;
#1939 = CARTESIAN_POINT ( 'NONE',  ( 9.850000000000015632, 0.8000000000000000444, -5.000000000000004441 ) ) ;
#1941 = CARTESIAN_POINT ( 'NONE',  ( 4.850000000000009415, 0.7999999999999999334, -3.400000000000003464 ) ) ;
#1942 = CARTESIAN_POINT ( 'NONE',  ( 55.19999999999998863, 12.00000000000000000, -10.00000000000000000 ) ) ;
#1943 = VERTEX_POINT ( 'NONE', #38 ) ;
#1944 = VECTOR ( 'NONE', #3500, 1000.000000000000000 ) ;
#1945 = ORIENTED_EDGE ( 'NONE', *, *, #4155, .T. ) ;
#1946 = CARTESIAN_POINT ( 'NONE',  ( 52.79999999999999716, 12.00000000000000000, -61.99999999999999289 ) ) ;
#1947 = CARTESIAN_POINT ( 'NONE',  ( 61.72500000000000853, 6.000000000000000000, -59.69999999999999574 ) ) ;
#1948 = DIRECTION ( 'NONE',  ( -3.469446951953614189E-16, 0.000000000000000000, -1.000000000000000000 ) ) ;
#1949 = CARTESIAN_POINT ( 'NONE',  ( 55.19999999999998863, 6.999999999999999112, -21.77502783967818090 ) ) ;
#1950 = ORIENTED_EDGE ( 'NONE', *, *, #4368, .T. ) ;
#1951 = ORIENTED_EDGE ( 'NONE', *, *, #4012, .T. ) ;
#1952 = DIRECTION ( 'NONE',  ( 0.000000000000000000, 0.000000000000000000, 1.000000000000000000 ) ) ;
#1953 = AXIS2_PLACEMENT_3D ( 'NONE', #4619, #394, #5550 ) ;
#1954 = AXIS2_PLACEMENT_3D ( 'NONE', #5383, #601, #2245 ) ;
#1955 = CARTESIAN_POINT ( 'NONE',  ( 58.35000000000001563, 6.800000000000000711, -67.00000000000000000 ) ) ;
#1956 = VERTEX_POINT ( 'NONE', #68 ) ;
#1957 = ORIENTED_EDGE ( 'NONE', *, *, #4394, .F. ) ;
#1958 = AXIS2_PLACEMENT_3D ( 'NONE', #2128, #374, #1647 ) ;
#1959 = VECTOR ( 'NONE', #1577, 1000.000000000000000 ) ;
#1960 = EDGE_CURVE ( 'NONE', #4113, #400, #1737, .T. ) ;
#1961 = AXIS2_PLACEMENT_3D ( 'NONE', #2738, #3195, #2433 ) ;
#1962 = PLANE ( 'NONE',  #843 ) ;
#1963 = DIRECTION ( 'NONE',  ( -0.000000000000000000, 1.000000000000000000, -0.000000000000000000 ) ) ;
#1964 = DIRECTION ( 'NONE',  ( 1.000000000000000000, 0.000000000000000000, 1.430699774001492404E-15 ) ) ;
#1965 = ORIENTED_EDGE ( 'NONE', *, *, #4962, .F. ) ;
#1966 = VERTEX_POINT ( 'NONE', #855 ) ;
#1967 = ADVANCED_FACE ( 'NONE', ( #2953 ), #1798, .F. ) ;
#1968 = DIRECTION ( 'NONE',  ( 0.000000000000000000, 0.000000000000000000, 1.000000000000000000 ) ) ;
#1969 = DIRECTION ( 'NONE',  ( 0.000000000000000000, 0.000000000000000000, 1.000000000000000000 ) ) ;
#1970 = ADVANCED_FACE ( 'NONE', ( #2644 ), #893, .F. ) ;
#1971 = AXIS2_PLACEMENT_3D ( 'NONE', #2173, #1008, #5309 ) ;
#1972 = CARTESIAN_POINT ( 'NONE',  ( 64.19999999999998863, 6.999999999999999112, -49.12000000000000455 ) ) ;
#1973 = CARTESIAN_POINT ( 'NONE',  ( 47.11607978309962164, 6.999999999999999112, -7.000000000000000000 ) ) ;
#1974 = CARTESIAN_POINT ( 'NONE',  ( 6.700000000000020606, 10.00000000000000000, -4.500000000000003553 ) ) ;
#1975 = VERTEX_POINT ( 'NONE', #2194 ) ;
#1976 = ORIENTED_EDGE ( 'NONE', *, *, #3341, .T. ) ;
#1977 = LINE ( 'NONE', #3216, #736 ) ;
#1978 = EDGE_CURVE ( 'NONE', #5374, #210, #2144, .T. ) ;
#1979 = DIRECTION ( 'NONE',  ( -0.000000000000000000, 1.000000000000000000, -0.000000000000000000 ) ) ;
#1980 = LINE ( 'NONE', #1440, #3802 ) ;
#1981 = STYLED_ITEM ( 'NONE', ( #1785 ), #3648 ) ;
#1982 = CARTESIAN_POINT ( 'NONE',  ( 4.000000000000000000, 6.999999999999999112, -62.14999999999999858 ) ) ;
#1983 = EDGE_LOOP ( 'NONE', ( #1188, #2189 ) ) ;
#1984 = ORIENTED_EDGE ( 'NONE', *, *, #32, .T. ) ;
#1985 = VECTOR ( 'NONE', #4453, 1000.000000000000000 ) ;
#1986 = DIRECTION ( 'NONE',  ( -0.000000000000000000, -1.000000000000000000, -0.000000000000000000 ) ) ;
#1987 = CARTESIAN_POINT ( 'NONE',  ( 68.20000000000000284, 12.00000000000000000, -72.00000000000000000 ) ) ;
#1988 = ORIENTED_EDGE ( 'NONE', *, *, #2138, .T. ) ;
#1989 = CARTESIAN_POINT ( 'NONE',  ( 0.000000000000000000, 0.8000000000000000444, -61.99999999999998579 ) ) ;
#1990 = LINE ( 'NONE', #4984, #4078 ) ;
#1991 = EDGE_CURVE ( 'NONE', #4505, #3623, #1767, .T. ) ;
#1992 = EDGE_LOOP ( 'NONE', ( #5474, #4089, #2265 ) ) ;
#1993 = VECTOR ( 'NONE', #5072, 1000.000000000000000 ) ;
#1994 = ORIENTED_EDGE ( 'NONE', *, *, #3165, .F. ) ;
#1995 = CARTESIAN_POINT ( 'NONE',  ( 4.850000000000009415, 12.00000000000000000, -1.500000000000003553 ) ) ;
#1996 = LINE ( 'NONE', #3782, #2136 ) ;
#1997 = DIRECTION ( 'NONE',  ( 0.000000000000000000, 0.000000000000000000, 1.000000000000000000 ) ) ;
#1998 = CARTESIAN_POINT ( 'NONE',  ( 58.19999999999999574, 12.00000000000000000, -10.00000000000000000 ) ) ;
#1999 = ORIENTED_EDGE ( 'NONE', *, *, #198, .F. ) ;
#2000 = ADVANCED_FACE ( 'NONE', ( #2552 ), #3491, .F. ) ;
#2001 = ORIENTED_EDGE ( 'NONE', *, *, #2306, .F. ) ;
#2002 = CYLINDRICAL_SURFACE ( 'NONE', #4109, 4.000000000000003553 ) ;
#2003 = CARTESIAN_POINT ( 'NONE',  ( 4.000000000000002665, 0.000000000000000000, -40.99999999999999289 ) ) ;
#2004 = CARTESIAN_POINT ( 'NONE',  ( 61.72500000000000853, 6.000000000000000000, -58.30000000000001137 ) ) ;
#2005 = EDGE_CURVE ( 'NONE', #2395, #1512, #4795, .T. ) ;
#2006 = DIRECTION ( 'NONE',  ( -0.000000000000000000, -1.000000000000000000, -0.000000000000000000 ) ) ;
#2007 = VERTEX_POINT ( 'NONE', #4260 ) ;
#2008 = ORIENTED_EDGE ( 'NONE', *, *, #4675, .T. ) ;
#2009 = CIRCLE ( 'NONE', #3453, 3.000000000000000000 ) ;
#2010 = ADVANCED_FACE ( 'NONE', ( #2105 ), #3834, .F. ) ;
#2011 = CARTESIAN_POINT ( 'NONE',  ( 8.000000000000003553, 2.000000000000000000, -34.07179676972447879 ) ) ;
#2012 = EDGE_CURVE ( 'NONE', #4160, #3339, #1336, .T. ) ;
#2013 = DIRECTION ( 'NONE',  ( -0.000000000000000000, -1.000000000000000000, -0.000000000000000000 ) ) ;
#2014 = FACE_OUTER_BOUND ( 'NONE', #2198, .T. ) ;
#2015 = VERTEX_POINT ( 'NONE', #2325 ) ;
#2016 = LINE ( 'NONE', #2856, #5116 ) ;
#2017 = LINE ( 'NONE', #1538, #4434 ) ;
#2018 = EDGE_LOOP ( 'NONE', ( #2768, #1556, #822, #3979 ) ) ;
#2019 = VERTEX_POINT ( 'NONE', #1371 ) ;
#2020 = DIRECTION ( 'NONE',  ( 0.000000000000000000, 3.469446951953611231E-16, -1.000000000000000000 ) ) ;
#2021 = CARTESIAN_POINT ( 'NONE',  ( 61.72500000000000853, 12.00000000000000000, -55.55000000000000426 ) ) ;
#2022 = CARTESIAN_POINT ( 'NONE',  ( 62.22500000000000853, 7.000000000000000000, -56.25000000000000000 ) ) ;
#2023 = PLANE ( 'NONE',  #5038 ) ;
#2024 = ORIENTED_EDGE ( 'NONE', *, *, #4937, .T. ) ;
#2025 = EDGE_CURVE ( 'NONE', #3623, #1352, #631, .T. ) ;
#2026 = ORIENTED_EDGE ( 'NONE', *, *, #4053, .F. ) ;
#2027 = DIRECTION ( 'NONE',  ( 1.000000000000000000, -0.000000000000000000, 0.000000000000000000 ) ) ;
#2028 = CARTESIAN_POINT ( 'NONE',  ( 58.50000000000000711, 10.00000000000000000, -55.15000000000001279 ) ) ;
#2029 = CARTESIAN_POINT ( 'NONE',  ( 14.19999999999999751, 2.000000000000001776, -1.999999999999996225 ) ) ;
#2030 = CARTESIAN_POINT ( 'NONE',  ( 4.000000000000000000, 8.499999999999992895, -60.74376388895747425 ) ) ;
#2031 = VERTEX_POINT ( 'NONE', #5246 ) ;
#2032 = VERTEX_POINT ( 'NONE', #1477 ) ;
#2033 = VECTOR ( 'NONE', #3532, 1000.000000000000000 ) ;
#2034 = EDGE_CURVE ( 'NONE', #3103, #701, #430, .T. ) ;
#2035 = FACE_OUTER_BOUND ( 'NONE', #659, .T. ) ;
#2036 = LINE ( 'NONE', #1249, #2970 ) ;
#2037 = EDGE_CURVE ( 'NONE', #683, #4782, #4068, .T. ) ;
#2038 = CARTESIAN_POINT ( 'NONE',  ( 6.000000000000005329, 7.000000000000000000, -37.53589838486223584 ) ) ;
#2039 = VERTEX_POINT ( 'NONE', #120 ) ;
#2040 = DIRECTION ( 'NONE',  ( -0.000000000000000000, 1.000000000000000000, -0.000000000000000000 ) ) ;
#2041 = DIRECTION ( 'NONE',  ( 0.000000000000000000, -1.000000000000000000, 0.000000000000000000 ) ) ;
#2042 = VECTOR ( 'NONE', #5004, 1000.000000000000000 ) ;
#2043 = VERTEX_POINT ( 'NONE', #4429 ) ;
#2044 = VERTEX_POINT ( 'NONE', #3120 ) ;
#2045 = CIRCLE ( 'NONE', #2585, 4.000000000000003553 ) ;
#2046 = AXIS2_PLACEMENT_3D ( 'NONE', #4889, #1017, #1952 ) ;
#2047 = DIRECTION ( 'NONE',  ( 0.000000000000000000, 1.000000000000000000, 0.000000000000000000 ) ) ;
#2048 = CARTESIAN_POINT ( 'NONE',  ( 53.50000000000001421, 8.500000000000000000, -65.50000000000000000 ) ) ;
#2049 = DIRECTION ( 'NONE',  ( 0.000000000000000000, -1.000000000000000000, 0.000000000000000000 ) ) ;
#2050 = DIRECTION ( 'NONE',  ( -1.000000000000000000, 0.000000000000000000, 0.000000000000000000 ) ) ;
#2051 = ORIENTED_EDGE ( 'NONE', *, *, #4322, .F. ) ;
#2052 = VECTOR ( 'NONE', #5358, 1000.000000000000000 ) ;
#2053 = ORIENTED_EDGE ( 'NONE', *, *, #3886, .F. ) ;
#2054 = CIRCLE ( 'NONE', #4770, 2.999999999999999112 ) ;
#2055 = PLANE ( 'NONE',  #2838 ) ;
#2056 = CARTESIAN_POINT ( 'NONE',  ( 44.19999999999999574, 2.000000000000000000, -60.00000000000000000 ) ) ;
#2057 = DIRECTION ( 'NONE',  ( 0.000000000000000000, 0.000000000000000000, 1.000000000000000000 ) ) ;
#2058 = DIRECTION ( 'NONE',  ( 0.000000000000000000, 1.000000000000000000, 0.000000000000000000 ) ) ;
#2059 = ORIENTED_EDGE ( 'NONE', *, *, #4365, .T. ) ;
#2060 = ADVANCED_FACE ( 'NONE', ( #550 ), #181, .T. ) ;
#2061 = ORIENTED_EDGE ( 'NONE', *, *, #5323, .F. ) ;
#2062 = VECTOR ( 'NONE', #1014, 1000.000000000000000 ) ;
#2063 = AXIS2_PLACEMENT_3D ( 'NONE', #4768, #40, #3868 ) ;
#2064 = VECTOR ( 'NONE', #5141, 1000.000000000000000 ) ;
#2065 = DIRECTION ( 'NONE',  ( 0.000000000000000000, -1.000000000000000000, 0.000000000000000000 ) ) ;
#2066 = DIRECTION ( 'NONE',  ( 1.000000000000000000, -0.000000000000000000, -0.000000000000000000 ) ) ;
#2067 = DIRECTION ( 'NONE',  ( 0.000000000000000000, 0.000000000000000000, -1.000000000000000000 ) ) ;
#2068 = EDGE_CURVE ( 'NONE', #1788, #2538, #4494, .T. ) ;
#2069 = ORIENTED_EDGE ( 'NONE', *, *, #4455, .F. ) ;
#2070 = VECTOR ( 'NONE', #5420, 1000.000000000000000 ) ;
#2071 = EDGE_CURVE ( 'NONE', #5589, #542, #883, .T. ) ;
#2072 = DIRECTION ( 'NONE',  ( 0.000000000000000000, 0.000000000000000000, 1.000000000000000000 ) ) ;
#2073 = DIRECTION ( 'NONE',  ( 0.000000000000000000, 0.000000000000000000, -1.000000000000000000 ) ) ;
#2074 = CARTESIAN_POINT ( 'NONE',  ( 63.19999999999999574, 19.07106781186547906, 1.734723475976807094E-15 ) ) ;
#2075 = ORIENTED_EDGE ( 'NONE', *, *, #2251, .T. ) ;
#2076 = ORIENTED_EDGE ( 'NONE', *, *, #2318, .T. ) ;
#2077 = EDGE_CURVE ( 'NONE', #5013, #3505, #574, .T. ) ;
#2078 = CARTESIAN_POINT ( 'NONE',  ( 42.20000000000000284, -19.16034026191451645, -54.19999999999999574 ) ) ;
#2079 = CARTESIAN_POINT ( 'NONE',  ( 53.50000000000001421, 7.000000000000000000, -65.50000000000000000 ) ) ;
#2080 = CIRCLE ( 'NONE', #5431, 3.000000000000002665 ) ;
#2081 = CARTESIAN_POINT ( 'NONE',  ( 42.20000000000000284, 6.999999999999999112, -54.19999999999999574 ) ) ;
#2082 = VECTOR ( 'NONE', #892, 1000.000000000000000 ) ;
#2083 = DIRECTION ( 'NONE',  ( 0.000000000000000000, 0.000000000000000000, 1.000000000000000000 ) ) ;
#2084 = ORIENTED_EDGE ( 'NONE', *, *, #2370, .T. ) ;
#2085 = ORIENTED_EDGE ( 'NONE', *, *, #2254, .T. ) ;
#2086 = CARTESIAN_POINT ( 'NONE',  ( 64.19999999999998863, 12.00000000000000000, -59.15000000000000568 ) ) ;
#2087 = DIRECTION ( 'NONE',  ( -0.000000000000000000, 1.000000000000000000, -0.000000000000000000 ) ) ;
#2088 = DIRECTION ( 'NONE',  ( 0.000000000000000000, 0.000000000000000000, -1.000000000000000000 ) ) ;
#2089 = DIRECTION ( 'NONE',  ( 0.000000000000000000, -1.000000000000000000, 0.000000000000000000 ) ) ;
#2090 = ORIENTED_EDGE ( 'NONE', *, *, #1502, .F. ) ;
#2091 = ORIENTED_EDGE ( 'NONE', *, *, #4194, .T. ) ;
#2092 = ORIENTED_EDGE ( 'NONE', *, *, #4691, .F. ) ;
#2093 = CYLINDRICAL_SURFACE ( 'NONE', #5041, 0.7000000000000061728 ) ;
#2094 = EDGE_CURVE ( 'NONE', #2784, #5374, #602, .T. ) ;
#2095 = CARTESIAN_POINT ( 'NONE',  ( 62.22500000000000853, 7.000000000000000000, -59.69999999999999574 ) ) ;
#2096 = CARTESIAN_POINT ( 'NONE',  ( 43.40000000000000568, 8.500000000000000000, -70.50000000000000000 ) ) ;
#2097 = ORIENTED_EDGE ( 'NONE', *, *, #3576, .F. ) ;
#2098 = EDGE_CURVE ( 'NONE', #4113, #5097, #3606, .T. ) ;
#2099 = DIRECTION ( 'NONE',  ( 0.000000000000000000, 0.000000000000000000, 1.000000000000000000 ) ) ;
#2100 = CARTESIAN_POINT ( 'NONE',  ( 5.000000000000000000, 11.00000000000000000, 1.734723475976807094E-15 ) ) ;
#2101 = ORIENTED_EDGE ( 'NONE', *, *, #1351, .T. ) ;
#2102 = ORIENTED_EDGE ( 'NONE', *, *, #2212, .T. ) ;
#2103 = EDGE_CURVE ( 'NONE', #3505, #5585, #1240, .T. ) ;
#2104 = DIRECTION ( 'NONE',  ( 0.000000000000000000, 0.000000000000000000, -1.000000000000000000 ) ) ;
#2105 = FACE_OUTER_BOUND ( 'NONE', #3428, .T. ) ;
#2106 = DIRECTION ( 'NONE',  ( 0.000000000000000000, 0.000000000000000000, 1.000000000000000000 ) ) ;
#2107 = DIRECTION ( 'NONE',  ( 0.000000000000000000, -0.000000000000000000, 1.000000000000000000 ) ) ;
#2108 = EDGE_CURVE ( 'NONE', #3130, #4208, #523, .T. ) ;
#2109 = VERTEX_POINT ( 'NONE', #1822 ) ;
#2110 = VECTOR ( 'NONE', #2488, 1000.000000000000000 ) ;
#2111 = EDGE_CURVE ( 'NONE', #4829, #4431, #1603, .T. ) ;
#2112 = ORIENTED_EDGE ( 'NONE', *, *, #1873, .F. ) ;
#2113 = DIRECTION ( 'NONE',  ( 0.000000000000000000, 0.000000000000000000, -1.000000000000000000 ) ) ;
#2114 = VECTOR ( 'NONE', #1462, 1000.000000000000000 ) ;
#2115 = CARTESIAN_POINT ( 'NONE',  ( 45.20000000000000284, 6.999999999999999112, -9.308384340788364852 ) ) ;
#2116 = DIRECTION ( 'NONE',  ( -0.000000000000000000, -1.000000000000000000, -0.000000000000000000 ) ) ;
#2117 = DIRECTION ( 'NONE',  ( -0.000000000000000000, -1.000000000000000000, 0.000000000000000000 ) ) ;
#2118 = FACE_OUTER_BOUND ( 'NONE', #408, .T. ) ;
#2119 = ORIENTED_EDGE ( 'NONE', *, *, #4003, .T. ) ;
#2120 = VERTEX_POINT ( 'NONE', #3151 ) ;
#2121 = CARTESIAN_POINT ( 'NONE',  ( 54.54782608695651902, 36.04163056034260393, -21.70328144671865189 ) ) ;
#2122 = CARTESIAN_POINT ( 'NONE',  ( 64.19999999999998863, 10.00000000000000178, -62.15000000000001279 ) ) ;
#2123 = DIRECTION ( 'NONE',  ( 0.000000000000000000, 0.000000000000000000, 1.000000000000000000 ) ) ;
#2124 = VECTOR ( 'NONE', #2116, 1000.000000000000000 ) ;
#2125 = EDGE_LOOP ( 'NONE', ( #2322, #3188, #5264, #3949 ) ) ;
#2126 = VECTOR ( 'NONE', #691, 1000.000000000000000 ) ;
#2127 = CARTESIAN_POINT ( 'NONE',  ( 4.000000000000004441, 7.000000000000000000, -20.75000000000000355 ) ) ;
#2128 = CARTESIAN_POINT ( 'NONE',  ( 63.35000000000001563, 8.500000000000000000, -5.000000000000004441 ) ) ;
#2129 = ORIENTED_EDGE ( 'NONE', *, *, #2138, .F. ) ;
#2130 = ADVANCED_FACE ( 'NONE', ( #4873 ), #1000, .F. ) ;
#2131 = ORIENTED_EDGE ( 'NONE', *, *, #4679, .T. ) ;
#2132 = LINE ( 'NONE', #4765, #2082 ) ;
#2133 = CARTESIAN_POINT ( 'NONE',  ( 14.60080139461647164, 12.00000000000000000, -3.501945725358277528 ) ) ;
#2134 = DIRECTION ( 'NONE',  ( -0.000000000000000000, -1.000000000000000000, -0.000000000000000000 ) ) ;
#2135 = FACE_OUTER_BOUND ( 'NONE', #3315, .T. ) ;
#2136 = VECTOR ( 'NONE', #3750, 1000.000000000000000 ) ;
#2137 = EDGE_LOOP ( 'NONE', ( #3587, #709, #3869, #3487 ) ) ;
#2138 = EDGE_CURVE ( 'NONE', #469, #4646, #150, .T. ) ;
#2139 = VECTOR ( 'NONE', #800, 1000.000000000000000 ) ;
#2140 = AXIS2_PLACEMENT_3D ( 'NONE', #3359, #2506, #1271 ) ;
#2141 = EDGE_LOOP ( 'NONE', ( #758, #4752, #1246, #5526, #586, #2897 ) ) ;
#2142 = DIRECTION ( 'NONE',  ( -0.000000000000000000, 0.000000000000000000, 1.000000000000000000 ) ) ;
#2143 = CYLINDRICAL_SURFACE ( 'NONE', #2494, 1.249999999999994227 ) ;
#2144 = CIRCLE ( 'NONE', #1151, 3.500000000000000888 ) ;
#2145 = CARTESIAN_POINT ( 'NONE',  ( 4.000000000000002665, -1.402220585023716934E-15, -40.99999999999999289 ) ) ;
#2146 = CARTESIAN_POINT ( 'NONE',  ( 63.35000000000000142, 8.500000000000000000, -67.00000000000000000 ) ) ;
#2147 = CARTESIAN_POINT ( 'NONE',  ( 62.22500000000000853, 12.00000000000000000, -53.50000000000000711 ) ) ;
#2148 = ORIENTED_EDGE ( 'NONE', *, *, #3106, .T. ) ;
#2149 = ORIENTED_EDGE ( 'NONE', *, *, #4797, .F. ) ;
#2150 = ORIENTED_EDGE ( 'NONE', *, *, #5288, .T. ) ;
#2151 = AXIS2_PLACEMENT_3D ( 'NONE', #4042, #2391, #4855 ) ;
#2152 = ORIENTED_EDGE ( 'NONE', *, *, #711, .T. ) ;
#2153 = CARTESIAN_POINT ( 'NONE',  ( 63.19999999999999574, 6.800000000000000711, 0.000000000000000000 ) ) ;
#2154 = DIRECTION ( 'NONE',  ( -0.000000000000000000, -1.000000000000000000, -0.000000000000000000 ) ) ;
#2155 = AXIS2_PLACEMENT_3D ( 'NONE', #3592, #1921, #4975 ) ;
#2156 = VECTOR ( 'NONE', #1190, 1000.000000000000000 ) ;
#2157 = ORIENTED_EDGE ( 'NONE', *, *, #4152, .F. ) ;
#2158 = CARTESIAN_POINT ( 'NONE',  ( 67.20000000000000284, 12.00000000000000000, -59.15000000000000568 ) ) ;
#2159 = CARTESIAN_POINT ( 'NONE',  ( 49.50000000000000711, 6.000000000000000000, -19.00000000000000000 ) ) ;
#2160 = CIRCLE ( 'NONE', #4067, 1.249999999999987121 ) ;
#2161 = VERTEX_POINT ( 'NONE', #3175 ) ;
#2162 = ORIENTED_EDGE ( 'NONE', *, *, #2647, .T. ) ;
#2163 = DIRECTION ( 'NONE',  ( 0.000000000000000000, 0.000000000000000000, -1.000000000000000000 ) ) ;
#2164 = EDGE_CURVE ( 'NONE', #3446, #2007, #1051, .T. ) ;
#2165 = DIRECTION ( 'NONE',  ( 0.000000000000000000, 0.000000000000000000, 1.000000000000000000 ) ) ;
#2166 = CARTESIAN_POINT ( 'NONE',  ( 6.700000000000021494, 12.00000000000000000, -1.500000000000004219 ) ) ;
#2167 =( LENGTH_UNIT ( ) NAMED_UNIT ( * ) SI_UNIT ( .MILLI., .METRE. ) );
#2168 = ORIENTED_EDGE ( 'NONE', *, *, #755, .T. ) ;
#2169 = DIRECTION ( 'NONE',  ( 0.000000000000000000, 0.000000000000000000, 1.000000000000000000 ) ) ;
#2170 = CARTESIAN_POINT ( 'NONE',  ( 4.850000000000009415, 0.8000000000000000444, -5.000000000000004441 ) ) ;
#2171 = DIRECTION ( 'NONE',  ( -0.000000000000000000, -1.000000000000000000, -0.000000000000000000 ) ) ;
#2172 = FACE_OUTER_BOUND ( 'NONE', #5613, .T. ) ;
#2173 = CARTESIAN_POINT ( 'NONE',  ( 4.850000000000002309, 8.500000000000000000, -67.00000000000000000 ) ) ;
#2174 = ADVANCED_FACE ( 'NONE', ( #3202 ), #1932, .F. ) ;
#2175 = ORIENTED_EDGE ( 'NONE', *, *, #5112, .F. ) ;
#2176 = ORIENTED_EDGE ( 'NONE', *, *, #4047, .T. ) ;
#2177 = ORIENTED_EDGE ( 'NONE', *, *, #1693, .F. ) ;
#2178 = VERTEX_POINT ( 'NONE', #5011 ) ;
#2179 = ADVANCED_FACE ( 'NONE', ( #1109 ), #317, .F. ) ;
#2180 = PLANE ( 'NONE',  #1735 ) ;
#2181 = CARTESIAN_POINT ( 'NONE',  ( 52.69999999999999574, 12.00000000000000000, -33.64999999999999858 ) ) ;
#2182 = FACE_OUTER_BOUND ( 'NONE', #2293, .T. ) ;
#2183 = EDGE_CURVE ( 'NONE', #4536, #5140, #4648, .T. ) ;
#2184 = ORIENTED_EDGE ( 'NONE', *, *, #1593, .T. ) ;
#2185 = EDGE_CURVE ( 'NONE', #2508, #5410, #291, .T. ) ;
#2186 = DIRECTION ( 'NONE',  ( -0.000000000000000000, -1.000000000000000000, -0.000000000000000000 ) ) ;
#2187 = LINE ( 'NONE', #91, #965 ) ;
#2188 = ORIENTED_EDGE ( 'NONE', *, *, #4945, .T. ) ;
#2189 = ORIENTED_EDGE ( 'NONE', *, *, #3042, .F. ) ;
#2190 = CIRCLE ( 'NONE', #5349, 2.999999999999999112 ) ;
#2191 = DIRECTION ( 'NONE',  ( -1.000000000000000000, 0.000000000000000000, 1.243826584113389824E-16 ) ) ;
#2192 = VECTOR ( 'NONE', #2047, 1000.000000000000000 ) ;
#2193 = AXIS2_PLACEMENT_3D ( 'NONE', #4324, #3698, #2020 ) ;
#2194 = CARTESIAN_POINT ( 'NONE',  ( 9.700000000000011724, 8.500000000000000000, -4.500000000000003553 ) ) ;
#2195 = CARTESIAN_POINT ( 'NONE',  ( 25.59999999999999432, 2.000000000000000000, -60.00000000000000000 ) ) ;
#2196 =( NAMED_UNIT ( * ) SI_UNIT ( $, .STERADIAN. ) SOLID_ANGLE_UNIT ( ) );
#2197 = ORIENTED_EDGE ( 'NONE', *, *, #2447, .T. ) ;
#2198 = EDGE_LOOP ( 'NONE', ( #108, #2837, #3747, #4446 ) ) ;
#2199 = CARTESIAN_POINT ( 'NONE',  ( 9.700000000000020606, 12.00000000000000000, -4.500000000000003553 ) ) ;
#2200 = CARTESIAN_POINT ( 'NONE',  ( 4.850000000000009415, 0.000000000000000000, -10.00000000000000888 ) ) ;
#2201 = CARTESIAN_POINT ( 'NONE',  ( 47.35000000000001563, 0.000000000000000000, -6.999999999999998224 ) ) ;
#2202 = CARTESIAN_POINT ( 'NONE',  ( 41.19999999999999574, 2.000000000000001776, -64.49999999999998579 ) ) ;
#2203 = VERTEX_POINT ( 'NONE', #1507 ) ;
#2204 = ORIENTED_EDGE ( 'NONE', *, *, #5274, .F. ) ;
#2205 = VERTEX_POINT ( 'NONE', #5419 ) ;
#2206 = EDGE_CURVE ( 'NONE', #2631, #5271, #1564, .T. ) ;
#2207 = ORIENTED_EDGE ( 'NONE', *, *, #2012, .F. ) ;
#2208 = DIRECTION ( 'NONE',  ( -0.000000000000000000, 1.000000000000000000, -0.000000000000000000 ) ) ;
#2209 = LINE ( 'NONE', #5260, #3475 ) ;
#2210 = DIRECTION ( 'NONE',  ( 0.000000000000000000, 0.000000000000000000, -1.000000000000000000 ) ) ;
#2211 = ORIENTED_EDGE ( 'NONE', *, *, #1244, .F. ) ;
#2212 = EDGE_CURVE ( 'NONE', #3064, #2044, #3660, .T. ) ;
#2213 = EDGE_CURVE ( 'NONE', #922, #2784, #681, .T. ) ;
#2214 = AXIS2_PLACEMENT_3D ( 'NONE', #1525, #4526, #1893 ) ;
#2215 = CARTESIAN_POINT ( 'NONE',  ( 47.11607978309962164, 67.58194863158495025, -7.000000000000000000 ) ) ;
#2216 = ORIENTED_EDGE ( 'NONE', *, *, #3032, .F. ) ;
#2217 = VECTOR ( 'NONE', #1458, 1000.000000000000000 ) ;
#2218 = DIRECTION ( 'NONE',  ( -0.000000000000000000, 1.000000000000000000, -0.000000000000000000 ) ) ;
#2219 = DIRECTION ( 'NONE',  ( 0.000000000000000000, 0.000000000000000000, -1.000000000000000000 ) ) ;
#2220 = CARTESIAN_POINT ( 'NONE',  ( 64.19999999999998863, 6.999999999999999112, -59.15000000000000568 ) ) ;
#2221 = CARTESIAN_POINT ( 'NONE',  ( 66.84999999999999432, 10.00000000000000000, -60.55623611104253712 ) ) ;
#2222 = ORIENTED_EDGE ( 'NONE', *, *, #3603, .T. ) ;
#2223 = VECTOR ( 'NONE', #5068, 1000.000000000000000 ) ;
#2224 = CIRCLE ( 'NONE', #3214, 1.249999999999990674 ) ;
#2225 = LINE ( 'NONE', #3871, #66 ) ;
#2226 = LINE ( 'NONE', #3529, #2674 ) ;
#2227 = CARTESIAN_POINT ( 'NONE',  ( 6.700000000000021494, 4.000000000000000000, -1.500000000000004219 ) ) ;
#2228 = CARTESIAN_POINT ( 'NONE',  ( 59.50000000000001421, 10.00000000000000000, -55.15000000000001990 ) ) ;
#2229 = CARTESIAN_POINT ( 'NONE',  ( 5.000000000000000000, 11.00000000000000000, -72.00000000000000000 ) ) ;
#2230 = VECTOR ( 'NONE', #370, 1000.000000000000000 ) ;
#2231 = ORIENTED_EDGE ( 'NONE', *, *, #2423, .T. ) ;
#2232 = CIRCLE ( 'NONE', #146, 3.000000000000002665 ) ;
#2233 = ORIENTED_EDGE ( 'NONE', *, *, #4016, .T. ) ;
#2234 = AXIS2_PLACEMENT_3D ( 'NONE', #200, #1986, #1533 ) ;
#2235 = VERTEX_POINT ( 'NONE', #738 ) ;
#2236 = AXIS2_PLACEMENT_3D ( 'NONE', #2981, #4738, #2219 ) ;
#2237 = DIRECTION ( 'NONE',  ( -1.160904811839163983E-16, 0.000000000000000000, -1.000000000000000000 ) ) ;
#2238 = EDGE_CURVE ( 'NONE', #3621, #971, #2017, .T. ) ;
#2239 = DIRECTION ( 'NONE',  ( -0.000000000000000000, 1.000000000000000000, -0.000000000000000000 ) ) ;
#2240 = ORIENTED_EDGE ( 'NONE', *, *, #717, .F. ) ;
#2241 = VECTOR ( 'NONE', #729, 1000.000000000000000 ) ;
#2242 = EDGE_CURVE ( 'NONE', #4970, #3347, #93, .T. ) ;
#2243 = CARTESIAN_POINT ( 'NONE',  ( 0.000000000000000000, 10.00000000000000000, 0.000000000000000000 ) ) ;
#2244 = ORIENTED_EDGE ( 'NONE', *, *, #3466, .F. ) ;
#2245 = DIRECTION ( 'NONE',  ( 0.000000000000000000, 0.000000000000000000, 1.000000000000000000 ) ) ;
#2246 = AXIS2_PLACEMENT_3D ( 'NONE', #2263, #2605, #1752 ) ;
#2247 = DIRECTION ( 'NONE',  ( -0.000000000000000000, -1.000000000000000000, 0.000000000000000000 ) ) ;
#2248 = CARTESIAN_POINT ( 'NONE',  ( 14.60080139461647164, -26.63564212655271035, -3.501945725358277084 ) ) ;
#2249 = CARTESIAN_POINT ( 'NONE',  ( 0.000000000000000000, 0.000000000000000000, 0.000000000000000000 ) ) ;
#2250 = ORIENTED_EDGE ( 'NONE', *, *, #1561, .F. ) ;
#2251 = EDGE_CURVE ( 'NONE', #3778, #1817, #655, .T. ) ;
#2252 = CIRCLE ( 'NONE', #447, 4.999999999999990230 ) ;
#2253 = ORIENTED_EDGE ( 'NONE', *, *, #73, .T. ) ;
#2254 = EDGE_CURVE ( 'NONE', #971, #256, #5243, .T. ) ;
#2255 = DIRECTION ( 'NONE',  ( -0.000000000000000000, 1.000000000000000000, -0.000000000000000000 ) ) ;
#2256 = CARTESIAN_POINT ( 'NONE',  ( 44.19999999999999574, 67.58194863158495025, -70.50000000000000000 ) ) ;
#2257 = DIRECTION ( 'NONE',  ( -0.000000000000000000, 1.000000000000000000, -0.000000000000000000 ) ) ;
#2258 = DIRECTION ( 'NONE',  ( 0.000000000000000000, 1.000000000000000000, -0.000000000000000000 ) ) ;
#2259 = VERTEX_POINT ( 'NONE', #2410 ) ;
#2260 = ORIENTED_EDGE ( 'NONE', *, *, #226, .F. ) ;
#2261 = VERTEX_POINT ( 'NONE', #1081 ) ;
#2262 = DIRECTION ( 'NONE',  ( 0.000000000000000000, 0.000000000000000000, 1.000000000000000000 ) ) ;
#2263 = CARTESIAN_POINT ( 'NONE',  ( 49.50000000000000711, 7.000000000000000000, -40.99999999999999289 ) ) ;
#2264 = CARTESIAN_POINT ( 'NONE',  ( 68.20000000000000284, 6.800000000000000711, -9.999999999999980460 ) ) ;
#2265 = ORIENTED_EDGE ( 'NONE', *, *, #2571, .T. ) ;
#2266 = AXIS2_PLACEMENT_3D ( 'NONE', #3719, #2041, #4118 ) ;
#2267 = ORIENTED_EDGE ( 'NONE', *, *, #3427, .F. ) ;
#2268 = FACE_BOUND ( 'NONE', #5088, .T. ) ;
#2269 = ORIENTED_EDGE ( 'NONE', *, *, #3008, .T. ) ;
#2270 = ORIENTED_EDGE ( 'NONE', *, *, #4090, .F. ) ;
#2271 = EDGE_CURVE ( 'NONE', #1086, #5432, #1990, .T. ) ;
#2272 = LINE ( 'NONE', #95, #1771 ) ;
#2273 = DIRECTION ( 'NONE',  ( 0.000000000000000000, 1.000000000000000000, 0.000000000000000000 ) ) ;
#2274 = DIRECTION ( 'NONE',  ( 0.000000000000000000, 0.000000000000000000, 1.000000000000000000 ) ) ;
#2275 = ORIENTED_EDGE ( 'NONE', *, *, #779, .F. ) ;
#2276 = ADVANCED_FACE ( 'NONE', ( #5445 ), #4199, .F. ) ;
#2277 = CARTESIAN_POINT ( 'NONE',  ( 5.000000000000000000, 0.8000000000000000444, 1.734723475976807094E-15 ) ) ;
#2278 = CARTESIAN_POINT ( 'NONE',  ( 63.35000000000001563, 8.500000000000000000, -5.000000000000004441 ) ) ;
#2279 = ADVANCED_FACE ( 'NONE', ( #1622 ), #4596, .F. ) ;
#2280 = DIRECTION ( 'NONE',  ( 0.000000000000000000, 1.000000000000000000, 0.000000000000000000 ) ) ;
#2281 = DIRECTION ( 'NONE',  ( 0.000000000000000000, 1.000000000000000000, 0.000000000000000000 ) ) ;
#2282 = LINE ( 'NONE', #4129, #609 ) ;
#2283 = ORIENTED_EDGE ( 'NONE', *, *, #4047, .F. ) ;
#2284 = EDGE_LOOP ( 'NONE', ( #2131, #3133, #1299, #3535, #2692 ) ) ;
#2285 = PLANE ( 'NONE',  #4181 ) ;
#2286 = CARTESIAN_POINT ( 'NONE',  ( 0.000000000000000000, 2.000000000000000000, -72.00000000000000000 ) ) ;
#2287 = FACE_OUTER_BOUND ( 'NONE', #1167, .T. ) ;
#2288 = DIRECTION ( 'NONE',  ( 0.000000000000000000, 0.000000000000000000, 1.000000000000000000 ) ) ;
#2289 = VERTEX_POINT ( 'NONE', #3344 ) ;
#2290 = ORIENTED_EDGE ( 'NONE', *, *, #1765, .T. ) ;
#2291 = VECTOR ( 'NONE', #2408, 1000.000000000000000 ) ;
#2292 = DIRECTION ( 'NONE',  ( -1.000000000000000000, 0.000000000000000000, -0.000000000000000000 ) ) ;
#2293 = EDGE_LOOP ( 'NONE', ( #1957, #4689, #2157, #4357 ) ) ;
#2294 = ORIENTED_EDGE ( 'NONE', *, *, #3268, .F. ) ;
#2295 = FACE_OUTER_BOUND ( 'NONE', #3244, .T. ) ;
#2296 = CARTESIAN_POINT ( 'NONE',  ( 68.20000000000000284, 11.00000000000000000, 0.000000000000000000 ) ) ;
#2297 = CARTESIAN_POINT ( 'NONE',  ( 4.850000000000009415, 0.7999999999999999334, -5.000000000000004441 ) ) ;
#2298 = EDGE_CURVE ( 'NONE', #3249, #4208, #2801, .T. ) ;
#2299 = ORIENTED_EDGE ( 'NONE', *, *, #680, .F. ) ;
#2300 = CIRCLE ( 'NONE', #4202, 1.600000000000004086 ) ;
#2301 = CARTESIAN_POINT ( 'NONE',  ( 61.72500000000000853, 7.000000000000000000, -59.69999999999999574 ) ) ;
#2302 = LINE ( 'NONE', #125, #3398 ) ;
#2303 = AXIS2_PLACEMENT_3D ( 'NONE', #5396, #2780, #2305 ) ;
#2304 = DIRECTION ( 'NONE',  ( 0.000000000000000000, 1.000000000000000000, 0.000000000000000000 ) ) ;
#2305 = DIRECTION ( 'NONE',  ( 0.000000000000000000, -0.000000000000000000, 1.000000000000000000 ) ) ;
#2306 = EDGE_CURVE ( 'NONE', #5234, #4441, #2489, .T. ) ;
#2307 = FACE_OUTER_BOUND ( 'NONE', #4606, .T. ) ;
#2308 = EDGE_LOOP ( 'NONE', ( #3167, #5177, #889, #1638 ) ) ;
#2309 = LINE ( 'NONE', #2757, #14 ) ;
#2310 = VECTOR ( 'NONE', #2320, 1000.000000000000000 ) ;
#2311 = CARTESIAN_POINT ( 'NONE',  ( 0.000000000000000000, 12.00000000000000000, -72.00000000000000000 ) ) ;
#2312 = DIRECTION ( 'NONE',  ( 0.000000000000000000, 1.000000000000000000, 2.241244801003631869E-16 ) ) ;
#2313 = CARTESIAN_POINT ( 'NONE',  ( 0.000000000000000000, 11.00000000000000000, 0.000000000000000000 ) ) ;
#2314 = VERTEX_POINT ( 'NONE', #1170 ) ;
#2315 = CIRCLE ( 'NONE', #4929, 2.999999999999999112 ) ;
#2316 = AXIS2_PLACEMENT_3D ( 'NONE', #637, #1910, #5364 ) ;
#2317 = ORIENTED_EDGE ( 'NONE', *, *, #799, .F. ) ;
#2318 = EDGE_CURVE ( 'NONE', #5001, #4159, #4520, .T. ) ;
#2319 = CARTESIAN_POINT ( 'NONE',  ( 9.850000000000015632, 0.8000000000000000444, -72.00000000000000000 ) ) ;
#2320 = DIRECTION ( 'NONE',  ( -0.000000000000000000, -1.000000000000000000, -0.000000000000000000 ) ) ;
#2321 = ORIENTED_EDGE ( 'NONE', *, *, #740, .F. ) ;
#2322 = ORIENTED_EDGE ( 'NONE', *, *, #1920, .F. ) ;
#2323 = AXIS2_PLACEMENT_3D ( 'NONE', #1356, #533, #3905 ) ;
#2324 = CARTESIAN_POINT ( 'NONE',  ( 62.50000000000001421, 10.00000000000000000, -59.19615479394934709 ) ) ;
#2325 = CARTESIAN_POINT ( 'NONE',  ( 9.700000000000020606, 10.00000000000000000, -12.00000000000000355 ) ) ;
#2326 = CARTESIAN_POINT ( 'NONE',  ( 54.54782608695651902, 6.999999999999999112, -21.70328144671865189 ) ) ;
#2327 = EDGE_LOOP ( 'NONE', ( #3260, #4167 ) ) ;
#2328 = VECTOR ( 'NONE', #2903, 1000.000000000000000 ) ;
#2329 = VECTOR ( 'NONE', #1216, 1000.000000000000000 ) ;
#2330 = EDGE_CURVE ( 'NONE', #2562, #2019, #2080, .T. ) ;
#2331 = DIRECTION ( 'NONE',  ( 1.000000000000000000, 0.000000000000000000, 2.153677267970123255E-15 ) ) ;
#2332 = CARTESIAN_POINT ( 'NONE',  ( 63.41176470588236214, 8.500000000000000000, -63.50054502513502541 ) ) ;
#2333 = CARTESIAN_POINT ( 'NONE',  ( 6.178343949044588612, -57.61542936410531013, -62.33545261005565408 ) ) ;
#2334 = CARTESIAN_POINT ( 'NONE',  ( 63.35000000000000142, 12.00000000000000000, -70.50000000000000000 ) ) ;
#2335 = CARTESIAN_POINT ( 'NONE',  ( 0.000000000000000000, 0.000000000000000000, 0.000000000000000000 ) ) ;
#2336 = ORIENTED_EDGE ( 'NONE', *, *, #972, .T. ) ;
#2337 = CIRCLE ( 'NONE', #3975, 3.500000000000007105 ) ;
#2338 = ORIENTED_EDGE ( 'NONE', *, *, #3741, .F. ) ;
#2339 = CARTESIAN_POINT ( 'NONE',  ( 17.19999999999999574, 12.00000000000000000, -5.000000000000000000 ) ) ;
#2340 = ADVANCED_FACE ( 'NONE', ( #4308 ), #2975, .F. ) ;
#2341 = CARTESIAN_POINT ( 'NONE',  ( 8.000000000000003553, 2.000000000000000000, -28.92820323027550700 ) ) ;
#2342 = CARTESIAN_POINT ( 'NONE',  ( 4.000000000000002665, 0.000000000000000000, -42.24999999999998579 ) ) ;
#2343 = FACE_OUTER_BOUND ( 'NONE', #4130, .T. ) ;
#2344 = ORIENTED_EDGE ( 'NONE', *, *, #4399, .T. ) ;
#2345 = ORIENTED_EDGE ( 'NONE', *, *, #3345, .F. ) ;
#2346 = ADVANCED_FACE ( 'NONE', ( #1704 ), #4277, .F. ) ;
#2347 = PLANE ( 'NONE',  #1961 ) ;
#2348 = VECTOR ( 'NONE', #3219, 1000.000000000000000 ) ;
#2349 = AXIS2_PLACEMENT_3D ( 'NONE', #2696, #2719, #4872 ) ;
#2350 = LINE ( 'NONE', #3255, #5022 ) ;
#2351 = ORIENTED_EDGE ( 'NONE', *, *, #3771, .T. ) ;
#2352 = ORIENTED_EDGE ( 'NONE', *, *, #3278, .T. ) ;
#2353 = EDGE_CURVE ( 'NONE', #3204, #4405, #3895, .T. ) ;
#2354 = DIRECTION ( 'NONE',  ( 0.000000000000000000, 1.000000000000000000, -0.000000000000000000 ) ) ;
#2355 = DIRECTION ( 'NONE',  ( 0.000000000000000000, 0.000000000000000000, 1.000000000000000000 ) ) ;
#2356 = CARTESIAN_POINT ( 'NONE',  ( 59.50000000000001421, 10.00000000000000000, -55.15000000000001990 ) ) ;
#2357 = ORIENTED_EDGE ( 'NONE', *, *, #3984, .F. ) ;
#2358 = CARTESIAN_POINT ( 'NONE',  ( 61.72500000000000853, 7.000000000000000000, -52.79999999999999716 ) ) ;
#2359 = DIRECTION ( 'NONE',  ( 0.000000000000000000, 0.000000000000000000, 1.000000000000000000 ) ) ;
#2360 = DIRECTION ( 'NONE',  ( 0.000000000000000000, 1.000000000000000000, 0.000000000000000000 ) ) ;
#2361 = DIRECTION ( 'NONE',  ( 0.000000000000000000, 0.000000000000000000, 1.000000000000000000 ) ) ;
#2362 = CARTESIAN_POINT ( 'NONE',  ( 61.72500000000000853, 6.000000000000000000, -58.30000000000001137 ) ) ;
#2363 = VERTEX_POINT ( 'NONE', #885 ) ;
#2364 = EDGE_LOOP ( 'NONE', ( #2655, #5301, #2119, #1950, #5541, #3746 ) ) ;
#2365 = CARTESIAN_POINT ( 'NONE',  ( 12.15435605731787838, 12.00000000000000000, -2.000000000000004441 ) ) ;
#2366 = CYLINDRICAL_SURFACE ( 'NONE', #1940, 2.249999999999991562 ) ;
#2367 = DIRECTION ( 'NONE',  ( 0.000000000000000000, 0.000000000000000000, 1.000000000000000000 ) ) ;
#2368 = LINE ( 'NONE', #5408, #5500 ) ;
#2369 = VERTEX_POINT ( 'NONE', #2639 ) ;
#2370 = EDGE_CURVE ( 'NONE', #731, #2562, #2574, .T. ) ;
#2371 = ORIENTED_EDGE ( 'NONE', *, *, #3345, .T. ) ;
#2372 = EDGE_CURVE ( 'NONE', #2707, #3922, #3431, .T. ) ;
#2373 = CARTESIAN_POINT ( 'NONE',  ( 49.50000000000000711, 0.000000000000000000, -19.00000000000000000 ) ) ;
#2374 = PLANE ( 'NONE',  #417 ) ;
#2375 = ORIENTED_EDGE ( 'NONE', *, *, #5014, .T. ) ;
#2376 = EDGE_CURVE ( 'NONE', #4769, #604, #3485, .T. ) ;
#2377 = ORIENTED_EDGE ( 'NONE', *, *, #2858, .F. ) ;
#2378 = ADVANCED_FACE ( 'NONE', ( #5155 ), #823, .F. ) ;
#2379 = VECTOR ( 'NONE', #4266, 1000.000000000000000 ) ;
#2380 = CARTESIAN_POINT ( 'NONE',  ( 4.000000000000000000, -60.78733948814838328, -62.14999999999999858 ) ) ;
#2381 = CARTESIAN_POINT ( 'NONE',  ( 55.19999999999998863, 6.999999999999999112, -18.77502783967818090 ) ) ;
#2382 = DIRECTION ( 'NONE',  ( -0.000000000000000000, 0.000000000000000000, 1.000000000000000000 ) ) ;
#2383 = ORIENTED_EDGE ( 'NONE', *, *, #2777, .F. ) ;
#2384 = ORIENTED_EDGE ( 'NONE', *, *, #2742, .F. ) ;
#2385 = EDGE_CURVE ( 'NONE', #3569, #986, #3369, .T. ) ;
#2386 = LINE ( 'NONE', #3124, #1057 ) ;
#2387 = DIRECTION ( 'NONE',  ( -8.673617379884027583E-16, 0.000000000000000000, 1.000000000000000000 ) ) ;
#2389 = AXIS2_PLACEMENT_3D ( 'NONE', #5543, #2087, #5059 ) ;
#2388 = DIRECTION ( 'NONE',  ( 0.000000000000000000, 0.000000000000000000, -1.000000000000000000 ) ) ;
#2390 = LINE ( 'NONE', #4880, #151 ) ;
#2391 = DIRECTION ( 'NONE',  ( -1.000000000000000000, 0.000000000000000000, 0.000000000000000000 ) ) ;
#2392 = VERTEX_POINT ( 'NONE', #2522 ) ;
#2393 = VECTOR ( 'NONE', #1404, 1000.000000000000000 ) ;
#2394 = VECTOR ( 'NONE', #663, 1000.000000000000000 ) ;
#2395 = VERTEX_POINT ( 'NONE', #5553 ) ;
#2396 = CARTESIAN_POINT ( 'NONE',  ( 64.19999999999998863, 12.00000000000000000, -52.12000000000000455 ) ) ;
#2397 = CARTESIAN_POINT ( 'NONE',  ( 49.50000000000000711, 0.000000000000000000, -17.75000000000000711 ) ) ;
#2398 = FACE_OUTER_BOUND ( 'NONE', #178, .T. ) ;
#2399 = CARTESIAN_POINT ( 'NONE',  ( 0.000000000000000000, 0.8000000000000000444, 0.000000000000000000 ) ) ;
#2400 = EDGE_LOOP ( 'NONE', ( #1882, #2713, #3574, #4022, #546, #1566 ) ) ;
#2401 = VERTEX_POINT ( 'NONE', #1673 ) ;
#2402 = DIRECTION ( 'NONE',  ( 0.000000000000000000, -1.000000000000000000, 0.000000000000000000 ) ) ;
#2403 = CIRCLE ( 'NONE', #1678, 2.999999999999999112 ) ;
#2404 = EDGE_CURVE ( 'NONE', #5369, #2818, #1646, .T. ) ;
#2405 = VECTOR ( 'NONE', #1431, 1000.000000000000000 ) ;
#2406 = CARTESIAN_POINT ( 'NONE',  ( 12.15435605731787838, 10.00000000000000000, -5.000000000000004441 ) ) ;
#2407 = ORIENTED_EDGE ( 'NONE', *, *, #3514, .F. ) ;
#2408 = DIRECTION ( 'NONE',  ( 0.000000000000000000, 0.000000000000000000, -1.000000000000000000 ) ) ;
#2409 = AXIS2_PLACEMENT_3D ( 'NONE', #3572, #96, #4005 ) ;
#2410 = CARTESIAN_POINT ( 'NONE',  ( 61.72500000000000853, 6.000000000000000000, -55.55000000000000426 ) ) ;
#2411 = ORIENTED_EDGE ( 'NONE', *, *, #342, .T. ) ;
#2412 = EDGE_LOOP ( 'NONE', ( #4138, #3198, #2267, #1214 ) ) ;
#2413 = EDGE_CURVE ( 'NONE', #3249, #3299, #798, .T. ) ;
#2414 = DIRECTION ( 'NONE',  ( 0.000000000000000000, 0.000000000000000000, 1.000000000000000000 ) ) ;
#2415 = DIRECTION ( 'NONE',  ( 0.000000000000000000, 1.000000000000000000, -0.000000000000000000 ) ) ;
#2416 = VECTOR ( 'NONE', #4547, 1000.000000000000000 ) ;
#2417 = CARTESIAN_POINT ( 'NONE',  ( 47.35000000000001563, 12.00000000000000000, -70.50000000000000000 ) ) ;
#2418 = LINE ( 'NONE', #5479, #3704 ) ;
#2419 = CARTESIAN_POINT ( 'NONE',  ( 58.50000000000000711, 10.00000000000000000, -58.50132363247075773 ) ) ;
#2420 = ADVANCED_FACE ( 'NONE', ( #3399 ), #4369, .T. ) ;
#2421 = AXIS2_PLACEMENT_3D ( 'NONE', #1582, #2996, #2908 ) ;
#2422 = VERTEX_POINT ( 'NONE', #2127 ) ;
#2423 = EDGE_CURVE ( 'NONE', #4320, #1495, #914, .T. ) ;
#2424 = EDGE_LOOP ( 'NONE', ( #5233, #1914, #3549, #1833 ) ) ;
#2425 = LINE ( 'NONE', #4102, #3728 ) ;
#2426 = LINE ( 'NONE', #2056, #3114 ) ;
#2427 = LINE ( 'NONE', #2536, #1959 ) ;
#2428 =( GEOMETRIC_REPRESENTATION_CONTEXT ( 3 ) GLOBAL_UNCERTAINTY_ASSIGNED_CONTEXT ( ( #3780 ) ) GLOBAL_UNIT_ASSIGNED_CONTEXT ( ( #909, #110, #5203 ) ) REPRESENTATION_CONTEXT ( 'NONE', 'WORKASPACE' ) );
#2429 = DIRECTION ( 'NONE',  ( 1.000000000000000000, 0.000000000000000000, -0.000000000000000000 ) ) ;
#2430 = VERTEX_POINT ( 'NONE', #1223 ) ;
#2431 = ORIENTED_EDGE ( 'NONE', *, *, #1868, .T. ) ;
#2432 = CIRCLE ( 'NONE', #5605, 0.7000000000000061728 ) ;
#2433 = DIRECTION ( 'NONE',  ( 1.000000000000000000, 0.000000000000000000, -0.000000000000000000 ) ) ;
#2434 = DIRECTION ( 'NONE',  ( 0.000000000000000000, 0.000000000000000000, -1.000000000000000000 ) ) ;
#2435 = LINE ( 'NONE', #1534, #5385 ) ;
#2436 = ORIENTED_EDGE ( 'NONE', *, *, #827, .T. ) ;
#2437 = DIRECTION ( 'NONE',  ( -1.734723475976807094E-15, 0.000000000000000000, 1.000000000000000000 ) ) ;
#2438 = DIRECTION ( 'NONE',  ( 0.000000000000000000, 0.000000000000000000, -1.000000000000000000 ) ) ;
#2439 = ORIENTED_EDGE ( 'NONE', *, *, #4731, .F. ) ;
#2440 = EDGE_CURVE ( 'NONE', #4805, #1817, #911, .T. ) ;
#2441 = ORIENTED_EDGE ( 'NONE', *, *, #4864, .F. ) ;
#2442 = DIRECTION ( 'NONE',  ( -0.000000000000000000, -1.000000000000000000, -0.000000000000000000 ) ) ;
#2443 = DIRECTION ( 'NONE',  ( -0.000000000000000000, -1.000000000000000000, -2.241244801003631869E-16 ) ) ;
#2444 = DIRECTION ( 'NONE',  ( -0.000000000000000000, 1.000000000000000000, -0.000000000000000000 ) ) ;
#2445 = DIRECTION ( 'NONE',  ( -0.000000000000000000, -1.000000000000000000, -0.000000000000000000 ) ) ;
#2446 = ORIENTED_EDGE ( 'NONE', *, *, #4188, .F. ) ;
#2447 = EDGE_CURVE ( 'NONE', #1495, #1648, #547, .T. ) ;
#2448 = VERTEX_POINT ( 'NONE', #2158 ) ;
#2449 = LINE ( 'NONE', #5571, #664 ) ;
#2450 = LINE ( 'NONE', #2901, #1758 ) ;
#2451 = DIRECTION ( 'NONE',  ( -0.000000000000000000, -1.000000000000000000, 0.000000000000000000 ) ) ;
#2452 = LINE ( 'NONE', #1323, #5133 ) ;
#2453 = ORIENTED_EDGE ( 'NONE', *, *, #2694, .F. ) ;
#2454 = ORIENTED_EDGE ( 'NONE', *, *, #231, .T. ) ;
#2455 = VECTOR ( 'NONE', #5202, 1000.000000000000000 ) ;
#2456 = DIRECTION ( 'NONE',  ( -0.000000000000000000, 1.000000000000000000, -0.000000000000000000 ) ) ;
#2457 = AXIS2_PLACEMENT_3D ( 'NONE', #3435, #3489, #2104 ) ;
#2458 = DIRECTION ( 'NONE',  ( 0.000000000000000000, 1.000000000000000000, -0.000000000000000000 ) ) ;
#2459 = LINE ( 'NONE', #2096, #508 ) ;
#2460 = ORIENTED_EDGE ( 'NONE', *, *, #1768, .T. ) ;
#2461 = DIRECTION ( 'NONE',  ( 1.000000000000000000, -0.000000000000000000, 0.000000000000000000 ) ) ;
#2462 = DIRECTION ( 'NONE',  ( -0.000000000000000000, -1.000000000000000000, 0.000000000000000000 ) ) ;
#2463 = ORIENTED_EDGE ( 'NONE', *, *, #642, .T. ) ;
#2464 = ORIENTED_EDGE ( 'NONE', *, *, #448, .F. ) ;
#2465 = FACE_OUTER_BOUND ( 'NONE', #1093, .T. ) ;
#2466 = EDGE_CURVE ( 'NONE', #4133, #570, #3891, .T. ) ;
#2467 = DIRECTION ( 'NONE',  ( 0.000000000000000000, 1.000000000000000000, 0.000000000000000000 ) ) ;
#2468 = CARTESIAN_POINT ( 'NONE',  ( 8.000000000000003553, 7.000000000000000000, -28.92820323027550700 ) ) ;
#2469 = FACE_OUTER_BOUND ( 'NONE', #4840, .T. ) ;
#2470 = VERTEX_POINT ( 'NONE', #5372 ) ;
#2471 = VERTEX_POINT ( 'NONE', #1863 ) ;
#2472 = AXIS2_PLACEMENT_3D ( 'NONE', #2997, #5371, #3708 ) ;
#2473 = ADVANCED_FACE ( 'NONE', ( #2398 ), #1526, .F. ) ;
#2474 = DIRECTION ( 'NONE',  ( 0.000000000000000000, 0.000000000000000000, -1.000000000000000000 ) ) ;
#2475 = CARTESIAN_POINT ( 'NONE',  ( 6.867146923069818776, 8.500000000000000000, -9.574978537626334330 ) ) ;
#2476 = CARTESIAN_POINT ( 'NONE',  ( 66.84999999999999432, 0.5900704675055358228, -60.55623611104253712 ) ) ;
#2477 = CARTESIAN_POINT ( 'NONE',  ( 52.69999999999999574, 36.04163056034260393, -30.00000000000000000 ) ) ;
#2478 = ADVANCED_FACE ( 'NONE', ( #2287 ), #1919, .F. ) ;
#2479 = ORIENTED_EDGE ( 'NONE', *, *, #3002, .F. ) ;
#2480 = ORIENTED_EDGE ( 'NONE', *, *, #5257, .F. ) ;
#2481 = VECTOR ( 'NONE', #1432, 1000.000000000000000 ) ;
#2482 = FACE_OUTER_BOUND ( 'NONE', #1664, .T. ) ;
#2483 = DIRECTION ( 'NONE',  ( 0.000000000000000000, 0.000000000000000000, 1.000000000000000000 ) ) ;
#2484 = CARTESIAN_POINT ( 'NONE',  ( 62.22500000000000853, 6.000000000000000000, -59.69999999999999574 ) ) ;
#2485 = EDGE_CURVE ( 'NONE', #2422, #2205, #4104, .T. ) ;
#2486 = VERTEX_POINT ( 'NONE', #670 ) ;
#2487 = AXIS2_PLACEMENT_3D ( 'NONE', #5296, #1424, #2437 ) ;
#2488 = DIRECTION ( 'NONE',  ( -0.000000000000000000, 1.000000000000000000, -0.000000000000000000 ) ) ;
#2489 = LINE ( 'NONE', #4227, #1274 ) ;
#2490 = VECTOR ( 'NONE', #5284, 1000.000000000000000 ) ;
#2491 = ORIENTED_EDGE ( 'NONE', *, *, #4420, .F. ) ;
#2492 = ORIENTED_EDGE ( 'NONE', *, *, #1486, .F. ) ;
#2493 = VECTOR ( 'NONE', #2467, 1000.000000000000000 ) ;
#2494 = AXIS2_PLACEMENT_3D ( 'NONE', #1718, #3874, #5166 ) ;
#2495 = DIRECTION ( 'NONE',  ( 1.000000000000000000, -0.000000000000000000, 0.000000000000000000 ) ) ;
#2496 = DIRECTION ( 'NONE',  ( 0.000000000000000000, 0.000000000000000000, 1.000000000000000000 ) ) ;
#2497 = LINE ( 'NONE', #2954, #407 ) ;
#2498 = DIRECTION ( 'NONE',  ( 1.000000000000000000, 0.000000000000000000, -0.000000000000000000 ) ) ;
#2499 = EDGE_LOOP ( 'NONE', ( #3776, #5368, #421, #4507 ) ) ;
#2500 = EDGE_CURVE ( 'NONE', #5547, #4383, #2734, .T. ) ;
#2501 = AXIS2_PLACEMENT_3D ( 'NONE', #211, #3609, #2702 ) ;
#2502 = EDGE_LOOP ( 'NONE', ( #2453, #3754, #3402, #3966 ) ) ;
#2503 = VECTOR ( 'NONE', #4355, 1000.000000000000000 ) ;
#2504 = CARTESIAN_POINT ( 'NONE',  ( -1.734723475976807883E-15, 11.00000000000000000, -66.99999999999998579 ) ) ;
#2505 = CARTESIAN_POINT ( 'NONE',  ( 4.000000000000002665, 8.500000000000000000, -42.24999999999998579 ) ) ;
#2506 = DIRECTION ( 'NONE',  ( -0.000000000000000000, 1.000000000000000000, -0.000000000000000000 ) ) ;
#2507 = CARTESIAN_POINT ( 'NONE',  ( 45.20000000000000284, 36.04163056034260393, -25.99999999999999289 ) ) ;
#2508 = VERTEX_POINT ( 'NONE', #4974 ) ;
#2509 = ORIENTED_EDGE ( 'NONE', *, *, #1693, .T. ) ;
#2510 = CIRCLE ( 'NONE', #75, 1.600000000000004974 ) ;
#2511 = EDGE_LOOP ( 'NONE', ( #613, #2576, #4818, #643 ) ) ;
#2512 = EDGE_CURVE ( 'NONE', #570, #98, #220, .T. ) ;
#2513 = EDGE_CURVE ( 'NONE', #5069, #51, #1980, .T. ) ;
#2514 = LINE ( 'NONE', #1614, #1065 ) ;
#2515 = CIRCLE ( 'NONE', #1435, 0.6999999999999992895 ) ;
#2516 = CYLINDRICAL_SURFACE ( 'NONE', #1350, 3.650000000000000355 ) ;
#2517 = FACE_BOUND ( 'NONE', #1643, .T. ) ;
#2518 = ORIENTED_EDGE ( 'NONE', *, *, #5568, .F. ) ;
#2519 = CIRCLE ( 'NONE', #804, 1.600000000000004086 ) ;
#2520 = EDGE_CURVE ( 'NONE', #3711, #314, #3709, .T. ) ;
#2521 = ADVANCED_FACE ( 'NONE', ( #589 ), #3272, .F. ) ;
#2522 = CARTESIAN_POINT ( 'NONE',  ( 52.79999999999999716, 7.000000000000000000, -70.50000000000000000 ) ) ;
#2523 = CARTESIAN_POINT ( 'NONE',  ( 8.000000000000003553, 2.000000000000000000, -47.92820323027550700 ) ) ;
#2524 = ORIENTED_EDGE ( 'NONE', *, *, #2545, .F. ) ;
#2525 = EDGE_CURVE ( 'NONE', #3821, #3256, #564, .T. ) ;
#2526 = VERTEX_POINT ( 'NONE', #1013 ) ;
#2527 = CARTESIAN_POINT ( 'NONE',  ( 8.000000000000003553, 7.000000000000000000, -15.07179676972449123 ) ) ;
#2528 = DIRECTION ( 'NONE',  ( 0.000000000000000000, 0.000000000000000000, 1.000000000000000000 ) ) ;
#2529 = VECTOR ( 'NONE', #3619, 1000.000000000000000 ) ;
#2530 = DIRECTION ( 'NONE',  ( 0.000000000000000000, 0.000000000000000000, -1.000000000000000000 ) ) ;
#2531 = CARTESIAN_POINT ( 'NONE',  ( 49.50000000000000711, 0.000000000000000000, -20.24999999999998934 ) ) ;
#2532 = VERTEX_POINT ( 'NONE', #5435 ) ;
#2533 = ORIENTED_EDGE ( 'NONE', *, *, #277, .F. ) ;
#2534 = CARTESIAN_POINT ( 'NONE',  ( 0.000000000000000000, 12.00000000000000000, -72.00000000000000000 ) ) ;
#2535 = DIRECTION ( 'NONE',  ( 0.000000000000000000, 0.000000000000000000, -1.000000000000000000 ) ) ;
#2536 = CARTESIAN_POINT ( 'NONE',  ( 6.000000000000004441, 7.000000000000000000, -37.53589838486223584 ) ) ;
#2537 = CARTESIAN_POINT ( 'NONE',  ( 68.20000000000000284, 11.00000000000000000, 0.000000000000000000 ) ) ;
#2538 = VERTEX_POINT ( 'NONE', #4497 ) ;
#2539 = VERTEX_POINT ( 'NONE', #4942 ) ;
#2540 = CARTESIAN_POINT ( 'NONE',  ( 52.79999999999999716, 6.999999999999999112, -61.99999999999999289 ) ) ;
#2541 = CARTESIAN_POINT ( 'NONE',  ( 61.72500000000000853, 7.000000000000000000, -50.04999999999999716 ) ) ;
#2542 = ADVANCED_FACE ( 'NONE', ( #620 ), #1894, .F. ) ;
#2543 = CYLINDRICAL_SURFACE ( 'NONE', #1953, 1.249999999999987121 ) ;
#2544 = ORIENTED_EDGE ( 'NONE', *, *, #3628, .F. ) ;
#2545 = EDGE_CURVE ( 'NONE', #5609, #3621, #5299, .T. ) ;
#2546 = CARTESIAN_POINT ( 'NONE',  ( 52.69999999999999574, 36.04163056034260393, -38.49999999999999289 ) ) ;
#2547 = LINE ( 'NONE', #1705, #2934 ) ;
#2548 = ORIENTED_EDGE ( 'NONE', *, *, #5007, .T. ) ;
#2549 = ORIENTED_EDGE ( 'NONE', *, *, #996, .T. ) ;
#2550 = EDGE_CURVE ( 'NONE', #1535, #4900, #4036, .T. ) ;
#2551 = DIRECTION ( 'NONE',  ( -0.000000000000000000, -1.000000000000000000, -0.000000000000000000 ) ) ;
#2552 = FACE_OUTER_BOUND ( 'NONE', #5422, .T. ) ;
#2553 = DIRECTION ( 'NONE',  ( 0.000000000000000000, 0.000000000000000000, 1.000000000000000000 ) ) ;
#2554 = ORIENTED_EDGE ( 'NONE', *, *, #747, .F. ) ;
#2555 = ADVANCED_FACE ( 'NONE', ( #169 ), #4910, .F. ) ;
#2556 = ORIENTED_EDGE ( 'NONE', *, *, #128, .F. ) ;
#2557 = CARTESIAN_POINT ( 'NONE',  ( 62.22500000000000853, 12.00000000000000000, -56.95000000000000284 ) ) ;
#2558 = DIRECTION ( 'NONE',  ( -0.000000000000000000, -1.000000000000000000, -0.000000000000000000 ) ) ;
#2559 = LINE ( 'NONE', #2675, #1221 ) ;
#2560 = FACE_OUTER_BOUND ( 'NONE', #5388, .T. ) ;
#2561 = DIRECTION ( 'NONE',  ( 0.000000000000000000, 0.000000000000000000, -1.000000000000000000 ) ) ;
#2562 = VERTEX_POINT ( 'NONE', #3647 ) ;
#2563 = ORIENTED_EDGE ( 'NONE', *, *, #2094, .F. ) ;
#2564 = ORIENTED_EDGE ( 'NONE', *, *, #4455, .T. ) ;
#2565 = ORIENTED_EDGE ( 'NONE', *, *, #2353, .T. ) ;
#2566 = DIRECTION ( 'NONE',  ( 0.000000000000000000, 0.000000000000000000, -1.000000000000000000 ) ) ;
#2567 = FACE_OUTER_BOUND ( 'NONE', #1580, .T. ) ;
#2568 = ORIENTED_EDGE ( 'NONE', *, *, #793, .T. ) ;
#2569 = VECTOR ( 'NONE', #5515, 1000.000000000000000 ) ;
#2570 = VERTEX_POINT ( 'NONE', #1098 ) ;
#2571 = EDGE_CURVE ( 'NONE', #283, #2932, #2788, .T. ) ;
#2572 = AXIS2_PLACEMENT_3D ( 'NONE', #5057, #5514, #4693 ) ;
#2573 = AXIS2_PLACEMENT_3D ( 'NONE', #5451, #4262, #1997 ) ;
#2574 = LINE ( 'NONE', #5180, #3073 ) ;
#2575 = DIRECTION ( 'NONE',  ( 0.000000000000000000, 0.000000000000000000, -1.000000000000000000 ) ) ;
#2576 = ORIENTED_EDGE ( 'NONE', *, *, #1373, .T. ) ;
#2577 = ORIENTED_EDGE ( 'NONE', *, *, #2404, .T. ) ;
#2578 = UNCERTAINTY_MEASURE_WITH_UNIT (LENGTH_MEASURE( 1.000000000000000082E-05 ), #2167, 'distance_accuracy_value', 'NONE');
#2579 = CYLINDRICAL_SURFACE ( 'NONE', #2457, 1.249999999999987121 ) ;
#2580 = VECTOR ( 'NONE', #5612, 1000.000000000000000 ) ;
#2581 = DIRECTION ( 'NONE',  ( 0.000000000000000000, 0.000000000000000000, 1.000000000000000000 ) ) ;
#2582 = VECTOR ( 'NONE', #3964, 1000.000000000000000 ) ;
#2583 = DIRECTION ( 'NONE',  ( 0.000000000000000000, 1.000000000000000000, 0.000000000000000000 ) ) ;
#2584 = DIRECTION ( 'NONE',  ( 0.000000000000000000, 0.000000000000000000, -1.000000000000000000 ) ) ;
#2585 = AXIS2_PLACEMENT_3D ( 'NONE', #4204, #3812, #2387 ) ;
#2586 = ORIENTED_EDGE ( 'NONE', *, *, #4276, .T. ) ;
#2587 = AXIS2_PLACEMENT_3D ( 'NONE', #2523, #3029, #2575 ) ;
#2588 = ADVANCED_FACE ( 'NONE', ( #2815 ), #699, .F. ) ;
#2589 = AXIS2_PLACEMENT_3D ( 'NONE', #5077, #3351, #2530 ) ;
#2590 = VERTEX_POINT ( 'NONE', #1242 ) ;
#2591 = CARTESIAN_POINT ( 'NONE',  ( 61.72500000000000853, 6.000000000000000000, -52.79999999999999716 ) ) ;
#2592 = DIRECTION ( 'NONE',  ( -0.000000000000000000, -1.000000000000000000, 0.000000000000000000 ) ) ;
#2593 = EDGE_CURVE ( 'NONE', #3053, #3907, #3578, .T. ) ;
#2594 = AXIS2_PLACEMENT_3D ( 'NONE', #5561, #3408, #5136 ) ;
#2595 = CARTESIAN_POINT ( 'NONE',  ( 58.19999999999999574, 9.255000000000006111, -37.88000000000000256 ) ) ;
#2596 = DIRECTION ( 'NONE',  ( 0.000000000000000000, 0.000000000000000000, 1.000000000000000000 ) ) ;
#2597 = CARTESIAN_POINT ( 'NONE',  ( 9.850000000000015632, 0.000000000000000000, -5.000000000000004441 ) ) ;
#2598 = VERTEX_POINT ( 'NONE', #2004 ) ;
#2599 = EDGE_LOOP ( 'NONE', ( #123, #3333, #2260, #3756 ) ) ;
#2600 = EDGE_CURVE ( 'NONE', #953, #4586, #3403, .T. ) ;
#2601 = ORIENTED_EDGE ( 'NONE', *, *, #4323, .T. ) ;
#2602 = AXIS2_PLACEMENT_3D ( 'NONE', #323, #3324, #3786 ) ;
#2603 = ORIENTED_EDGE ( 'NONE', *, *, #3531, .T. ) ;
#2604 = CARTESIAN_POINT ( 'NONE',  ( 4.000000000000000000, 6.999999999999999112, -62.14999999999999858 ) ) ;
#2605 = DIRECTION ( 'NONE',  ( 0.000000000000000000, 1.000000000000000000, 0.000000000000000000 ) ) ;
#2606 = DIRECTION ( 'NONE',  ( 0.000000000000000000, 0.000000000000000000, -1.000000000000000000 ) ) ;
#2607 = VECTOR ( 'NONE', #2058, 1000.000000000000000 ) ;
#2608 = CIRCLE ( 'NONE', #5228, 2.999999999999999112 ) ;
#2609 = VERTEX_POINT ( 'NONE', #5111 ) ;
#2610 = CIRCLE ( 'NONE', #3882, 3.000000000000002665 ) ;
#2611 = DIRECTION ( 'NONE',  ( 0.000000000000000000, 0.000000000000000000, -1.000000000000000000 ) ) ;
#2612 = FACE_BOUND ( 'NONE', #3730, .T. ) ;
#2613 = VECTOR ( 'NONE', #551, 1000.000000000000000 ) ;
#2614 = ORIENTED_EDGE ( 'NONE', *, *, #24, .T. ) ;
#2615 = ORIENTED_EDGE ( 'NONE', *, *, #4533, .T. ) ;
#2616 = CARTESIAN_POINT ( 'NONE',  ( 59.50000000000001421, 10.00000000000000000, -59.19615479394934709 ) ) ;
#2617 = CARTESIAN_POINT ( 'NONE',  ( 58.19999999999999574, 7.000000000000000000, -10.00000000000000000 ) ) ;
#2618 = LINE ( 'NONE', #5137, #3429 ) ;
#2619 = ADVANCED_FACE ( 'NONE', ( #1692 ), #785, .T. ) ;
#2620 = ORIENTED_EDGE ( 'NONE', *, *, #32, .F. ) ;
#2621 = ORIENTED_EDGE ( 'NONE', *, *, #2924, .T. ) ;
#2622 = VECTOR ( 'NONE', #460, 1000.000000000000000 ) ;
#2623 = DIRECTION ( 'NONE',  ( 0.000000000000000000, 1.000000000000000000, 0.000000000000000000 ) ) ;
#2624 = AXIS2_PLACEMENT_3D ( 'NONE', #6, #917, #1288 ) ;
#2625 = DIRECTION ( 'NONE',  ( -0.000000000000000000, -1.000000000000000000, -0.000000000000000000 ) ) ;
#2626 = CARTESIAN_POINT ( 'NONE',  ( 25.59999999999999432, 27.39607805437114507, -58.60000000000000142 ) ) ;
#2627 = EDGE_CURVE ( 'NONE', #459, #51, #3418, .T. ) ;
#2628 = DIRECTION ( 'NONE',  ( 0.000000000000000000, 0.000000000000000000, 1.000000000000000000 ) ) ;
#2629 = ORIENTED_EDGE ( 'NONE', *, *, #790, .T. ) ;
#2630 = VERTEX_POINT ( 'NONE', #2902 ) ;
#2631 = VERTEX_POINT ( 'NONE', #5459 ) ;
#2632 = EDGE_CURVE ( 'NONE', #4692, #952, #2427, .T. ) ;
#2633 = ORIENTED_EDGE ( 'NONE', *, *, #2714, .T. ) ;
#2634 = LINE ( 'NONE', #483, #3914 ) ;
#2635 = FILL_AREA_STYLE_COLOUR ( '', #5416 ) ;
#2636 = FACE_OUTER_BOUND ( 'NONE', #2141, .T. ) ;
#2637 = EDGE_LOOP ( 'NONE', ( #3894, #3361, #2233, #2269, #2577, #4953 ) ) ;
#2638 = EDGE_LOOP ( 'NONE', ( #955, #2101, #4358, #4757 ) ) ;
#2639 = CARTESIAN_POINT ( 'NONE',  ( 4.000000000000006217, 8.500000000000000000, -12.44212546069614689 ) ) ;
#2640 = DIRECTION ( 'NONE',  ( 0.000000000000000000, 0.000000000000000000, -1.000000000000000000 ) ) ;
#2641 = ORIENTED_EDGE ( 'NONE', *, *, #247, .T. ) ;
#2642 = LINE ( 'NONE', #2616, #5244 ) ;
#2643 = AXIS2_PLACEMENT_3D ( 'NONE', #1227, #2951, #4685 ) ;
#2644 = FACE_OUTER_BOUND ( 'NONE', #850, .T. ) ;
#2645 = CYLINDRICAL_SURFACE ( 'NONE', #537, 5.000000000000001776 ) ;
#2646 = ORIENTED_EDGE ( 'NONE', *, *, #954, .F. ) ;
#2647 = EDGE_CURVE ( 'NONE', #545, #2992, #5144, .T. ) ;
#2648 = ORIENTED_EDGE ( 'NONE', *, *, #448, .T. ) ;
#2649 = CARTESIAN_POINT ( 'NONE',  ( 55.47626937064377728, 8.254999999999997229, -38.03382401983171945 ) ) ;
#2650 = CARTESIAN_POINT ( 'NONE',  ( 17.19999999999999574, -26.63564212655271035, -5.000000000000000000 ) ) ;
#2651 = DIRECTION ( 'NONE',  ( -0.000000000000000000, -1.000000000000000000, -0.000000000000000000 ) ) ;
#2652 = CARTESIAN_POINT ( 'NONE',  ( 49.50000000000000711, 7.000000000000000000, -20.24999999999998934 ) ) ;
#2653 = ORIENTED_EDGE ( 'NONE', *, *, #5476, .T. ) ;
#2654 = ORIENTED_EDGE ( 'NONE', *, *, #5104, .F. ) ;
#2655 = ORIENTED_EDGE ( 'NONE', *, *, #342, .F. ) ;
#2656 = CARTESIAN_POINT ( 'NONE',  ( 12.29127005288748009, 2.000000000000001776, -64.49999999999998579 ) ) ;
#2657 = EDGE_CURVE ( 'NONE', #2992, #2707, #3304, .T. ) ;
#2658 = LINE ( 'NONE', #4363, #3605 ) ;
#2659 = DIRECTION ( 'NONE',  ( 0.000000000000000000, 1.000000000000000000, 0.000000000000000000 ) ) ;
#2660 = ORIENTED_EDGE ( 'NONE', *, *, #4282, .T. ) ;
#2661 = VECTOR ( 'NONE', #3358, 1000.000000000000000 ) ;
#2662 = EDGE_CURVE ( 'NONE', #98, #4441, #3954, .T. ) ;
#2663 = DIRECTION ( 'NONE',  ( 0.000000000000000000, -1.000000000000000000, 0.000000000000000000 ) ) ;
#2664 = EDGE_LOOP ( 'NONE', ( #4826, #506, #742, #5108 ) ) ;
#2665 = AXIS2_PLACEMENT_3D ( 'NONE', #4853, #556, #4879 ) ;
#2666 = ADVANCED_FACE ( 'NONE', ( #1636 ), #5029, .F. ) ;
#2667 = DIRECTION ( 'NONE',  ( 0.000000000000000000, 0.000000000000000000, 1.000000000000000000 ) ) ;
#2668 = CARTESIAN_POINT ( 'NONE',  ( 1.350000000000008749, 12.00000000000000000, -5.000000000000004441 ) ) ;
#2669 = DIRECTION ( 'NONE',  ( 0.000000000000000000, 0.000000000000000000, 1.000000000000000000 ) ) ;
#2670 = ORIENTED_EDGE ( 'NONE', *, *, #2830, .T. ) ;
#2671 = VECTOR ( 'NONE', #5238, 1000.000000000000000 ) ;
#2672 = ORIENTED_EDGE ( 'NONE', *, *, #4513, .F. ) ;
#2673 = CARTESIAN_POINT ( 'NONE',  ( 50.31347356024124196, 0.000000000000000000, -34.04742775896658458 ) ) ;
#2674 = VECTOR ( 'NONE', #4878, 1000.000000000000000 ) ;
#2675 = CARTESIAN_POINT ( 'NONE',  ( 62.22500000000000853, 12.00000000000000000, -52.79999999999999716 ) ) ;
#2676 = DIRECTION ( 'NONE',  ( 0.000000000000000000, 0.000000000000000000, -1.000000000000000000 ) ) ;
#2677 = CARTESIAN_POINT ( 'NONE',  ( 67.20000000000000284, 12.00000000000000000, -52.12000000000000455 ) ) ;
#2678 = CIRCLE ( 'NONE', #3677, 5.000000000000004441 ) ;
#2679 = VERTEX_POINT ( 'NONE', #3759 ) ;
#2680 = AXIS2_PLACEMENT_3D ( 'NONE', #1038, #4083, #195 ) ;
#2681 = EDGE_LOOP ( 'NONE', ( #5446, #4841, #1127, #4107, #132, #3362 ) ) ;
#2682 = ORIENTED_EDGE ( 'NONE', *, *, #5217, .T. ) ;
#2683 = CIRCLE ( 'NONE', #3863, 4.849999999999993427 ) ;
#2684 = DIRECTION ( 'NONE',  ( -0.000000000000000000, -1.000000000000000000, -0.000000000000000000 ) ) ;
#2685 = DIRECTION ( 'NONE',  ( 0.000000000000000000, 0.000000000000000000, 1.000000000000000000 ) ) ;
#2686 = LINE ( 'NONE', #910, #3396 ) ;
#2687 = VERTEX_POINT ( 'NONE', #3297 ) ;
#2688 = EDGE_CURVE ( 'NONE', #1206, #5271, #4638, .T. ) ;
#2689 = ORIENTED_EDGE ( 'NONE', *, *, #5274, .T. ) ;
#2690 = VECTOR ( 'NONE', #982, 1000.000000000000000 ) ;
#2691 = CARTESIAN_POINT ( 'NONE',  ( 4.850000000000009415, 0.000000000000000000, -61.99999999999998579 ) ) ;
#2692 = ORIENTED_EDGE ( 'NONE', *, *, #1808, .T. ) ;
#2693 = AXIS2_PLACEMENT_3D ( 'NONE', #1293, #5227, #835 ) ;
#2694 = EDGE_CURVE ( 'NONE', #3339, #683, #2315, .T. ) ;
#2695 = EDGE_LOOP ( 'NONE', ( #1793, #3286, #5328, #4296 ) ) ;
#2696 = CARTESIAN_POINT ( 'NONE',  ( 63.35000000000001563, 8.500000000000000000, -5.000000000000004441 ) ) ;
#2697 = CIRCLE ( 'NONE', #263, 0.6999999999999922951 ) ;
#2698 = DIRECTION ( 'NONE',  ( 6.938893903907230744E-15, 0.000000000000000000, 1.000000000000000000 ) ) ;
#2699 = FACE_OUTER_BOUND ( 'NONE', #787, .T. ) ;
#2700 = EDGE_LOOP ( 'NONE', ( #319, #1676, #4100, #1750 ) ) ;
#2701 = AXIS2_PLACEMENT_3D ( 'NONE', #1290, #4767, #3523 ) ;
#2702 = DIRECTION ( 'NONE',  ( 0.000000000000000000, 0.000000000000000000, 1.000000000000000000 ) ) ;
#2703 = CARTESIAN_POINT ( 'NONE',  ( 61.72500000000000853, 7.000000000000000000, -54.20000000000000995 ) ) ;
#2704 = DIRECTION ( 'NONE',  ( 0.000000000000000000, 0.000000000000000000, 1.000000000000000000 ) ) ;
#2705 = CARTESIAN_POINT ( 'NONE',  ( 68.20000000000000284, 6.800000000000000711, -62.00000000000001421 ) ) ;
#2706 = FACE_OUTER_BOUND ( 'NONE', #238, .T. ) ;
#2707 = VERTEX_POINT ( 'NONE', #5060 ) ;
#2708 = ORIENTED_EDGE ( 'NONE', *, *, #4705, .F. ) ;
#2709 = CARTESIAN_POINT ( 'NONE',  ( 61.72500000000000853, 7.000000000000000000, -59.69999999999999574 ) ) ;
#2710 = FACE_OUTER_BOUND ( 'NONE', #591, .T. ) ;
#2711 = DIRECTION ( 'NONE',  ( 0.000000000000000000, 0.000000000000000000, -1.000000000000000000 ) ) ;
#2712 = EDGE_CURVE ( 'NONE', #5380, #351, #242, .T. ) ;
#2713 = ORIENTED_EDGE ( 'NONE', *, *, #2485, .T. ) ;
#2714 = EDGE_CURVE ( 'NONE', #5585, #4959, #361, .T. ) ;
#2715 = CARTESIAN_POINT ( 'NONE',  ( 64.19999999999998863, -8.836063273427528841, -52.12000000000000455 ) ) ;
#2716 = ORIENTED_EDGE ( 'NONE', *, *, #4691, .T. ) ;
#2717 = ORIENTED_EDGE ( 'NONE', *, *, #928, .T. ) ;
#2718 = EDGE_CURVE ( 'NONE', #4431, #4620, #1661, .T. ) ;
#2719 = DIRECTION ( 'NONE',  ( 0.000000000000000000, 1.000000000000000000, 0.000000000000000000 ) ) ;
#2720 = CARTESIAN_POINT ( 'NONE',  ( 63.35000000000000142, 6.800000000000000711, -67.00000000000000000 ) ) ;
#2721 = ADVANCED_FACE ( 'NONE', ( #2929 ), #5544, .F. ) ;
#2722 = DIRECTION ( 'NONE',  ( -0.000000000000000000, 1.000000000000000000, -0.000000000000000000 ) ) ;
#2723 = ORIENTED_EDGE ( 'NONE', *, *, #5185, .T. ) ;
#2724 = AXIS2_PLACEMENT_3D ( 'NONE', #697, #5315, #5403 ) ;
#2725 = CARTESIAN_POINT ( 'NONE',  ( 45.20000000000000284, 12.00000000000000000, -5.000000000000000000 ) ) ;
#2726 = LINE ( 'NONE', #4852, #4221 ) ;
#2727 = CARTESIAN_POINT ( 'NONE',  ( 63.35000000000001563, 12.00000000000000000, -1.499999999999997335 ) ) ;
#2728 = CARTESIAN_POINT ( 'NONE',  ( 44.19999999999999574, 2.000000000000000000, -64.49999999999998579 ) ) ;
#2729 = CARTESIAN_POINT ( 'NONE',  ( 64.19999999999998863, -8.836063273427528841, -59.15000000000000568 ) ) ;
#2730 = EDGE_CURVE ( 'NONE', #83, #1632, #3131, .T. ) ;
#2731 = VERTEX_POINT ( 'NONE', #2201 ) ;
#2732 = DIRECTION ( 'NONE',  ( -0.000000000000000000, -0.000000000000000000, 1.000000000000000000 ) ) ;
#2733 = DIRECTION ( 'NONE',  ( -0.000000000000000000, 1.000000000000000000, -0.000000000000000000 ) ) ;
#2734 = LINE ( 'NONE', #4020, #5520 ) ;
#2735 = LINE ( 'NONE', #4137, #435 ) ;
#2736 = ORIENTED_EDGE ( 'NONE', *, *, #3101, .F. ) ;
#2737 = ORIENTED_EDGE ( 'NONE', *, *, #4531, .F. ) ;
#2738 = CARTESIAN_POINT ( 'NONE',  ( 44.19999999999999574, 27.39607805437114507, -60.00000000000000000 ) ) ;
#2739 = DIRECTION ( 'NONE',  ( -1.000000000000000000, 0.000000000000000000, -0.000000000000000000 ) ) ;
#2740 = ORIENTED_EDGE ( 'NONE', *, *, #4700, .F. ) ;
#2741 = VERTEX_POINT ( 'NONE', #501 ) ;
#2742 = EDGE_CURVE ( 'NONE', #2570, #3395, #5277, .T. ) ;
#2743 = DIRECTION ( 'NONE',  ( -0.000000000000000000, -1.000000000000000000, -0.000000000000000000 ) ) ;
#2744 = DIRECTION ( 'NONE',  ( 1.000000000000000000, 0.000000000000000000, 0.000000000000000000 ) ) ;
#2745 = CARTESIAN_POINT ( 'NONE',  ( 4.850000000000002309, 8.500000000000000000, -67.00000000000000000 ) ) ;
#2746 = EDGE_LOOP ( 'NONE', ( #5056, #1407, #1875, #3881 ) ) ;
#2747 = AXIS2_PLACEMENT_3D ( 'NONE', #4903, #4545, #126 ) ;
#2748 = EDGE_CURVE ( 'NONE', #3031, #2178, #1140, .T. ) ;
#2749 = CARTESIAN_POINT ( 'NONE',  ( 63.19999999999999574, 11.00000000000000000, 1.734723475976807094E-15 ) ) ;
#2750 = CARTESIAN_POINT ( 'NONE',  ( 4.000000000000004441, 8.500000000000000000, -23.24999999999999289 ) ) ;
#2751 = DIRECTION ( 'NONE',  ( 0.000000000000000000, 0.000000000000000000, -1.000000000000000000 ) ) ;
#2752 = DIRECTION ( 'NONE',  ( 0.000000000000000000, 0.000000000000000000, 1.000000000000000000 ) ) ;
#2753 = FACE_BOUND ( 'NONE', #1298, .T. ) ;
#2754 = ORIENTED_EDGE ( 'NONE', *, *, #2550, .F. ) ;
#2755 = EDGE_CURVE ( 'NONE', #3440, #3116, #2990, .T. ) ;
#2756 = ORIENTED_EDGE ( 'NONE', *, *, #5357, .T. ) ;
#2757 = CARTESIAN_POINT ( 'NONE',  ( 9.700000000000020606, 24.05024859663368275, -12.00000000000000355 ) ) ;
#2758 = AXIS2_PLACEMENT_3D ( 'NONE', #3137, #2659, #2288 ) ;
#2759 = DIRECTION ( 'NONE',  ( -8.673617379884027583E-16, 0.000000000000000000, -1.000000000000000000 ) ) ;
#2760 = DIRECTION ( 'NONE',  ( 0.000000000000000000, 0.000000000000000000, 1.000000000000000000 ) ) ;
#2761 = DIRECTION ( 'NONE',  ( 0.000000000000000000, 0.000000000000000000, 1.000000000000000000 ) ) ;
#2762 = CIRCLE ( 'NONE', #1048, 1.600000000000004974 ) ;
#2763 = EDGE_CURVE ( 'NONE', #3922, #4530, #2232, .T. ) ;
#2764 = ORIENTED_EDGE ( 'NONE', *, *, #4561, .F. ) ;
#2765 = AXIS2_PLACEMENT_3D ( 'NONE', #1559, #260, #3277 ) ;
#2766 = CARTESIAN_POINT ( 'NONE',  ( 41.19999999999999574, 2.000000000000001776, -63.00000000000000000 ) ) ;
#2767 = FACE_OUTER_BOUND ( 'NONE', #4987, .T. ) ;
#2768 = ORIENTED_EDGE ( 'NONE', *, *, #3622, .T. ) ;
#2769 = ORIENTED_EDGE ( 'NONE', *, *, #1373, .F. ) ;
#2770 = AXIS2_PLACEMENT_3D ( 'NONE', #1998, #2050, #2955 ) ;
#2771 = CARTESIAN_POINT ( 'NONE',  ( 9.850000000000015632, 0.8000000000000000444, -66.99999999999998579 ) ) ;
#2772 = DIRECTION ( 'NONE',  ( 0.000000000000000000, 0.000000000000000000, 1.000000000000000000 ) ) ;
#2773 = CARTESIAN_POINT ( 'NONE',  ( 5.000000000000000000, 19.07106781186547906, -72.00000000000000000 ) ) ;
#2774 = ORIENTED_EDGE ( 'NONE', *, *, #3992, .T. ) ;
#2775 = AXIS2_PLACEMENT_3D ( 'NONE', #3493, #4286, #4716 ) ;
#2776 = LINE ( 'NONE', #1088, #3968 ) ;
#2777 = EDGE_CURVE ( 'NONE', #4769, #2532, #515, .T. ) ;
#2778 = LINE ( 'NONE', #5305, #328 ) ;
#2779 = CARTESIAN_POINT ( 'NONE',  ( 4.000000000000005329, 6.999999999999999112, -15.07179676972449123 ) ) ;
#2780 = DIRECTION ( 'NONE',  ( 0.000000000000000000, 1.000000000000000000, 0.000000000000000000 ) ) ;
#2781 = PLANE ( 'NONE',  #5411 ) ;
#2782 = ORIENTED_EDGE ( 'NONE', *, *, #1832, .F. ) ;
#2783 = AXIS2_PLACEMENT_3D ( 'NONE', #4169, #5524, #3825 ) ;
#2784 = VERTEX_POINT ( 'NONE', #1322 ) ;
#2785 = ADVANCED_FACE ( 'NONE', ( #2560 ), #3990, .F. ) ;
#2786 = CARTESIAN_POINT ( 'NONE',  ( 62.22500000000000853, 6.000000000000000000, -54.20000000000000995 ) ) ;
#2787 = DIRECTION ( 'NONE',  ( 0.000000000000000000, 0.000000000000000000, 1.000000000000000000 ) ) ;
#2788 = LINE ( 'NONE', #4527, #425 ) ;
#2789 = DIRECTION ( 'NONE',  ( 1.156482317317871331E-15, 0.000000000000000000, -1.000000000000000000 ) ) ;
#2790 = EDGE_LOOP ( 'NONE', ( #3354, #4806, #4814, #1100, #5608, #3138 ) ) ;
#2791 = ADVANCED_FACE ( 'NONE', ( #3501 ), #1806, .F. ) ;
#2792 = ORIENTED_EDGE ( 'NONE', *, *, #3856, .T. ) ;
#2793 = FACE_OUTER_BOUND ( 'NONE', #4298, .T. ) ;
#2794 = VECTOR ( 'NONE', #1465, 1000.000000000000000 ) ;
#2795 = VECTOR ( 'NONE', #549, 1000.000000000000000 ) ;
#2796 = CARTESIAN_POINT ( 'NONE',  ( 0.000000000000000000, 0.000000000000000000, 0.000000000000000000 ) ) ;
#2797 = ORIENTED_EDGE ( 'NONE', *, *, #2108, .F. ) ;
#2798 = ADVANCED_FACE ( 'NONE', ( #2172 ), #3931, .F. ) ;
#2799 = EDGE_LOOP ( 'NONE', ( #4699, #969, #1639, #3346 ) ) ;
#2800 = DIRECTION ( 'NONE',  ( -0.000000000000000000, -1.000000000000000000, -0.000000000000000000 ) ) ;
#2801 = LINE ( 'NONE', #3314, #1993 ) ;
#2802 = DIRECTION ( 'NONE',  ( -0.000000000000000000, 1.000000000000000000, -0.000000000000000000 ) ) ;
#2803 = VERTEX_POINT ( 'NONE', #3077 ) ;
#2804 = ORIENTED_EDGE ( 'NONE', *, *, #3300, .F. ) ;
#2805 = PLANE ( 'NONE',  #1516 ) ;
#2806 = FACE_OUTER_BOUND ( 'NONE', #5289, .T. ) ;
#2807 = CYLINDRICAL_SURFACE ( 'NONE', #3943, 0.6999999999999922951 ) ;
#2808 = DIRECTION ( 'NONE',  ( 0.000000000000000000, 0.000000000000000000, -1.000000000000000000 ) ) ;
#2809 = CARTESIAN_POINT ( 'NONE',  ( 4.000000000000007105, 11.99999999999999645, -11.25623611104252575 ) ) ;
#2810 = ORIENTED_EDGE ( 'NONE', *, *, #3712, .T. ) ;
#2811 = EDGE_CURVE ( 'NONE', #2392, #875, #3099, .T. ) ;
#2812 = VERTEX_POINT ( 'NONE', #950 ) ;
#2813 = FACE_OUTER_BOUND ( 'NONE', #1763, .T. ) ;
#2814 = CARTESIAN_POINT ( 'NONE',  ( 11.95000000000000995, -5.158910531638168706, -12.00000000000000355 ) ) ;
#2815 = FACE_OUTER_BOUND ( 'NONE', #541, .T. ) ;
#2816 = DIRECTION ( 'NONE',  ( 1.146924612216070931E-16, 0.000000000000000000, 1.000000000000000000 ) ) ;
#2817 = ORIENTED_EDGE ( 'NONE', *, *, #5009, .T. ) ;
#2818 = VERTEX_POINT ( 'NONE', #4411 ) ;
#2819 = ADVANCED_FACE ( 'NONE', ( #46 ), #4722, .F. ) ;
#2820 = CARTESIAN_POINT ( 'NONE',  ( 4.000000000000000000, 8.500000000000000000, -62.14999999999999858 ) ) ;
#2821 = LINE ( 'NONE', #287, #2310 ) ;
#2822 = ORIENTED_EDGE ( 'NONE', *, *, #4771, .F. ) ;
#2823 = AXIS2_PLACEMENT_3D ( 'NONE', #85, #562, #3135 ) ;
#2824 = AXIS2_PLACEMENT_3D ( 'NONE', #2396, #4161, #4996 ) ;
#2825 = EDGE_CURVE ( 'NONE', #5015, #2422, #838, .T. ) ;
#2826 = LINE ( 'NONE', #3718, #3673 ) ;
#2827 = DIRECTION ( 'NONE',  ( -1.000000000000000000, 0.000000000000000000, -0.000000000000000000 ) ) ;
#2828 = FACE_OUTER_BOUND ( 'NONE', #4350, .T. ) ;
#2829 = ORIENTED_EDGE ( 'NONE', *, *, #3132, .T. ) ;
#2830 = EDGE_CURVE ( 'NONE', #4939, #1915, #4484, .T. ) ;
#2831 = EDGE_LOOP ( 'NONE', ( #49, #3985, #4464, #1869 ) ) ;
#2832 = CARTESIAN_POINT ( 'NONE',  ( 5.000000000000000000, 19.07106781186547906, -66.99999999999998579 ) ) ;
#2833 = CARTESIAN_POINT ( 'NONE',  ( 58.35000000000001563, 6.800000000000000711, -72.00000000000000000 ) ) ;
#2834 = DIRECTION ( 'NONE',  ( -0.000000000000000000, -1.000000000000000000, -0.000000000000000000 ) ) ;
#2835 = DIRECTION ( 'NONE',  ( -0.000000000000000000, 0.000000000000000000, -1.000000000000000000 ) ) ;
#2836 = DIRECTION ( 'NONE',  ( 1.160904811839163983E-16, 0.000000000000000000, 1.000000000000000000 ) ) ;
#2837 = ORIENTED_EDGE ( 'NONE', *, *, #512, .T. ) ;
#2838 = AXIS2_PLACEMENT_3D ( 'NONE', #4185, #5109, #1689 ) ;
#2839 = AXIS2_PLACEMENT_3D ( 'NONE', #1855, #5338, #981 ) ;
#2840 = ORIENTED_EDGE ( 'NONE', *, *, #3353, .F. ) ;
#2841 = DIRECTION ( 'NONE',  ( 0.000000000000000000, 0.000000000000000000, 1.000000000000000000 ) ) ;
#2842 = DIRECTION ( 'NONE',  ( 0.000000000000000000, 0.000000000000000000, -1.000000000000000000 ) ) ;
#2843 = DIRECTION ( 'NONE',  ( 0.000000000000000000, 0.000000000000000000, -1.000000000000000000 ) ) ;
#2844 = CARTESIAN_POINT ( 'NONE',  ( 17.19999999999999574, 1.999999999999998224, -5.000000000000000000 ) ) ;
#2845 = ORIENTED_EDGE ( 'NONE', *, *, #5123, .F. ) ;
#2846 = EDGE_LOOP ( 'NONE', ( #1756, #2797, #5555, #4947 ) ) ;
#2847 = CARTESIAN_POINT ( 'NONE',  ( 57.10936900043424203, 12.00000000000000000, -37.75960285502684854 ) ) ;
#2848 = VECTOR ( 'NONE', #5350, 1000.000000000000000 ) ;
#2849 = VECTOR ( 'NONE', #4213, 1000.000000000000000 ) ;
#2850 = ADVANCED_FACE ( 'NONE', ( #3444 ), #4748, .F. ) ;
#2851 = AXIS2_PLACEMENT_3D ( 'NONE', #2048, #5052, #1969 ) ;
#2852 = CARTESIAN_POINT ( 'NONE',  ( 4.000000000000002665, 0.000000000000000000, -42.24999999999998579 ) ) ;
#2853 = ORIENTED_EDGE ( 'NONE', *, *, #2885, .T. ) ;
#2854 = CIRCLE ( 'NONE', #5390, 3.500000000000003109 ) ;
#2855 = AXIS2_PLACEMENT_3D ( 'NONE', #754, #5085, #4241 ) ;
#2856 = CARTESIAN_POINT ( 'NONE',  ( 61.72500000000000853, 7.000000000000000000, -56.95000000000000284 ) ) ;
#2857 = AXIS2_PLACEMENT_3D ( 'NONE', #5219, #4284, #1347 ) ;
#2858 = EDGE_CURVE ( 'NONE', #4808, #913, #2762, .T. ) ;
#2859 = DIRECTION ( 'NONE',  ( 0.000000000000000000, 0.000000000000000000, 1.000000000000000000 ) ) ;
#2860 = ORIENTED_EDGE ( 'NONE', *, *, #592, .F. ) ;
#2861 = ORIENTED_EDGE ( 'NONE', *, *, #4323, .F. ) ;
#2862 = ADVANCED_FACE ( 'NONE', ( #4779 ), #901, .T. ) ;
#2863 = CIRCLE ( 'NONE', #2323, 1.600000000000004086 ) ;
#2864 = CARTESIAN_POINT ( 'NONE',  ( 0.000000000000000000, 12.00000000000000000, 0.000000000000000000 ) ) ;
#2865 = ADVANCED_FACE ( 'NONE', ( #3612 ), #3582, .F. ) ;
#2866 = DIRECTION ( 'NONE',  ( -0.000000000000000000, -0.000000000000000000, 1.000000000000000000 ) ) ;
#2867 = CIRCLE ( 'NONE', #3597, 3.000000000000002665 ) ;
#2868 = PLANE ( 'NONE',  #858 ) ;
#2869 = DIRECTION ( 'NONE',  ( 0.000000000000000000, 1.000000000000000000, 0.000000000000000000 ) ) ;
#2870 = AXIS2_PLACEMENT_3D ( 'NONE', #385, #2142, #3873 ) ;
#2871 = ORIENTED_EDGE ( 'NONE', *, *, #1586, .T. ) ;
#2872 = VERTEX_POINT ( 'NONE', #1941 ) ;
#2873 = LINE ( 'NONE', #3295, #3374 ) ;
#2874 = LINE ( 'NONE', #2963, #4385 ) ;
#2875 = CARTESIAN_POINT ( 'NONE',  ( 42.20000000000000284, 2.000000000000001776, -2.000000000000000000 ) ) ;
#2876 = AXIS2_PLACEMENT_3D ( 'NONE', #1823, #2722, #575 ) ;
#2877 = FACE_OUTER_BOUND ( 'NONE', #3013, .T. ) ;
#2878 = ORIENTED_EDGE ( 'NONE', *, *, #2712, .T. ) ;
#2879 = ORIENTED_EDGE ( 'NONE', *, *, #4600, .F. ) ;
#2880 = CIRCLE ( 'NONE', #3978, 3.500000000000007105 ) ;
#2881 = DIRECTION ( 'NONE',  ( -0.000000000000000000, -1.000000000000000000, -0.000000000000000000 ) ) ;
#2882 = DIRECTION ( 'NONE',  ( 0.000000000000000000, 0.000000000000000000, -1.000000000000000000 ) ) ;
#2883 = DIRECTION ( 'NONE',  ( 1.000000000000000000, 0.000000000000000000, 0.000000000000000000 ) ) ;
#2884 = ORIENTED_EDGE ( 'NONE', *, *, #2185, .T. ) ;
#2885 = EDGE_CURVE ( 'NONE', #2401, #545, #611, .T. ) ;
#2886 = AXIS2_PLACEMENT_3D ( 'NONE', #4680, #5129, #4708 ) ;
#2887 = PLANE ( 'NONE',  #3397 ) ;
#2888 = DIRECTION ( 'NONE',  ( -1.000000000000000000, 0.000000000000000000, 0.000000000000000000 ) ) ;
#2889 = ORIENTED_EDGE ( 'NONE', *, *, #453, .F. ) ;
#2890 = ORIENTED_EDGE ( 'NONE', *, *, #686, .F. ) ;
#2891 = EDGE_CURVE ( 'NONE', #318, #875, #3668, .T. ) ;
#2892 = EDGE_CURVE ( 'NONE', #1326, #1119, #5308, .T. ) ;
#2893 = CARTESIAN_POINT ( 'NONE',  ( 9.447472580446406809, -57.61542936410531013, -65.45541401273884219 ) ) ;
#2894 = CARTESIAN_POINT ( 'NONE',  ( 4.000000000000002665, -1.402220585023716934E-15, -39.75000000000000711 ) ) ;
#2895 = DIRECTION ( 'NONE',  ( -1.000000000000000000, 0.000000000000000000, 0.000000000000000000 ) ) ;
#2896 = PLANE ( 'NONE',  #158 ) ;
#2897 = ORIENTED_EDGE ( 'NONE', *, *, #4399, .F. ) ;
#2898 = ORIENTED_EDGE ( 'NONE', *, *, #3810, .T. ) ;
#2899 = FACE_OUTER_BOUND ( 'NONE', #2799, .T. ) ;
#2900 = ADVANCED_FACE ( 'NONE', ( #557 ), #1518, .F. ) ;
#2901 = CARTESIAN_POINT ( 'NONE',  ( 61.72500000000000853, 12.00000000000000000, -58.30000000000001137 ) ) ;
#2902 = CARTESIAN_POINT ( 'NONE',  ( 58.50000000000000711, 8.500000000000000000, -65.50000000000000000 ) ) ;
#2903 = DIRECTION ( 'NONE',  ( 0.000000000000000000, 0.000000000000000000, -1.000000000000000000 ) ) ;
#2904 = ORIENTED_EDGE ( 'NONE', *, *, #3842, .T. ) ;
#2905 = EDGE_LOOP ( 'NONE', ( #3899, #4718, #4275, #1494 ) ) ;
#2906 = ORIENTED_EDGE ( 'NONE', *, *, #4803, .T. ) ;
#2907 = VECTOR ( 'NONE', #5093, 1000.000000000000000 ) ;
#2908 = DIRECTION ( 'NONE',  ( 0.000000000000000000, 0.000000000000000000, 1.000000000000000000 ) ) ;
#2909 = VECTOR ( 'NONE', #3237, 1000.000000000000000 ) ;
#2910 = CARTESIAN_POINT ( 'NONE',  ( 58.19999999999999574, 8.255000000000000782, -47.62000000000000455 ) ) ;
#2911 = CARTESIAN_POINT ( 'NONE',  ( 54.19999999999999574, 6.999999999999999112, -42.40967364599084988 ) ) ;
#2912 = VERTEX_POINT ( 'NONE', #2705 ) ;
#2913 = DIRECTION ( 'NONE',  ( 0.000000000000000000, 0.000000000000000000, 1.000000000000000000 ) ) ;
#2914 = CARTESIAN_POINT ( 'NONE',  ( 47.35000000000001563, -36.30499314710814218, -70.50000000000000000 ) ) ;
#2915 = EDGE_CURVE ( 'NONE', #98, #1706, #1459, .T. ) ;
#2916 = ORIENTED_EDGE ( 'NONE', *, *, #5389, .T. ) ;
#2917 = EDGE_LOOP ( 'NONE', ( #115, #1442, #229, #308 ) ) ;
#2918 = DIRECTION ( 'NONE',  ( 0.000000000000000000, 0.000000000000000000, 1.000000000000000000 ) ) ;
#2919 = LINE ( 'NONE', #4572, #61 ) ;
#2920 = LINE ( 'NONE', #1232, #878 ) ;
#2921 = EDGE_CURVE ( 'NONE', #4692, #5310, #4044, .T. ) ;
#2922 = DIRECTION ( 'NONE',  ( -0.000000000000000000, 1.000000000000000000, -0.000000000000000000 ) ) ;
#2923 = VERTEX_POINT ( 'NONE', #4965 ) ;
#2924 = EDGE_CURVE ( 'NONE', #71, #1326, #1007, .T. ) ;
#2925 = VERTEX_POINT ( 'NONE', #4904 ) ;
#2926 = VECTOR ( 'NONE', #2733, 1000.000000000000000 ) ;
#2927 = FACE_OUTER_BOUND ( 'NONE', #1266, .T. ) ;
#2928 = LINE ( 'NONE', #1635, #3566 ) ;
#2929 = FACE_OUTER_BOUND ( 'NONE', #137, .T. ) ;
#2930 = EDGE_CURVE ( 'NONE', #3689, #4764, #189, .T. ) ;
#2931 = CARTESIAN_POINT ( 'NONE',  ( 58.19999999999999574, 12.00000000000000000, -10.00000000000000000 ) ) ;
#2932 = VERTEX_POINT ( 'NONE', #3211 ) ;
#2933 = ORIENTED_EDGE ( 'NONE', *, *, #4065, .T. ) ;
#2934 = VECTOR ( 'NONE', #2834, 1000.000000000000000 ) ;
#2935 = EDGE_CURVE ( 'NONE', #1915, #5118, #3312, .T. ) ;
#2936 = PLANE ( 'NONE',  #4777 ) ;
#2937 = EDGE_CURVE ( 'NONE', #3274, #3460, #2390, .T. ) ;
#2938 = FACE_OUTER_BOUND ( 'NONE', #454, .T. ) ;
#2939 = LINE ( 'NONE', #1584, #1861 ) ;
#2940 = ORIENTED_EDGE ( 'NONE', *, *, #1621, .F. ) ;
#2941 = AXIS2_PLACEMENT_3D ( 'NONE', #2911, #4223, #4729 ) ;
#2942 = CIRCLE ( 'NONE', #3556, 3.999999999999996447 ) ;
#2943 = CARTESIAN_POINT ( 'NONE',  ( 52.69999999999999574, 6.999999999999999112, -30.00000000000000000 ) ) ;
#2944 = DIRECTION ( 'NONE',  ( -0.000000000000000000, -1.000000000000000000, -0.000000000000000000 ) ) ;
#2945 = AXIS2_PLACEMENT_3D ( 'NONE', #2243, #4341, #3543 ) ;
#2946 = ORIENTED_EDGE ( 'NONE', *, *, #4023, .F. ) ;
#2947 = VECTOR ( 'NONE', #2451, 1000.000000000000000 ) ;
#2948 = VERTEX_POINT ( 'NONE', #127 ) ;
#2949 = AXIS2_PLACEMENT_3D ( 'NONE', #1871, #3714, #5412 ) ;
#2950 = VECTOR ( 'NONE', #806, 1000.000000000000000 ) ;
#2951 = DIRECTION ( 'NONE',  ( -0.000000000000000000, 1.000000000000000000, -0.000000000000000000 ) ) ;
#2952 = AXIS2_PLACEMENT_3D ( 'NONE', #1803, #443, #5600 ) ;
#2953 = FACE_OUTER_BOUND ( 'NONE', #2664, .T. ) ;
#2954 = CARTESIAN_POINT ( 'NONE',  ( 63.35000000000000142, 8.500000000000000000, -70.50000000000000000 ) ) ;
#2955 = DIRECTION ( 'NONE',  ( 0.000000000000000000, 0.000000000000000000, 1.000000000000000000 ) ) ;
#2956 = VERTEX_POINT ( 'NONE', #2728 ) ;
#2957 = ADVANCED_FACE ( 'NONE', ( #4460 ), #3641, .F. ) ;
#2958 = ORIENTED_EDGE ( 'NONE', *, *, #3712, .F. ) ;
#2959 = CIRCLE ( 'NONE', #1971, 3.500000000000003109 ) ;
#2960 = DIRECTION ( 'NONE',  ( 0.000000000000000000, 1.000000000000000000, 0.000000000000000000 ) ) ;
#2961 = ADVANCED_FACE ( 'NONE', ( #4933, #582 ), #4546, .T. ) ;
#2962 = VECTOR ( 'NONE', #4979, 1000.000000000000000 ) ;
#2963 = CARTESIAN_POINT ( 'NONE',  ( 47.35000000000001563, 6.000000000000005329, -2.571758278209441661E-15 ) ) ;
#2964 = DIRECTION ( 'NONE',  ( -1.000000000000000000, 0.000000000000000000, -0.000000000000000000 ) ) ;
#2965 = DIRECTION ( 'NONE',  ( 0.000000000000000000, 0.000000000000000000, -1.000000000000000000 ) ) ;
#2966 = ORIENTED_EDGE ( 'NONE', *, *, #2513, .F. ) ;
#2967 = ORIENTED_EDGE ( 'NONE', *, *, #163, .T. ) ;
#2968 = EDGE_CURVE ( 'NONE', #2392, #1361, #245, .T. ) ;
#2969 = CARTESIAN_POINT ( 'NONE',  ( 49.98571428571430886, -11.31370849898477360, -15.02959931081847955 ) ) ;
#2970 = VECTOR ( 'NONE', #2013, 1000.000000000000000 ) ;
#2971 = DIRECTION ( 'NONE',  ( 1.927470528863119049E-16, 0.000000000000000000, -1.000000000000000000 ) ) ;
#2972 = EDGE_CURVE ( 'NONE', #1119, #237, #4029, .T. ) ;
#2973 = CARTESIAN_POINT ( 'NONE',  ( 66.84999999999999432, 10.00000000000000000, -60.55623611104253712 ) ) ;
#2974 = EDGE_LOOP ( 'NONE', ( #5200, #384, #3695 ) ) ;
#2975 = PLANE ( 'NONE',  #5064 ) ;
#2976 = EDGE_CURVE ( 'NONE', #3907, #2369, #1132, .T. ) ;
#2977 = LINE ( 'NONE', #2100, #498 ) ;
#2978 = ORIENTED_EDGE ( 'NONE', *, *, #470, .T. ) ;
#2979 = EDGE_LOOP ( 'NONE', ( #4792, #3367, #2871, #2053 ) ) ;
#2980 = DIRECTION ( 'NONE',  ( 0.000000000000000000, 0.000000000000000000, 1.000000000000000000 ) ) ;
#2981 = CARTESIAN_POINT ( 'NONE',  ( 63.19999999999999574, 19.07106781186547906, -66.99999999999998579 ) ) ;
#2982 = AXIS2_PLACEMENT_3D ( 'NONE', #3061, #5094, #3918 ) ;
#2983 = CARTESIAN_POINT ( 'NONE',  ( 4.000000000000000000, 13.78084679151411862, -12.44212546069614866 ) ) ;
#2984 = LINE ( 'NONE', #494, #3785 ) ;
#2985 = ORIENTED_EDGE ( 'NONE', *, *, #3278, .F. ) ;
#2986 = EDGE_LOOP ( 'NONE', ( #2740, #222, #2861, #1749 ) ) ;
#2987 = DIRECTION ( 'NONE',  ( 0.000000000000000000, 0.000000000000000000, 1.000000000000000000 ) ) ;
#2988 = CARTESIAN_POINT ( 'NONE',  ( 58.19999999999999574, 12.00000000000000000, -37.88000000000000256 ) ) ;
#2989 = CYLINDRICAL_SURFACE ( 'NONE', #674, 3.000000000000000000 ) ;
#2990 = LINE ( 'NONE', #2228, #2582 ) ;
#2991 = DIRECTION ( 'NONE',  ( 0.000000000000000000, 1.000000000000000000, -0.000000000000000000 ) ) ;
#2992 = VERTEX_POINT ( 'NONE', #355 ) ;
#2993 = ADVANCED_FACE ( 'NONE', ( #3726 ), #774, .T. ) ;
#2994 = ORIENTED_EDGE ( 'NONE', *, *, #1522, .F. ) ;
#2995 = ORIENTED_EDGE ( 'NONE', *, *, #1282, .T. ) ;
#2996 = DIRECTION ( 'NONE',  ( 0.000000000000000000, 1.000000000000000000, 0.000000000000000000 ) ) ;
#2997 = CARTESIAN_POINT ( 'NONE',  ( 4.850000000000009415, 0.8000000000000000444, -66.99999999999998579 ) ) ;
#2998 = CARTESIAN_POINT ( 'NONE',  ( 0.000000000000000000, 0.000000000000000000, -61.99999999999998579 ) ) ;
#2999 = VERTEX_POINT ( 'NONE', #380 ) ;
#3000 = DIRECTION ( 'NONE',  ( -0.000000000000000000, -1.000000000000000000, -0.000000000000000000 ) ) ;
#3001 = DIRECTION ( 'NONE',  ( -1.000000000000000000, 0.000000000000000000, -3.469446951953614189E-16 ) ) ;
#3002 = EDGE_CURVE ( 'NONE', #2203, #3070, #2497, .T. ) ;
#3003 = ORIENTED_EDGE ( 'NONE', *, *, #1448, .F. ) ;
#3004 = EDGE_LOOP ( 'NONE', ( #3650, #1801, #4140, #5409, #2253, #1684 ) ) ;
#3005 = ADVANCED_FACE ( 'NONE', ( #273 ), #2868, .F. ) ;
#3006 = DIRECTION ( 'NONE',  ( 0.000000000000000000, 0.000000000000000000, 1.000000000000000000 ) ) ;
#3007 = DIRECTION ( 'NONE',  ( 0.000000000000000000, 0.000000000000000000, 1.000000000000000000 ) ) ;
#3008 = EDGE_CURVE ( 'NONE', #3513, #5369, #4628, .T. ) ;
#3009 = DIRECTION ( 'NONE',  ( 0.000000000000000000, 0.000000000000000000, 1.000000000000000000 ) ) ;
#3010 = CYLINDRICAL_SURFACE ( 'NONE', #2775, 0.7000000000000061728 ) ;
#3011 = EDGE_LOOP ( 'NONE', ( #4642, #715, #2884, #2024 ) ) ;
#3012 = VECTOR ( 'NONE', #4418, 1000.000000000000000 ) ;
#3013 = EDGE_LOOP ( 'NONE', ( #3079, #2890, #1375, #1469 ) ) ;
#3014 = LINE ( 'NONE', #4745, #4858 ) ;
#3015 = CARTESIAN_POINT ( 'NONE',  ( 45.20000000000000284, 7.000000000000000000, -57.20000000000000284 ) ) ;
#3016 = CARTESIAN_POINT ( 'NONE',  ( 63.35000000000001563, 6.800000000000000711, -3.399999999999999023 ) ) ;
#3017 = CARTESIAN_POINT ( 'NONE',  ( 0.000000000000000000, 0.8000000000000000444, -10.00000000000000888 ) ) ;
#3018 = DIRECTION ( 'NONE',  ( 1.430699774001492601E-15, -0.000000000000000000, 1.000000000000000000 ) ) ;
#3019 = ORIENTED_EDGE ( 'NONE', *, *, #5430, .F. ) ;
#3020 = ORIENTED_EDGE ( 'NONE', *, *, #4313, .T. ) ;
#3021 = EDGE_LOOP ( 'NONE', ( #3706, #1300, #4271, #3309 ) ) ;
#3022 = FACE_OUTER_BOUND ( 'NONE', #5148, .T. ) ;
#3023 = LINE ( 'NONE', #426, #1619 ) ;
#3024 = CARTESIAN_POINT ( 'NONE',  ( 4.850000000000009415, 0.7999999999999999334, -5.000000000000004441 ) ) ;
#3025 = CIRCLE ( 'NONE', #4290, 4.000000000000000000 ) ;
#3026 = ORIENTED_EDGE ( 'NONE', *, *, #1725, .T. ) ;
#3027 = ADVANCED_FACE ( 'NONE', ( #1629 ), #1547, .F. ) ;
#3028 = DIRECTION ( 'NONE',  ( -0.000000000000000000, -1.000000000000000000, 0.000000000000000000 ) ) ;
#3029 = DIRECTION ( 'NONE',  ( -0.000000000000000000, 1.000000000000000000, -0.000000000000000000 ) ) ;
#3030 = ORIENTED_EDGE ( 'NONE', *, *, #4531, .T. ) ;
#3031 = VERTEX_POINT ( 'NONE', #3290 ) ;
#3032 = EDGE_CURVE ( 'NONE', #1129, #3838, #322, .T. ) ;
#3033 = DIRECTION ( 'NONE',  ( 1.243826584113389824E-16, 0.000000000000000000, 1.000000000000000000 ) ) ;
#3034 = VECTOR ( 'NONE', #2883, 1000.000000000000000 ) ;
#3035 = CYLINDRICAL_SURFACE ( 'NONE', #2236, 5.000000000000004441 ) ;
#3036 = AXIS2_PLACEMENT_3D ( 'NONE', #5406, #3247, #2843 ) ;
#3037 = DIRECTION ( 'NONE',  ( -0.000000000000000000, -1.000000000000000000, -0.000000000000000000 ) ) ;
#3038 = CARTESIAN_POINT ( 'NONE',  ( 41.19999999999999574, 67.58194863158495025, -64.49999999999998579 ) ) ;
#3039 = VECTOR ( 'NONE', #4902, 1000.000000000000000 ) ;
#3040 = ADVANCED_FACE ( 'NONE', ( #3784 ), #5536, .T. ) ;
#3041 = ORIENTED_EDGE ( 'NONE', *, *, #4871, .F. ) ;
#3042 = EDGE_CURVE ( 'NONE', #3629, #3460, #1872, .T. ) ;
#3043 = DIRECTION ( 'NONE',  ( -0.000000000000000000, -1.000000000000000000, -0.000000000000000000 ) ) ;
#3044 = CARTESIAN_POINT ( 'NONE',  ( 58.19999999999999574, 6.999999999999999112, -49.12000000000000455 ) ) ;
#3045 = AXIS2_PLACEMENT_3D ( 'NONE', #3982, #4816, #4452 ) ;
#3046 = DIRECTION ( 'NONE',  ( 1.000000000000000000, 0.000000000000000000, -0.000000000000000000 ) ) ;
#3047 = DIRECTION ( 'NONE',  ( 0.000000000000000000, 0.000000000000000000, 1.000000000000000000 ) ) ;
#3048 = DIRECTION ( 'NONE',  ( 0.000000000000000000, 0.000000000000000000, 1.000000000000000000 ) ) ;
#3049 = ORIENTED_EDGE ( 'NONE', *, *, #830, .T. ) ;
#3050 = VERTEX_POINT ( 'NONE', #4991 ) ;
#3051 = ORIENTED_EDGE ( 'NONE', *, *, #1230, .T. ) ;
#3052 = AXIS2_PLACEMENT_3D ( 'NONE', #5170, #3018, #4749 ) ;
#3053 = VERTEX_POINT ( 'NONE', #4603 ) ;
#3054 = CARTESIAN_POINT ( 'NONE',  ( 68.20000000000000284, 12.00000000000000000, -37.88000000000000256 ) ) ;
#3055 = CARTESIAN_POINT ( 'NONE',  ( 49.50000000000000711, -1.402220585023716934E-15, -39.75000000000000711 ) ) ;
#3056 = LINE ( 'NONE', #3997, #2490 ) ;
#3057 = ORIENTED_EDGE ( 'NONE', *, *, #1180, .F. ) ;
#3058 = VECTOR ( 'NONE', #1864, 1000.000000000000000 ) ;
#3059 = AXIS2_PLACEMENT_3D ( 'NONE', #5089, #337, #791 ) ;
#3060 = ORIENTED_EDGE ( 'NONE', *, *, #167, .F. ) ;
#3061 = CARTESIAN_POINT ( 'NONE',  ( 61.72500000000000853, 12.00000000000000000, -56.95000000000000284 ) ) ;
#3062 = FACE_OUTER_BOUND ( 'NONE', #2831, .T. ) ;
#3063 = VECTOR ( 'NONE', #1303, 1000.000000000000000 ) ;
#3064 = VERTEX_POINT ( 'NONE', #1204 ) ;
#3065 = ADVANCED_FACE ( 'NONE', ( #721 ), #4234, .F. ) ;
#3066 = LINE ( 'NONE', #3521, #912 ) ;
#3067 = CARTESIAN_POINT ( 'NONE',  ( 4.000000000000000000, 0.000000000000000000, -22.00000000000000000 ) ) ;
#3068 = CARTESIAN_POINT ( 'NONE',  ( 49.98571428571430886, 6.000000000000000000, -44.97040068918150979 ) ) ;
#3069 = DIRECTION ( 'NONE',  ( 1.000000000000000000, 0.000000000000000000, 0.000000000000000000 ) ) ;
#3070 = VERTEX_POINT ( 'NONE', #4179 ) ;
#3071 = EDGE_CURVE ( 'NONE', #1706, #4133, #2920, .T. ) ;
#3072 = ORIENTED_EDGE ( 'NONE', *, *, #2748, .T. ) ;
#3073 = VECTOR ( 'NONE', #1759, 1000.000000000000000 ) ;
#3074 = LINE ( 'NONE', #2591, #5592 ) ;
#3075 = AXIS2_PLACEMENT_3D ( 'NONE', #5218, #2551, #2163 ) ;
#3076 = FACE_OUTER_BOUND ( 'NONE', #5031, .T. ) ;
#3077 = CARTESIAN_POINT ( 'NONE',  ( 61.72500000000000853, 7.000000000000000000, -58.30000000000001137 ) ) ;
#3078 = CARTESIAN_POINT ( 'NONE',  ( 58.19999999999999574, 12.00000000000000000, -13.00000000000000178 ) ) ;
#3079 = ORIENTED_EDGE ( 'NONE', *, *, #2718, .T. ) ;
#3080 = ORIENTED_EDGE ( 'NONE', *, *, #3497, .F. ) ;
#3081 = ORIENTED_EDGE ( 'NONE', *, *, #1644, .F. ) ;
#3082 = EDGE_CURVE ( 'NONE', #2032, #144, #5565, .T. ) ;
#3083 = VERTEX_POINT ( 'NONE', #3813 ) ;
#3084 = LINE ( 'NONE', #1834, #1113 ) ;
#3085 = DIRECTION ( 'NONE',  ( 0.000000000000000000, 1.000000000000000000, 0.000000000000000000 ) ) ;
#3086 = EDGE_LOOP ( 'NONE', ( #797, #5025, #2878, #5006 ) ) ;
#3087 = CARTESIAN_POINT ( 'NONE',  ( 63.35000000000000142, 6.000000000000000000, -62.00000000000000711 ) ) ;
#3088 = ORIENTED_EDGE ( 'NONE', *, *, #3799, .F. ) ;
#3089 = CARTESIAN_POINT ( 'NONE',  ( 1.000000000000000000, -57.61542936410531013, -62.15000000000000568 ) ) ;
#3090 = EDGE_CURVE ( 'NONE', #1390, #391, #3849, .T. ) ;
#3091 = DIRECTION ( 'NONE',  ( -0.000000000000000000, 1.000000000000000000, -0.000000000000000000 ) ) ;
#3092 = LINE ( 'NONE', #405, #987 ) ;
#3093 = DIRECTION ( 'NONE',  ( 0.000000000000000000, 0.000000000000000000, 1.000000000000000000 ) ) ;
#3094 = ORIENTED_EDGE ( 'NONE', *, *, #4432, .F. ) ;
#3095 = DIRECTION ( 'NONE',  ( 1.160904811839163983E-16, 0.000000000000000000, 1.000000000000000000 ) ) ;
#3096 = EDGE_CURVE ( 'NONE', #4530, #2032, #1653, .T. ) ;
#3097 = DIRECTION ( 'NONE',  ( 0.000000000000000000, 0.000000000000000000, 1.000000000000000000 ) ) ;
#3098 = CARTESIAN_POINT ( 'NONE',  ( 0.000000000000000000, 0.8000000000000000444, -10.00000000000000888 ) ) ;
#3099 = LINE ( 'NONE', #926, #5483 ) ;
#3100 = CARTESIAN_POINT ( 'NONE',  ( 49.98571428571430886, 6.000000000000000000, -15.02959931081847955 ) ) ;
#3101 = EDGE_CURVE ( 'NONE', #2707, #71, #2418, .T. ) ;
#3102 = ORIENTED_EDGE ( 'NONE', *, *, #2025, .F. ) ;
#3103 = VERTEX_POINT ( 'NONE', #4157 ) ;
#3104 = VECTOR ( 'NONE', #587, 1000.000000000000000 ) ;
#3105 = ORIENTED_EDGE ( 'NONE', *, *, #2242, .T. ) ;
#3106 = EDGE_CURVE ( 'NONE', #2818, #1777, #3322, .T. ) ;
#3107 = DIRECTION ( 'NONE',  ( 1.000000000000000000, -0.000000000000000000, -0.000000000000000000 ) ) ;
#3108 = DIRECTION ( 'NONE',  ( 0.000000000000000000, 1.000000000000000000, 0.000000000000000000 ) ) ;
#3109 = LINE ( 'NONE', #5204, #2671 ) ;
#3110 = ORIENTED_EDGE ( 'NONE', *, *, #571, .T. ) ;
#3111 = EDGE_CURVE ( 'NONE', #2538, #4579, #3092, .T. ) ;
#3112 = ORIENTED_EDGE ( 'NONE', *, *, #2688, .T. ) ;
#3113 = EDGE_CURVE ( 'NONE', #4320, #3269, #4696, .T. ) ;
#3114 = VECTOR ( 'NONE', #5110, 1000.000000000000000 ) ;
#3115 = DIRECTION ( 'NONE',  ( -0.000000000000000000, -1.000000000000000000, -0.000000000000000000 ) ) ;
#3116 = VERTEX_POINT ( 'NONE', #943 ) ;
#3117 = AXIS2_PLACEMENT_3D ( 'NONE', #2145, #2625, #5252 ) ;
#3118 = AXIS2_PLACEMENT_3D ( 'NONE', #2081, #4574, #2106 ) ;
#3119 = DIRECTION ( 'NONE',  ( 1.000000000000000000, 0.000000000000000000, 0.000000000000000000 ) ) ;
#3120 = CARTESIAN_POINT ( 'NONE',  ( 9.427178028658950382, 10.00000000000000000, -3.250000000000003553 ) ) ;
#3121 = DIRECTION ( 'NONE',  ( 0.000000000000000000, 0.000000000000000000, 1.000000000000000000 ) ) ;
#3122 = ORIENTED_EDGE ( 'NONE', *, *, #1337, .F. ) ;
#3123 = AXIS2_PLACEMENT_3D ( 'NONE', #5525, #4196, #4250 ) ;
#3124 = CARTESIAN_POINT ( 'NONE',  ( 68.20000000000000284, 12.00000000000000000, -72.00000000000000000 ) ) ;
#3125 = CARTESIAN_POINT ( 'NONE',  ( 55.19999999999998863, 7.000000000000000000, -13.00000000000000178 ) ) ;
#3126 = VECTOR ( 'NONE', #4096, 1000.000000000000000 ) ;
#3127 = LINE ( 'NONE', #1939, #2481 ) ;
#3128 = CARTESIAN_POINT ( 'NONE',  ( 45.20000000000000284, 67.58194863158495025, -9.308384340788364852 ) ) ;
#3129 = DIRECTION ( 'NONE',  ( 0.000000000000000000, 0.000000000000000000, -1.000000000000000000 ) ) ;
#3130 = VERTEX_POINT ( 'NONE', #2195 ) ;
#3131 = CIRCLE ( 'NONE', #688, 2.999999999999999112 ) ;
#3132 = EDGE_CURVE ( 'NONE', #1824, #4244, #2432, .T. ) ;
#3133 = ORIENTED_EDGE ( 'NONE', *, *, #799, .T. ) ;
#3134 = VECTOR ( 'NONE', #768, 1000.000000000000000 ) ;
#3135 = DIRECTION ( 'NONE',  ( 0.000000000000000000, 0.000000000000000000, 1.000000000000000000 ) ) ;
#3136 = DIRECTION ( 'NONE',  ( -0.000000000000000000, -1.000000000000000000, -0.000000000000000000 ) ) ;
#3137 = CARTESIAN_POINT ( 'NONE',  ( 49.50000000000000711, 7.000000000000000000, -19.00000000000000000 ) ) ;
#3138 = ORIENTED_EDGE ( 'NONE', *, *, #5179, .T. ) ;
#3139 = EDGE_LOOP ( 'NONE', ( #464, #1842, #2150 ) ) ;
#3140 = VECTOR ( 'NONE', #4825, 1000.000000000000000 ) ;
#3141 = EDGE_CURVE ( 'NONE', #781, #2956, #5220, .T. ) ;
#3142 = EDGE_CURVE ( 'NONE', #2422, #2289, #5596, .T. ) ;
#3143 = VECTOR ( 'NONE', #2922, 1000.000000000000000 ) ;
#3144 = DIRECTION ( 'NONE',  ( 0.000000000000000000, 0.000000000000000000, 1.000000000000000000 ) ) ;
#3145 = ORIENTED_EDGE ( 'NONE', *, *, #2098, .F. ) ;
#3146 = AXIS2_PLACEMENT_3D ( 'NONE', #1667, #3302, #5034 ) ;
#3147 = ORIENTED_EDGE ( 'NONE', *, *, #176, .T. ) ;
#3148 = ADVANCED_FACE ( 'NONE', ( #1348 ), #2645, .T. ) ;
#3149 = CARTESIAN_POINT ( 'NONE',  ( 1.350000000000008749, 8.500000000000000000, -5.000000000000004441 ) ) ;
#3150 = VECTOR ( 'NONE', #4093, 1000.000000000000000 ) ;
#3151 = CARTESIAN_POINT ( 'NONE',  ( 43.40000000000000568, 8.500000000000000000, -70.50000000000000000 ) ) ;
#3152 = LINE ( 'NONE', #2356, #2613 ) ;
#3153 = PRODUCT_DEFINITION_SHAPE ( 'NONE', 'NONE',  #3484 ) ;
#3154 = VERTEX_POINT ( 'NONE', #1712 ) ;
#3155 = VECTOR ( 'NONE', #3464, 1000.000000000000000 ) ;
#3156 = CARTESIAN_POINT ( 'NONE',  ( 43.40000000000000568, 7.000000000000000000, -72.00000000000000000 ) ) ;
#3157 = LINE ( 'NONE', #579, #3126 ) ;
#3158 = PLANE ( 'NONE',  #2665 ) ;
#3159 = DIRECTION ( 'NONE',  ( 1.000000000000000000, 0.000000000000000000, 0.000000000000000000 ) ) ;
#3160 = LINE ( 'NONE', #2335, #4684 ) ;
#3161 = EDGE_LOOP ( 'NONE', ( #3815, #963, #4190, #505, #4238, #757 ) ) ;
#3162 = PLANE ( 'NONE',  #5272 ) ;
#3163 = DIRECTION ( 'NONE',  ( -0.000000000000000000, 1.000000000000000000, -0.000000000000000000 ) ) ;
#3164 = DIRECTION ( 'NONE',  ( -0.000000000000000000, -1.000000000000000000, -0.000000000000000000 ) ) ;
#3165 = EDGE_CURVE ( 'NONE', #4108, #2631, #69, .T. ) ;
#3166 = PLANE ( 'NONE',  #4503 ) ;
#3167 = ORIENTED_EDGE ( 'NONE', *, *, #396, .T. ) ;
#3168 = VERTEX_POINT ( 'NONE', #4374 ) ;
#3169 = PLANE ( 'NONE',  #2046 ) ;
#3170 = FACE_OUTER_BOUND ( 'NONE', #5319, .T. ) ;
#3171 = ORIENTED_EDGE ( 'NONE', *, *, #2238, .F. ) ;
#3172 = ORIENTED_EDGE ( 'NONE', *, *, #3944, .F. ) ;
#3173 = DIRECTION ( 'NONE',  ( 0.000000000000000000, 0.000000000000000000, 1.000000000000000000 ) ) ;
#3174 = ADVANCED_FACE ( 'NONE', ( #467 ), #4739, .F. ) ;
#3175 = CARTESIAN_POINT ( 'NONE',  ( 49.50000000000000711, -1.402220585023716934E-15, -20.24999999999998579 ) ) ;
#3176 = DIRECTION ( 'NONE',  ( 0.000000000000000000, -1.000000000000000000, 0.000000000000000000 ) ) ;
#3177 = ORIENTED_EDGE ( 'NONE', *, *, #4386, .T. ) ;
#3178 = CIRCLE ( 'NONE', #289, 2.867146923069812559 ) ;
#3179 = EDGE_CURVE ( 'NONE', #1455, #4228, #2880, .T. ) ;
#3180 = AXIS2_PLACEMENT_3D ( 'NONE', #1174, #687, #3811 ) ;
#3181 = CIRCLE ( 'NONE', #1198, 4.850000000000006750 ) ;
#3182 = LINE ( 'NONE', #4095, #4230 ) ;
#3183 = EDGE_CURVE ( 'NONE', #3031, #2178, #5327, .T. ) ;
#3184 = DIRECTION ( 'NONE',  ( 0.000000000000000000, 1.000000000000000000, -0.000000000000000000 ) ) ;
#3185 = CARTESIAN_POINT ( 'NONE',  ( 41.19999999999999574, 27.39607805437114507, -63.00000000000000000 ) ) ;
#3186 = CARTESIAN_POINT ( 'NONE',  ( 61.72500000000000853, 6.000000000000000000, -59.69999999999999574 ) ) ;
#3187 = DIRECTION ( 'NONE',  ( 0.000000000000000000, 0.000000000000000000, 1.000000000000000000 ) ) ;
#3188 = ORIENTED_EDGE ( 'NONE', *, *, #5363, .T. ) ;
#3189 = FACE_OUTER_BOUND ( 'NONE', #4849, .T. ) ;
#3190 = CARTESIAN_POINT ( 'NONE',  ( 47.35000000000001563, 6.000000000000005329, -6.999999999999998224 ) ) ;
#3191 = DIRECTION ( 'NONE',  ( 0.000000000000000000, 1.000000000000000000, 0.000000000000000000 ) ) ;
#3192 = CARTESIAN_POINT ( 'NONE',  ( 4.850000000000009415, 8.500000000000000000, -5.000000000000004441 ) ) ;
#3193 = ORIENTED_EDGE ( 'NONE', *, *, #5043, .T. ) ;
#3194 = ORIENTED_EDGE ( 'NONE', *, *, #740, .T. ) ;
#3195 = DIRECTION ( 'NONE',  ( 0.000000000000000000, -0.000000000000000000, 1.000000000000000000 ) ) ;
#3196 = LINE ( 'NONE', #3740, #2848 ) ;
#3197 = EDGE_LOOP ( 'NONE', ( #5531, #5173, #3483, #3910 ) ) ;
#3198 = ORIENTED_EDGE ( 'NONE', *, *, #4920, .F. ) ;
#3199 = EDGE_CURVE ( 'NONE', #2178, #2687, #525, .T. ) ;
#3200 = VECTOR ( 'NONE', #5316, 1000.000000000000000 ) ;
#3201 = LINE ( 'NONE', #3981, #510 ) ;
#3202 = FACE_OUTER_BOUND ( 'NONE', #1733, .T. ) ;
#3203 = CARTESIAN_POINT ( 'NONE',  ( 1.350000000000000977, 4.000000000000000000, -67.00000000000000000 ) ) ;
#3204 = VERTEX_POINT ( 'NONE', #3068 ) ;
#3205 = VECTOR ( 'NONE', #1743, 1000.000000000000000 ) ;
#3206 = EDGE_CURVE ( 'NONE', #4894, #4827, #2252, .T. ) ;
#3207 = DIRECTION ( 'NONE',  ( -0.000000000000000000, -1.000000000000000000, -0.000000000000000000 ) ) ;
#3208 = DIRECTION ( 'NONE',  ( 0.000000000000000000, 1.000000000000000000, 0.000000000000000000 ) ) ;
#3209 = EDGE_CURVE ( 'NONE', #2369, #314, #1372, .T. ) ;
#3210 = DIRECTION ( 'NONE',  ( 1.734723475976807094E-15, 0.000000000000000000, 1.000000000000000000 ) ) ;
#3211 = CARTESIAN_POINT ( 'NONE',  ( -1.734723475976807094E-15, 11.00000000000000000, -5.000000000000000000 ) ) ;
#3212 = DIRECTION ( 'NONE',  ( -0.000000000000000000, 1.000000000000000000, 0.000000000000000000 ) ) ;
#3213 = ORIENTED_EDGE ( 'NONE', *, *, #2976, .F. ) ;
#3214 = AXIS2_PLACEMENT_3D ( 'NONE', #712, #1588, #2072 ) ;
#3215 = ORIENTED_EDGE ( 'NONE', *, *, #4742, .T. ) ;
#3216 = CARTESIAN_POINT ( 'NONE',  ( 58.35000000000001563, 6.800000000000000711, -72.00000000000000000 ) ) ;
#3217 = AXIS2_PLACEMENT_3D ( 'NONE', #1836, #3562, #2711 ) ;
#3218 = LINE ( 'NONE', #2286, #4564 ) ;
#3219 = DIRECTION ( 'NONE',  ( -0.000000000000000000, -1.000000000000000000, -0.000000000000000000 ) ) ;
#3220 = LINE ( 'NONE', #196, #2062 ) ;
#3221 = VERTEX_POINT ( 'NONE', #2166 ) ;
#3222 = AXIS2_PLACEMENT_3D ( 'NONE', #2626, #4354, #639 ) ;
#3223 = ORIENTED_EDGE ( 'NONE', *, *, #2891, .T. ) ;
#3224 = DIRECTION ( 'NONE',  ( 0.000000000000000000, -1.000000000000000000, 0.000000000000000000 ) ) ;
#3225 = CIRCLE ( 'NONE', #2952, 1.249999999999987121 ) ;
#3226 = FACE_OUTER_BOUND ( 'NONE', #4893, .T. ) ;
#3227 = ORIENTED_EDGE ( 'NONE', *, *, #4803, .F. ) ;
#3228 = EDGE_LOOP ( 'NONE', ( #458, #4698, #4863, #2940, #153, #3721, #616, #940, #4615, #2933, #4045, #30 ) ) ;
#3229 = VECTOR ( 'NONE', #4124, 1000.000000000000000 ) ;
#3230 = AXIS2_PLACEMENT_3D ( 'NONE', #2147, #5197, #3879 ) ;
#3231 = DIRECTION ( 'NONE',  ( 0.000000000000000000, 0.000000000000000000, 1.000000000000000000 ) ) ;
#3232 = DIRECTION ( 'NONE',  ( 0.000000000000000000, 0.000000000000000000, 1.000000000000000000 ) ) ;
#3233 = DIRECTION ( 'NONE',  ( -0.000000000000000000, -1.000000000000000000, -0.000000000000000000 ) ) ;
#3234 = EDGE_CURVE ( 'NONE', #5172, #2872, #3898, .T. ) ;
#3235 = ORIENTED_EDGE ( 'NONE', *, *, #3909, .T. ) ;
#3236 = VERTEX_POINT ( 'NONE', #3409 ) ;
#3237 = DIRECTION ( 'NONE',  ( -1.000000000000000000, 0.000000000000000000, 0.000000000000000000 ) ) ;
#3238 = CARTESIAN_POINT ( 'NONE',  ( 9.447472580446405033, 1.999999999999994893, -65.45541401273884219 ) ) ;
#3239 = DIRECTION ( 'NONE',  ( 0.000000000000000000, -1.000000000000000000, 0.000000000000000000 ) ) ;
#3240 = DIRECTION ( 'NONE',  ( 0.000000000000000000, -1.000000000000000000, 0.000000000000000000 ) ) ;
#3241 = CARTESIAN_POINT ( 'NONE',  ( 68.20000000000000284, 12.00000000000000000, -72.00000000000000000 ) ) ;
#3242 = EDGE_LOOP ( 'NONE', ( #2792, #576, #5443, #4859 ) ) ;
#3243 = AXIS2_PLACEMENT_3D ( 'NONE', #3547, #1933, #3121 ) ;
#3244 = EDGE_LOOP ( 'NONE', ( #2544, #1770, #1349, #452 ) ) ;
#3245 = DIRECTION ( 'NONE',  ( 1.146924612216070931E-16, -0.000000000000000000, 1.000000000000000000 ) ) ;
#3246 = LINE ( 'NONE', #168, #224 ) ;
#3247 = DIRECTION ( 'NONE',  ( 0.000000000000000000, -1.000000000000000000, 0.000000000000000000 ) ) ;
#3248 = CYLINDRICAL_SURFACE ( 'NONE', #2155, 5.000000000000004441 ) ;
#3249 = VERTEX_POINT ( 'NONE', #1738 ) ;
#3250 = ORIENTED_EDGE ( 'NONE', *, *, #2937, .F. ) ;
#3251 = EDGE_CURVE ( 'NONE', #4915, #4270, #2618, .T. ) ;
#3252 = LINE ( 'NONE', #2820, #2329 ) ;
#3253 = AXIS2_PLACEMENT_3D ( 'NONE', #1589, #3745, #2438 ) ;
#3254 = EDGE_CURVE ( 'NONE', #1273, #2679, #5418, .T. ) ;
#3255 = CARTESIAN_POINT ( 'NONE',  ( -1.734723475976807094E-15, 19.07106781186547906, -5.000000000000000000 ) ) ;
#3256 = VERTEX_POINT ( 'NONE', #3956 ) ;
#3257 = DIRECTION ( 'NONE',  ( -0.000000000000000000, -1.000000000000000000, -0.000000000000000000 ) ) ;
#3258 = DIRECTION ( 'NONE',  ( 3.469446951953611231E-16, -0.000000000000000000, -1.000000000000000000 ) ) ;
#3259 = LINE ( 'NONE', #3694, #2070 ) ;
#3260 = ORIENTED_EDGE ( 'NONE', *, *, #3856, .F. ) ;
#3261 = ORIENTED_EDGE ( 'NONE', *, *, #1757, .F. ) ;
#3262 = CARTESIAN_POINT ( 'NONE',  ( 6.000000000000005329, 2.000000000000000000, -44.46410161513774995 ) ) ;
#3263 = DIRECTION ( 'NONE',  ( 0.000000000000000000, 1.000000000000000000, -0.000000000000000000 ) ) ;
#3264 = CARTESIAN_POINT ( 'NONE',  ( 9.700000000000020606, 10.00000000000000000, -5.000000000000004441 ) ) ;
#3265 = DIRECTION ( 'NONE',  ( 0.000000000000000000, 0.000000000000000000, -1.000000000000000000 ) ) ;
#3266 = CARTESIAN_POINT ( 'NONE',  ( 4.000000000000000000, 7.000000000000000000, -22.00000000000000000 ) ) ;
#3267 = VERTEX_POINT ( 'NONE', #4715 ) ;
#3268 = EDGE_CURVE ( 'NONE', #3103, #4894, #831, .T. ) ;
#3269 = VERTEX_POINT ( 'NONE', #4923 ) ;
#3270 = LINE ( 'NONE', #618, #3104 ) ;
#3271 = DIRECTION ( 'NONE',  ( -0.000000000000000000, -1.000000000000000000, -0.000000000000000000 ) ) ;
#3272 = PLANE ( 'NONE',  #1365 ) ;
#3273 = CARTESIAN_POINT ( 'NONE',  ( 9.850000000000015632, 0.8000000000000000444, -72.00000000000000000 ) ) ;
#3274 = VERTEX_POINT ( 'NONE', #182 ) ;
#3275 = ORIENTED_EDGE ( 'NONE', *, *, #859, .F. ) ;
#3276 = EDGE_CURVE ( 'NONE', #144, #3922, #632, .T. ) ;
#3277 = DIRECTION ( 'NONE',  ( 0.000000000000000000, 0.000000000000000000, -1.000000000000000000 ) ) ;
#3278 = EDGE_CURVE ( 'NONE', #4919, #4968, #3890, .T. ) ;
#3279 = DIRECTION ( 'NONE',  ( -1.000000000000000000, -0.000000000000000000, -0.000000000000000000 ) ) ;
#3280 = ORIENTED_EDGE ( 'NONE', *, *, #4162, .T. ) ;
#3281 = CIRCLE ( 'NONE', #1392, 1.249999999999994227 ) ;
#3282 = EDGE_CURVE ( 'NONE', #4555, #2872, #1437, .T. ) ;
#3283 = CARTESIAN_POINT ( 'NONE',  ( 58.35000000000001563, 6.800000000000000711, -67.00000000000000000 ) ) ;
#3284 = CARTESIAN_POINT ( 'NONE',  ( 68.20000000000000284, 2.000000000000000000, 0.000000000000000000 ) ) ;
#3285 = ORIENTED_EDGE ( 'NONE', *, *, #4945, .F. ) ;
#3286 = ORIENTED_EDGE ( 'NONE', *, *, #1665, .T. ) ;
#3287 = DIRECTION ( 'NONE',  ( -0.000000000000000000, -1.000000000000000000, -0.000000000000000000 ) ) ;
#3288 = CARTESIAN_POINT ( 'NONE',  ( 9.850000000000015632, 0.000000000000000000, -66.99999999999998579 ) ) ;
#3289 = CIRCLE ( 'NONE', #852, 0.6999999999999922951 ) ;
#3290 = CARTESIAN_POINT ( 'NONE',  ( 9.700000000000020606, 4.000000000000000000, -12.00000000000000355 ) ) ;
#3291 = PLANE ( 'NONE',  #2602 ) ;
#3292 = EDGE_LOOP ( 'NONE', ( #2149, #1306, #716, #1193 ) ) ;
#3293 = AXIS2_PLACEMENT_3D ( 'NONE', #5510, #2049, #3265 ) ;
#3294 = ORIENTED_EDGE ( 'NONE', *, *, #859, .T. ) ;
#3295 = CARTESIAN_POINT ( 'NONE',  ( 52.79999999999999716, 12.00000000000000000, -61.99999999999999289 ) ) ;
#3296 = DIRECTION ( 'NONE',  ( -0.000000000000000000, -1.000000000000000000, -0.000000000000000000 ) ) ;
#3297 = CARTESIAN_POINT ( 'NONE',  ( 9.733792076196870369, 2.000000000000000000, -12.38848737234580355 ) ) ;
#3298 = CARTESIAN_POINT ( 'NONE',  ( 43.40000000000000568, 12.00000000000000000, -70.50000000000000000 ) ) ;
#3299 = VERTEX_POINT ( 'NONE', #4479 ) ;
#3300 = EDGE_CURVE ( 'NONE', #5192, #1106, #4032, .T. ) ;
#3301 = ORIENTED_EDGE ( 'NONE', *, *, #4513, .T. ) ;
#3302 = DIRECTION ( 'NONE',  ( 0.000000000000000000, -1.000000000000000000, 0.000000000000000000 ) ) ;
#3303 = AXIS2_PLACEMENT_3D ( 'NONE', #2215, #3947, #63 ) ;
#3304 = CIRCLE ( 'NONE', #2140, 3.000000000000000000 ) ;
#3305 = FACE_OUTER_BOUND ( 'NONE', #81, .T. ) ;
#3306 = CIRCLE ( 'NONE', #2851, 4.999999999999997335 ) ;
#3307 = DIRECTION ( 'NONE',  ( 0.000000000000000000, 0.000000000000000000, 1.000000000000000000 ) ) ;
#3308 = ADVANCED_FACE ( 'NONE', ( #2699 ), #1397, .T. ) ;
#3309 = ORIENTED_EDGE ( 'NONE', *, *, #1471, .F. ) ;
#3310 = AXIS2_PLACEMENT_3D ( 'NONE', #1818, #3977, #2292 ) ;
#3311 = EDGE_CURVE ( 'NONE', #1245, #2363, #2519, .T. ) ;
#3312 = CIRCLE ( 'NONE', #3586, 4.850000000000006750 ) ;
#3313 = CARTESIAN_POINT ( 'NONE',  ( 4.000000000000002665, 7.000000000000000000, -40.99999999999999289 ) ) ;
#3314 = CARTESIAN_POINT ( 'NONE',  ( 44.19999999999999574, 6.999999999999999112, -60.00000000000000000 ) ) ;
#3315 = EDGE_LOOP ( 'NONE', ( #4280, #5073, #961, #5532 ) ) ;
#3316 = ORIENTED_EDGE ( 'NONE', *, *, #1573, .F. ) ;
#3317 = CIRCLE ( 'NONE', #884, 1.600000000000000755 ) ;
#3318 = EDGE_CURVE ( 'NONE', #1199, #1929, #5332, .T. ) ;
#3319 = DIRECTION ( 'NONE',  ( 0.000000000000000000, 0.000000000000000000, 1.000000000000000000 ) ) ;
#3320 = LINE ( 'NONE', #321, #1049 ) ;
#3321 = AXIS2_PLACEMENT_3D ( 'NONE', #2844, #4584, #2789 ) ;
#3322 = LINE ( 'NONE', #5053, #5145 ) ;
#3323 = CIRCLE ( 'NONE', #2063, 7.000000000000000000 ) ;
#3324 = DIRECTION ( 'NONE',  ( -1.000000000000000000, 0.000000000000000000, -1.927470528863119049E-16 ) ) ;
#3325 = AXIS2_PLACEMENT_3D ( 'NONE', #2170, #1804, #4378 ) ;
#3326 = ORIENTED_EDGE ( 'NONE', *, *, #1808, .F. ) ;
#3327 = ORIENTED_EDGE ( 'NONE', *, *, #1899, .F. ) ;
#3328 = CYLINDRICAL_SURFACE ( 'NONE', #782, 4.000000000000000000 ) ;
#3329 = CARTESIAN_POINT ( 'NONE',  ( 63.35000000000000142, 6.800000000000000711, -67.00000000000000000 ) ) ;
#3330 = DIRECTION ( 'NONE',  ( 1.000000000000000000, 0.000000000000000000, 0.000000000000000000 ) ) ;
#3331 = AXIS2_PLACEMENT_3D ( 'NONE', #5151, #2458, #5465 ) ;
#3332 = LINE ( 'NONE', #282, #4325 ) ;
#3333 = ORIENTED_EDGE ( 'NONE', *, *, #1755, .F. ) ;
#3334 = ORIENTED_EDGE ( 'NONE', *, *, #3724, .F. ) ;
#3335 = DIRECTION ( 'NONE',  ( 0.000000000000000000, 0.000000000000000000, -1.000000000000000000 ) ) ;
#3336 = ADVANCED_FACE ( 'NONE', ( #4069 ), #5386, .F. ) ;
#3337 = DIRECTION ( 'NONE',  ( -0.000000000000000000, -1.000000000000000000, -0.000000000000000000 ) ) ;
#3338 = CARTESIAN_POINT ( 'NONE',  ( 62.22500000000000853, 12.00000000000000000, -54.20000000000000995 ) ) ;
#3339 = VERTEX_POINT ( 'NONE', #1907 ) ;
#3340 = VECTOR ( 'NONE', #2462, 1000.000000000000000 ) ;
#3341 = EDGE_CURVE ( 'NONE', #2044, #4536, #4599, .T. ) ;
#3342 = AXIS2_PLACEMENT_3D ( 'NONE', #572, #3545, #4066 ) ;
#3343 = DIRECTION ( 'NONE',  ( -0.000000000000000000, -1.000000000000000000, -0.000000000000000000 ) ) ;
#3344 = CARTESIAN_POINT ( 'NONE',  ( 4.000000000000004441, 8.500000000000000000, -20.75000000000000355 ) ) ;
#3345 = EDGE_CURVE ( 'NONE', #2598, #3689, #2697, .T. ) ;
#3346 = ORIENTED_EDGE ( 'NONE', *, *, #2376, .F. ) ;
#3347 = VERTEX_POINT ( 'NONE', #2326 ) ;
#3348 = EDGE_CURVE ( 'NONE', #604, #3711, #5322, .T. ) ;
#3349 = CARTESIAN_POINT ( 'NONE',  ( 43.40000000000000568, 12.00000000000000000, -70.50000000000000000 ) ) ;
#3350 = CARTESIAN_POINT ( 'NONE',  ( 45.20000000000000284, 6.999999999999999112, -34.00000000000000711 ) ) ;
#3351 = DIRECTION ( 'NONE',  ( -0.000000000000000000, -1.000000000000000000, -0.000000000000000000 ) ) ;
#3352 = DIRECTION ( 'NONE',  ( 0.000000000000000000, 0.000000000000000000, 1.000000000000000000 ) ) ;
#3353 = EDGE_CURVE ( 'NONE', #3440, #5347, #3152, .T. ) ;
#3354 = ORIENTED_EDGE ( 'NONE', *, *, #4742, .F. ) ;
#3355 = EDGE_CURVE ( 'NONE', #3995, #5234, #1082, .T. ) ;
#3356 = ORIENTED_EDGE ( 'NONE', *, *, #5149, .F. ) ;
#3357 = DIRECTION ( 'NONE',  ( 0.000000000000000000, 0.000000000000000000, -1.000000000000000000 ) ) ;
#3358 = DIRECTION ( 'NONE',  ( 1.000000000000000000, 0.000000000000000000, -6.938893903907222067E-15 ) ) ;
#3359 = CARTESIAN_POINT ( 'NONE',  ( 42.20000000000000284, 2.000000000000001776, -5.000000000000000000 ) ) ;
#3360 = PLANE ( 'NONE',  #1064 ) ;
#3361 = ORIENTED_EDGE ( 'NONE', *, *, #2025, .T. ) ;
#3362 = ORIENTED_EDGE ( 'NONE', *, *, #5009, .F. ) ;
#3363 = DIRECTION ( 'NONE',  ( -8.673617379884027583E-16, 0.000000000000000000, -1.000000000000000000 ) ) ;
#3364 = CIRCLE ( 'NONE', #1197, 2.999999999999999112 ) ;
#3365 = DIRECTION ( 'NONE',  ( 0.000000000000000000, 0.000000000000000000, 1.000000000000000000 ) ) ;
#3366 = DIRECTION ( 'NONE',  ( 0.000000000000000000, -0.000000000000000000, -1.000000000000000000 ) ) ;
#3367 = ORIENTED_EDGE ( 'NONE', *, *, #4053, .T. ) ;
#3368 = DIRECTION ( 'NONE',  ( -0.000000000000000000, 0.000000000000000000, -1.000000000000000000 ) ) ;
#3369 = LINE ( 'NONE', #4761, #2622 ) ;
#3370 = LINE ( 'NONE', #2074, #3859 ) ;
#3371 = ORIENTED_EDGE ( 'NONE', *, *, #676, .F. ) ;
#3372 = EDGE_CURVE ( 'NONE', #237, #2508, #4899, .T. ) ;
#3373 = VERTEX_POINT ( 'NONE', #975 ) ;
#3374 = VECTOR ( 'NONE', #359, 1000.000000000000000 ) ;
#3375 = DIRECTION ( 'NONE',  ( -0.000000000000000000, 1.000000000000000000, -0.000000000000000000 ) ) ;
#3376 = DIRECTION ( 'NONE',  ( 0.000000000000000000, 0.000000000000000000, 1.000000000000000000 ) ) ;
#3377 = DIRECTION ( 'NONE',  ( 0.000000000000000000, 0.000000000000000000, 1.000000000000000000 ) ) ;
#3378 = DIRECTION ( 'NONE',  ( 0.000000000000000000, -1.000000000000000000, -0.000000000000000000 ) ) ;
#3379 = ORIENTED_EDGE ( 'NONE', *, *, #1475, .T. ) ;
#3380 = EDGE_CURVE ( 'NONE', #1762, #3269, #1478, .T. ) ;
#3381 = EDGE_CURVE ( 'NONE', #2741, #2992, #4430, .T. ) ;
#3382 = VERTEX_POINT ( 'NONE', #3573 ) ;
#3383 = CIRCLE ( 'NONE', #581, 1.249999999999987121 ) ;
#3384 = FACE_OUTER_BOUND ( 'NONE', #1992, .T. ) ;
#3385 = CARTESIAN_POINT ( 'NONE',  ( 4.850000000000002309, 2.000000000000000000, -68.60000000000000853 ) ) ;
#3386 = DIRECTION ( 'NONE',  ( 0.000000000000000000, -1.000000000000000000, 0.000000000000000000 ) ) ;
#3387 = DIRECTION ( 'NONE',  ( 0.000000000000000000, -1.000000000000000000, 0.000000000000000000 ) ) ;
#3388 = ORIENTED_EDGE ( 'NONE', *, *, #3071, .F. ) ;
#3389 = ORIENTED_EDGE ( 'NONE', *, *, #990, .F. ) ;
#3390 = CIRCLE ( 'NONE', #315, 4.000000000000000000 ) ;
#3391 = EDGE_CURVE ( 'NONE', #2912, #3103, #1881, .T. ) ;
#3392 = LINE ( 'NONE', #2969, #5501 ) ;
#3393 = DIRECTION ( 'NONE',  ( -0.000000000000000000, -1.000000000000000000, -0.000000000000000000 ) ) ;
#3394 = DIRECTION ( 'NONE',  ( -2.153677267970123255E-15, -0.000000000000000000, 1.000000000000000000 ) ) ;
#3395 = VERTEX_POINT ( 'NONE', #4985 ) ;
#3396 = VECTOR ( 'NONE', #960, 1000.000000000000000 ) ;
#3397 = AXIS2_PLACEMENT_3D ( 'NONE', #1080, #4172, #5417 ) ;
#3398 = VECTOR ( 'NONE', #3579, 1000.000000000000000 ) ;
#3399 = FACE_OUTER_BOUND ( 'NONE', #3228, .T. ) ;
#3400 = DIRECTION ( 'NONE',  ( 0.000000000000000000, 1.000000000000000000, 0.000000000000000000 ) ) ;
#3401 = VECTOR ( 'NONE', #2388, 1000.000000000000000 ) ;
#3402 = ORIENTED_EDGE ( 'NONE', *, *, #1731, .F. ) ;
#3403 = CIRCLE ( 'NONE', #4306, 7.000000000000006217 ) ;
#3404 = ORIENTED_EDGE ( 'NONE', *, *, #4896, .T. ) ;
#3405 = AXIS2_PLACEMENT_3D ( 'NONE', #942, #1452, #4478 ) ;
#3406 = CARTESIAN_POINT ( 'NONE',  ( 9.850000000000015632, 0.8000000000000000444, -66.99999999999998579 ) ) ;
#3407 = ADVANCED_FACE ( 'NONE', ( #2828 ), #656, .F. ) ;
#3408 = DIRECTION ( 'NONE',  ( -0.000000000000000000, -1.000000000000000000, 0.000000000000000000 ) ) ;
#3409 = CARTESIAN_POINT ( 'NONE',  ( 40.35000000000002984, 6.000000000000000000, -72.00000000000000000 ) ) ;
#3410 = SHAPE_DEFINITION_REPRESENTATION ( #3153, #4058 ) ;
#3411 = EDGE_LOOP ( 'NONE', ( #4683, #4585, #3816, #3880, #2754, #3327, #1150, #1311 ) ) ;
#3412 = ORIENTED_EDGE ( 'NONE', *, *, #3254, .T. ) ;
#3413 = AXIS2_PLACEMENT_3D ( 'NONE', #2729, #4629, #775 ) ;
#3414 = LINE ( 'NONE', #3044, #2064 ) ;
#3415 = CARTESIAN_POINT ( 'NONE',  ( 68.20000000000000284, 8.254999999999999005, -37.88000000000000256 ) ) ;
#3416 = AXIS2_PLACEMENT_3D ( 'NONE', #2011, #1640, #3363 ) ;
#3417 = LINE ( 'NONE', #4293, #3664 ) ;
#3418 = LINE ( 'NONE', #728, #966 ) ;
#3419 = DIRECTION ( 'NONE',  ( 0.000000000000000000, 1.000000000000000000, -0.000000000000000000 ) ) ;
#3420 = ORIENTED_EDGE ( 'NONE', *, *, #3111, .F. ) ;
#3421 = ORIENTED_EDGE ( 'NONE', *, *, #3206, .F. ) ;
#3422 = ORIENTED_EDGE ( 'NONE', *, *, #3206, .T. ) ;
#3423 = DIRECTION ( 'NONE',  ( -0.000000000000000000, -1.000000000000000000, -0.000000000000000000 ) ) ;
#3424 = PRESENTATION_LAYER_ASSIGNMENT (  '', '', ( #1981 ) ) ;
#3425 = DIRECTION ( 'NONE',  ( -0.000000000000000000, -1.000000000000000000, -0.000000000000000000 ) ) ;
#3426 = DIRECTION ( 'NONE',  ( 0.000000000000000000, -0.000000000000000000, -1.000000000000000000 ) ) ;
#3427 = EDGE_CURVE ( 'NONE', #1385, #2314, #4119, .T. ) ;
#3428 = EDGE_LOOP ( 'NONE', ( #2492, #3508, #2946, #4751, #2102, #2916 ) ) ;
#3429 = VECTOR ( 'NONE', #1799, 1000.000000000000000 ) ;
#3430 = EDGE_CURVE ( 'NONE', #1385, #3970, #3259, .T. ) ;
#3431 = LINE ( 'NONE', #1283, #4616 ) ;
#3432 = CARTESIAN_POINT ( 'NONE',  ( 61.72500000000000853, 12.00000000000000000, -55.55000000000000426 ) ) ;
#3433 = VERTEX_POINT ( 'NONE', #2095 ) ;
#3434 = ORIENTED_EDGE ( 'NONE', *, *, #3755, .T. ) ;
#3435 = CARTESIAN_POINT ( 'NONE',  ( 49.50000000000000711, 0.000000000000000000, -40.99999999999999289 ) ) ;
#3436 = CARTESIAN_POINT ( 'NONE',  ( 58.19999999999999574, 7.000000000000000000, -13.00000000000000178 ) ) ;
#3437 = CARTESIAN_POINT ( 'NONE',  ( 14.19999999999999751, 10.00000000000000000, 0.000000000000000000 ) ) ;
#3438 = DIRECTION ( 'NONE',  ( -0.000000000000000000, 0.000000000000000000, -1.000000000000000000 ) ) ;
#3439 = ORIENTED_EDGE ( 'NONE', *, *, #2012, .T. ) ;
#3440 = VERTEX_POINT ( 'NONE', #5549 ) ;
#3441 = CARTESIAN_POINT ( 'NONE',  ( 52.69999999999999574, 12.00000000000000000, -30.00000000000000000 ) ) ;
#3442 = DIRECTION ( 'NONE',  ( 0.000000000000000000, 0.000000000000000000, 1.000000000000000000 ) ) ;
#3443 = LINE ( 'NONE', #1270, #1944 ) ;
#3444 = FACE_OUTER_BOUND ( 'NONE', #3197, .T. ) ;
#3445 = FACE_OUTER_BOUND ( 'NONE', #1237, .T. ) ;
#3446 = VERTEX_POINT ( 'NONE', #286 ) ;
#3447 = ORIENTED_EDGE ( 'NONE', *, *, #706, .F. ) ;
#3448 = EDGE_CURVE ( 'NONE', #2109, #3050, #2515, .T. ) ;
#3449 = ORIENTED_EDGE ( 'NONE', *, *, #827, .F. ) ;
#3450 = DIRECTION ( 'NONE',  ( -1.000000000000000000, 0.000000000000000000, 1.160904811839163983E-16 ) ) ;
#3451 = DIRECTION ( 'NONE',  ( -0.000000000000000000, 1.000000000000000000, -0.000000000000000000 ) ) ;
#3452 = ORIENTED_EDGE ( 'NONE', *, *, #3919, .F. ) ;
#3453 = AXIS2_PLACEMENT_3D ( 'NONE', #2365, #218, #1552 ) ;
#3454 = EDGE_LOOP ( 'NONE', ( #4798, #2345, #3938, #1623 ) ) ;
#3455 = EDGE_CURVE ( 'NONE', #1086, #428, #2036, .T. ) ;
#3456 = AXIS2_PLACEMENT_3D ( 'NONE', #4177, #2442, #1968 ) ;
#3457 = ADVANCED_FACE ( 'NONE', ( #3739 ), #1164, .F. ) ;
#3458 = DIRECTION ( 'NONE',  ( 0.000000000000000000, -1.000000000000000000, 0.000000000000000000 ) ) ;
#3459 = LINE ( 'NONE', #1284, #5121 ) ;
#3460 = VERTEX_POINT ( 'NONE', #4673 ) ;
#3461 = VERTEX_POINT ( 'NONE', #1668 ) ;
#3462 = CYLINDRICAL_SURFACE ( 'NONE', #3075, 8.499999999999992895 ) ;
#3463 = DIRECTION ( 'NONE',  ( 0.000000000000000000, 0.000000000000000000, -1.000000000000000000 ) ) ;
#3464 = DIRECTION ( 'NONE',  ( 0.000000000000000000, 1.000000000000000000, 0.000000000000000000 ) ) ;
#3465 = ORIENTED_EDGE ( 'NONE', *, *, #5454, .F. ) ;
#3466 = EDGE_CURVE ( 'NONE', #1531, #2948, #1527, .T. ) ;
#3467 = ORIENTED_EDGE ( 'NONE', *, *, #4123, .F. ) ;
#3468 = LINE ( 'NONE', #2199, #891 ) ;
#3469 = PLANE ( 'NONE',  #1848 ) ;
#3470 = DIRECTION ( 'NONE',  ( 0.000000000000000000, 1.000000000000000000, 0.000000000000000000 ) ) ;
#3471 = CARTESIAN_POINT ( 'NONE',  ( 49.50000000000000711, 7.000000000000000000, -17.75000000000000711 ) ) ;
#3472 = ORIENTED_EDGE ( 'NONE', *, *, #2593, .T. ) ;
#3473 = ORIENTED_EDGE ( 'NONE', *, *, #2892, .F. ) ;
#3474 = ORIENTED_EDGE ( 'NONE', *, *, #5567, .F. ) ;
#3475 = VECTOR ( 'NONE', #1387, 1000.000000000000000 ) ;
#3476 = EDGE_LOOP ( 'NONE', ( #3227, #5241, #1449, #4052, #2076, #269, #4658, #1540, #3504, #629, #4229, #2995, #2860, #4925, #4567, #3334, #2061, #3974, #1655, #3616 ) ) ;
#3477 = FACE_OUTER_BOUND ( 'NONE', #1780, .T. ) ;
#3478 = SURFACE_STYLE_FILL_AREA ( #27 ) ;
#3479 = ADVANCED_FACE ( 'NONE', ( #4195 ), #338, .F. ) ;
#3480 = DIRECTION ( 'NONE',  ( 0.000000000000000000, 0.000000000000000000, -1.000000000000000000 ) ) ;
#3481 = ORIENTED_EDGE ( 'NONE', *, *, #3165, .T. ) ;
#3482 = VECTOR ( 'NONE', #2751, 1000.000000000000000 ) ;
#3483 = ORIENTED_EDGE ( 'NONE', *, *, #3878, .F. ) ;
#3484 = PRODUCT_DEFINITION ( 'Êú', '', #5047, #436 ) ;
#3485 = LINE ( 'NONE', #1339, #1628 ) ;
#3486 = FACE_BOUND ( 'NONE', #3454, .T. ) ;
#3487 = ORIENTED_EDGE ( 'NONE', *, *, #2413, .T. ) ;
#3488 = ORIENTED_EDGE ( 'NONE', *, *, #964, .T. ) ;
#3489 = DIRECTION ( 'NONE',  ( -0.000000000000000000, -1.000000000000000000, -0.000000000000000000 ) ) ;
#3490 = CIRCLE ( 'NONE', #3123, 3.650000000000000355 ) ;
#3491 = PLANE ( 'NONE',  #2857 ) ;
#3492 = CARTESIAN_POINT ( 'NONE',  ( 52.69999999999999574, 12.00000000000000000, -30.00000000000000000 ) ) ;
#3493 = CARTESIAN_POINT ( 'NONE',  ( 62.22500000000000853, 12.00000000000000000, -50.75000000000000000 ) ) ;
#3494 = VECTOR ( 'NONE', #187, 1000.000000000000000 ) ;
#3495 = ORIENTED_EDGE ( 'NONE', *, *, #4023, .T. ) ;
#3496 = CIRCLE ( 'NONE', #4224, 3.500000000000007105 ) ;
#3497 = EDGE_CURVE ( 'NONE', #2925, #1824, #1191, .T. ) ;
#3498 = ORIENTED_EDGE ( 'NONE', *, *, #3090, .T. ) ;
#3499 = CARTESIAN_POINT ( 'NONE',  ( 0.000000000000000000, 7.000000000000000000, 0.000000000000000000 ) ) ;
#3500 = DIRECTION ( 'NONE',  ( 1.000000000000000000, -0.000000000000000000, 0.000000000000000000 ) ) ;
#3501 = FACE_OUTER_BOUND ( 'NONE', #2979, .T. ) ;
#3502 = DIRECTION ( 'NONE',  ( -0.000000000000000000, -1.000000000000000000, -0.000000000000000000 ) ) ;
#3503 = ORIENTED_EDGE ( 'NONE', *, *, #3955, .T. ) ;
#3504 = ORIENTED_EDGE ( 'NONE', *, *, #1422, .T. ) ;
#3505 = VERTEX_POINT ( 'NONE', #2122 ) ;
#3506 = AXIS2_PLACEMENT_3D ( 'NONE', #5335, #4035, #3550 ) ;
#3507 = CIRCLE ( 'NONE', #72, 3.000000000000002665 ) ;
#3508 = ORIENTED_EDGE ( 'NONE', *, *, #4356, .F. ) ;
#3509 = LINE ( 'NONE', #3560, #3012 ) ;
#3510 = CARTESIAN_POINT ( 'NONE',  ( 4.000000000000000000, -1.402220585023716934E-15, -22.00000000000000000 ) ) ;
#3511 = AXIS2_PLACEMENT_3D ( 'NONE', #3192, #1039, #2761 ) ;
#3512 = AXIS2_PLACEMENT_3D ( 'NONE', #2373, #4110, #225 ) ;
#3513 = VERTEX_POINT ( 'NONE', #2910 ) ;
#3514 = EDGE_CURVE ( 'NONE', #3683, #2007, #4644, .T. ) ;
#3515 = VECTOR ( 'NONE', #1846, 1000.000000000000000 ) ;
#3516 = EDGE_CURVE ( 'NONE', #3236, #3994, #762, .T. ) ;
#3517 = PLANE ( 'NONE',  #3310 ) ;
#3518 = ORIENTED_EDGE ( 'NONE', *, *, #3096, .T. ) ;
#3519 = ADVANCED_FACE ( 'NONE', ( #3305 ), #2516, .F. ) ;
#3520 = ADVANCED_FACE ( 'NONE', ( #4273 ), #3798, .T. ) ;
#3521 = CARTESIAN_POINT ( 'NONE',  ( 67.20000000000000284, 6.999999999999999112, -49.12000000000000455 ) ) ;
#3522 = CARTESIAN_POINT ( 'NONE',  ( 9.850000000000015632, 0.8000000000000000444, -7.199602232285400915E-16 ) ) ;
#3523 = DIRECTION ( 'NONE',  ( 0.000000000000000000, 0.000000000000000000, 1.000000000000000000 ) ) ;
#3524 = CARTESIAN_POINT ( 'NONE',  ( 4.850000000000002309, 8.500000000000000000, -70.50000000000000000 ) ) ;
#3525 = ORIENTED_EDGE ( 'NONE', *, *, #1761, .F. ) ;
#3526 = ADVANCED_FACE ( 'NONE', ( #1641 ), #393, .F. ) ;
#3527 = ORIENTED_EDGE ( 'NONE', *, *, #5421, .T. ) ;
#3528 = AXIS2_PLACEMENT_3D ( 'NONE', #3829, #1730, #33 ) ;
#3529 = CARTESIAN_POINT ( 'NONE',  ( 58.50000000000000711, 7.000000000000000000, -55.15000000000001279 ) ) ;
#3530 = VECTOR ( 'NONE', #5593, 1000.000000000000000 ) ;
#3531 = EDGE_CURVE ( 'NONE', #2538, #3831, #5049, .T. ) ;
#3532 = DIRECTION ( 'NONE',  ( -0.000000000000000000, -1.000000000000000000, 0.000000000000000000 ) ) ;
#3533 = DIRECTION ( 'NONE',  ( 0.000000000000000000, 0.000000000000000000, 1.000000000000000000 ) ) ;
#3534 = DIRECTION ( 'NONE',  ( -0.000000000000000000, 1.000000000000000000, -0.000000000000000000 ) ) ;
#3535 = ORIENTED_EDGE ( 'NONE', *, *, #3002, .T. ) ;
#3536 = ADVANCED_FACE ( 'NONE', ( #1278 ), #5067, .T. ) ;
#3537 = ORIENTED_EDGE ( 'NONE', *, *, #2976, .T. ) ;
#3538 = ORIENTED_EDGE ( 'NONE', *, *, #4361, .T. ) ;
#3539 = CARTESIAN_POINT ( 'NONE',  ( 68.20000000000000284, 2.000000000000000000, -72.00000000000000000 ) ) ;
#3540 = LINE ( 'NONE', #4862, #1325 ) ;
#3541 = ORIENTED_EDGE ( 'NONE', *, *, #3071, .T. ) ;
#3542 = EDGE_LOOP ( 'NONE', ( #907, #2904, #1317, #4201 ) ) ;
#3543 = DIRECTION ( 'NONE',  ( 0.000000000000000000, 0.000000000000000000, 1.000000000000000000 ) ) ;
#3544 = ORIENTED_EDGE ( 'NONE', *, *, #3558, .F. ) ;
#3545 = DIRECTION ( 'NONE',  ( 0.000000000000000000, 1.000000000000000000, 0.000000000000000000 ) ) ;
#3546 = DIRECTION ( 'NONE',  ( 0.000000000000000000, -1.000000000000000000, 0.000000000000000000 ) ) ;
#3547 = CARTESIAN_POINT ( 'NONE',  ( 4.850000000000002309, -57.61542936410531013, -67.00000000000000000 ) ) ;
#3548 = ADVANCED_FACE ( 'NONE', ( #733 ), #1615, .F. ) ;
#3549 = ORIENTED_EDGE ( 'NONE', *, *, #5222, .T. ) ;
#3550 = DIRECTION ( 'NONE',  ( 0.000000000000000000, 0.000000000000000000, -1.000000000000000000 ) ) ;
#3551 = CARTESIAN_POINT ( 'NONE',  ( 61.72500000000000853, 12.00000000000000000, -51.45000000000000995 ) ) ;
#3552 = FACE_OUTER_BOUND ( 'NONE', #2284, .T. ) ;
#3553 = CARTESIAN_POINT ( 'NONE',  ( 4.000000000000000000, 6.999999999999999112, -62.14999999999999858 ) ) ;
#3554 = ADVANCED_FACE ( 'NONE', ( #2938 ), #456, .F. ) ;
#3555 = DIRECTION ( 'NONE',  ( 0.000000000000000000, -1.000000000000000000, 0.000000000000000000 ) ) ;
#3556 = AXIS2_PLACEMENT_3D ( 'NONE', #4983, #1537, #4647 ) ;
#3557 = ORIENTED_EDGE ( 'NONE', *, *, #2935, .T. ) ;
#3558 = EDGE_CURVE ( 'NONE', #3154, #3274, #2160, .T. ) ;
#3559 = ORIENTED_EDGE ( 'NONE', *, *, #5382, .F. ) ;
#3560 = CARTESIAN_POINT ( 'NONE',  ( 61.72500000000000853, 7.000000000000000000, -55.55000000000000426 ) ) ;
#3561 = DIRECTION ( 'NONE',  ( 1.927470528863119049E-16, 0.000000000000000000, -1.000000000000000000 ) ) ;
#3562 = DIRECTION ( 'NONE',  ( 1.000000000000000000, 0.000000000000000000, 0.000000000000000000 ) ) ;
#3563 = VERTEX_POINT ( 'NONE', #844 ) ;
#3564 = EDGE_LOOP ( 'NONE', ( #597, #3585 ) ) ;
#3565 = EDGE_CURVE ( 'NONE', #535, #1341, #2658, .T. ) ;
#3566 = VECTOR ( 'NONE', #3818, 1000.000000000000000 ) ;
#3567 = FACE_OUTER_BOUND ( 'NONE', #364, .T. ) ;
#3568 = EDGE_LOOP ( 'NONE', ( #2716, #916, #2568, #817, #3081, #4017, #2548, #803 ) ) ;
#3569 = VERTEX_POINT ( 'NONE', #2153 ) ;
#3570 = AXIS2_PLACEMENT_3D ( 'NONE', #2339, #4134, #2841 ) ;
#3571 = DIRECTION ( 'NONE',  ( 0.000000000000000000, -1.000000000000000000, 0.000000000000000000 ) ) ;
#3572 = CARTESIAN_POINT ( 'NONE',  ( 64.19999999999998863, 10.00000000000000178, -59.15000000000000568 ) ) ;
#3573 = CARTESIAN_POINT ( 'NONE',  ( 52.69999999999999574, 12.00000000000000000, -26.34999999999999787 ) ) ;
#3574 = ORIENTED_EDGE ( 'NONE', *, *, #4874, .T. ) ;
#3575 = VECTOR ( 'NONE', #3279, 1000.000000000000000 ) ;
#3576 = EDGE_CURVE ( 'NONE', #391, #3050, #3023, .T. ) ;
#3577 = CARTESIAN_POINT ( 'NONE',  ( 10.00000000000000000, 12.00000000000000000, -10.00000000000000000 ) ) ;
#3578 = CIRCLE ( 'NONE', #5582, 2.867146923069812559 ) ;
#3579 = DIRECTION ( 'NONE',  ( 0.000000000000000000, 1.000000000000000000, 0.000000000000000000 ) ) ;
#3580 = VECTOR ( 'NONE', #5509, 1000.000000000000000 ) ;
#3581 = DIRECTION ( 'NONE',  ( 0.000000000000000000, 0.000000000000000000, -1.000000000000000000 ) ) ;
#3582 = CYLINDRICAL_SURFACE ( 'NONE', #5392, 2.999999999999999112 ) ;
#3583 = FACE_OUTER_BOUND ( 'NONE', #1369, .T. ) ;
#3584 = VECTOR ( 'NONE', #915, 1000.000000000000000 ) ;
#3585 = ORIENTED_EDGE ( 'NONE', *, *, #5083, .T. ) ;
#3586 = AXIS2_PLACEMENT_3D ( 'NONE', #1912, #1032, #2752 ) ;
#3587 = ORIENTED_EDGE ( 'NONE', *, *, #3951, .T. ) ;
#3588 = AXIS2_PLACEMENT_3D ( 'NONE', #919, #3924, #2528 ) ;
#3589 = CARTESIAN_POINT ( 'NONE',  ( 55.19999999999998863, 36.04163056034260393, -21.77502783967818090 ) ) ;
#3590 = CARTESIAN_POINT ( 'NONE',  ( 47.35000000000002984, 87.00000000000000000, -64.99999999999998579 ) ) ;
#3591 = DIRECTION ( 'NONE',  ( 0.000000000000000000, 0.000000000000000000, -1.000000000000000000 ) ) ;
#3592 = CARTESIAN_POINT ( 'NONE',  ( 4.850000000000009415, 0.8000000000000000444, -66.99999999999998579 ) ) ;
#3593 = VERTEX_POINT ( 'NONE', #1835 ) ;
#3594 = VECTOR ( 'NONE', #4688, 1000.000000000000000 ) ;
#3595 = ADVANCED_FACE ( 'NONE', ( #3887 ), #86, .F. ) ;
#3596 = CARTESIAN_POINT ( 'NONE',  ( 62.22500000000000853, 6.000000000000000000, -50.75000000000000000 ) ) ;
#3597 = AXIS2_PLACEMENT_3D ( 'NONE', #2030, #3419, #334 ) ;
#3598 = EDGE_CURVE ( 'NONE', #83, #4579, #1258, .T. ) ;
#3599 = PLANE ( 'NONE',  #1870 ) ;
#3600 = VERTEX_POINT ( 'NONE', #509 ) ;
#3601 = VECTOR ( 'NONE', #392, 1000.000000000000000 ) ;
#3602 = ORIENTED_EDGE ( 'NONE', *, *, #3883, .T. ) ;
#3603 = EDGE_CURVE ( 'NONE', #2609, #4785, #2337, .T. ) ;
#3604 = DIRECTION ( 'NONE',  ( 0.000000000000000000, 0.000000000000000000, 1.000000000000000000 ) ) ;
#3605 = VECTOR ( 'NONE', #4810, 1000.000000000000000 ) ;
#3606 = LINE ( 'NONE', #2296, #4850 ) ;
#3607 = DIRECTION ( 'NONE',  ( 0.000000000000000000, 0.000000000000000000, -1.000000000000000000 ) ) ;
#3608 = VERTEX_POINT ( 'NONE', #1813 ) ;
#3609 = DIRECTION ( 'NONE',  ( -0.000000000000000000, 1.000000000000000000, -0.000000000000000000 ) ) ;
#3610 = CARTESIAN_POINT ( 'NONE',  ( 63.19999999999999574, 11.00000000000000000, -5.000000000000000000 ) ) ;
#3611 = DIRECTION ( 'NONE',  ( -1.146924612216070931E-16, 0.000000000000000000, -1.000000000000000000 ) ) ;
#3612 = FACE_OUTER_BOUND ( 'NONE', #2700, .T. ) ;
#3613 = DIRECTION ( 'NONE',  ( 0.000000000000000000, 1.000000000000000000, -0.000000000000000000 ) ) ;
#3614 = AXIS2_PLACEMENT_3D ( 'NONE', #4136, #3679, #3591 ) ;
#3615 = CIRCLE ( 'NONE', #1085, 3.500000000000003109 ) ;
#3616 = ORIENTED_EDGE ( 'NONE', *, *, #1898, .F. ) ;
#3617 = CARTESIAN_POINT ( 'NONE',  ( 4.000000000000007105, 8.499999999999992895, -11.25623611104252575 ) ) ;
#3618 = CARTESIAN_POINT ( 'NONE',  ( 57.10936900043424203, 8.254999999999997229, -37.75960285502684854 ) ) ;
#3619 = DIRECTION ( 'NONE',  ( -1.243826584113389824E-16, 0.000000000000000000, -1.000000000000000000 ) ) ;
#3620 = LINE ( 'NONE', #1528, #5226 ) ;
#3621 = VERTEX_POINT ( 'NONE', #5283 ) ;
#3622 = EDGE_CURVE ( 'NONE', #300, #4586, #3940, .T. ) ;
#3623 = VERTEX_POINT ( 'NONE', #5611 ) ;
#3624 = EDGE_LOOP ( 'NONE', ( #4876, #513, #4332, #4475 ) ) ;
#3625 = FACE_OUTER_BOUND ( 'NONE', #2137, .T. ) ;
#3626 = DIRECTION ( 'NONE',  ( -1.927470528863119049E-16, 0.000000000000000000, 1.000000000000000000 ) ) ;
#3627 = ORIENTED_EDGE ( 'NONE', *, *, #2440, .T. ) ;
#3628 = EDGE_CURVE ( 'NONE', #490, #5374, #3912, .T. ) ;
#3629 = VERTEX_POINT ( 'NONE', #3055 ) ;
#3630 = EDGE_CURVE ( 'NONE', #3274, #3154, #4690, .T. ) ;
#3631 = CARTESIAN_POINT ( 'NONE',  ( 45.20000000000000284, 2.000000000000001776, -57.20000000000000284 ) ) ;
#3632 = CARTESIAN_POINT ( 'NONE',  ( 0.000000000000000000, 2.000000000000000000, -72.00000000000000000 ) ) ;
#3633 = CARTESIAN_POINT ( 'NONE',  ( 47.11607978309962164, 11.99999999999999645, -10.00000000000000000 ) ) ;
#3634 = ORIENTED_EDGE ( 'NONE', *, *, #1765, .F. ) ;
#3635 = CIRCLE ( 'NONE', #5167, 0.6999999999999922951 ) ;
#3636 = CIRCLE ( 'NONE', #4367, 4.000000000000000000 ) ;
#3637 = VECTOR ( 'NONE', #1514, 1000.000000000000000 ) ;
#3638 = CARTESIAN_POINT ( 'NONE',  ( 49.98571428571430886, 0.000000000000000000, -15.02959931081847955 ) ) ;
#3639 = CARTESIAN_POINT ( 'NONE',  ( 6.867146923069818776, 2.000000000000000000, -9.574978537626334330 ) ) ;
#3640 = FACE_OUTER_BOUND ( 'NONE', #100, .T. ) ;
#3641 = CYLINDRICAL_SURFACE ( 'NONE', #1146, 1.600000000000004086 ) ;
#3642 = DIRECTION ( 'NONE',  ( 0.000000000000000000, 1.000000000000000000, 0.000000000000000000 ) ) ;
#3643 = ORIENTED_EDGE ( 'NONE', *, *, #2466, .T. ) ;
#3644 = VERTEX_POINT ( 'NONE', #2181 ) ;
#3645 = LINE ( 'NONE', #3589, #473 ) ;
#3646 = DIRECTION ( 'NONE',  ( -1.000000000000000000, 0.000000000000000000, 6.938893903907222067E-15 ) ) ;
#3647 = CARTESIAN_POINT ( 'NONE',  ( 41.19999999999999574, 8.500000000000000000, -67.49999999999998579 ) ) ;
#3648 = MANIFOLD_SOLID_BREP ( 'ÕπÃ®-¿≠…Ï16', #4938 ) ;
#3649 = LINE ( 'NONE', #1982, #5312 ) ;
#3650 = ORIENTED_EDGE ( 'NONE', *, *, #2423, .F. ) ;
#3651 = ORIENTED_EDGE ( 'NONE', *, *, #4252, .T. ) ;
#3652 = CARTESIAN_POINT ( 'NONE',  ( 52.69999999999999574, 12.00099999999999945, -30.00000000000000000 ) ) ;
#3653 = EDGE_CURVE ( 'NONE', #986, #3461, #2209, .T. ) ;
#3654 = DIRECTION ( 'NONE',  ( 0.000000000000000000, 0.000000000000000000, -1.000000000000000000 ) ) ;
#3655 = ORIENTED_EDGE ( 'NONE', *, *, #1715, .F. ) ;
#3656 = ORIENTED_EDGE ( 'NONE', *, *, #1731, .T. ) ;
#3657 = CIRCLE ( 'NONE', #3937, 5.000000000000004441 ) ;
#3658 = EDGE_CURVE ( 'NONE', #3267, #1382, #1399, .T. ) ;
#3659 = CARTESIAN_POINT ( 'NONE',  ( 61.72500000000000853, 6.000000000000000000, -50.75000000000000000 ) ) ;
#3660 = LINE ( 'NONE', #266, #3340 ) ;
#3661 = EDGE_CURVE ( 'NONE', #3717, #2031, #401, .T. ) ;
#3662 = DIRECTION ( 'NONE',  ( 0.000000000000000000, -1.000000000000000000, 0.000000000000000000 ) ) ;
#3663 = ORIENTED_EDGE ( 'NONE', *, *, #954, .T. ) ;
#3664 = VECTOR ( 'NONE', #414, 1000.000000000000000 ) ;
#3665 = DIRECTION ( 'NONE',  ( 0.000000000000000000, 1.000000000000000000, 0.000000000000000000 ) ) ;
#3666 = DIRECTION ( 'NONE',  ( 0.000000000000000000, 0.000000000000000000, 1.000000000000000000 ) ) ;
#3667 = CYLINDRICAL_SURFACE ( 'NONE', #5193, 3.000000000000002665 ) ;
#3668 = LINE ( 'NONE', #2334, #3682 ) ;
#3669 = LINE ( 'NONE', #5428, #258 ) ;
#3670 = EDGE_CURVE ( 'NONE', #1966, #992, #42, .T. ) ;
#3671 = ORIENTED_EDGE ( 'NONE', *, *, #653, .F. ) ;
#3672 = AXIS2_PLACEMENT_3D ( 'NONE', #3024, #4364, #880 ) ;
#3673 = VECTOR ( 'NONE', #3257, 1000.000000000000000 ) ;
#3674 = EDGE_CURVE ( 'NONE', #4586, #652, #1439, .T. ) ;
#3675 = ORIENTED_EDGE ( 'NONE', *, *, #3497, .T. ) ;
#3676 = DIRECTION ( 'NONE',  ( 0.000000000000000000, 1.000000000000000000, -0.000000000000000000 ) ) ;
#3677 = AXIS2_PLACEMENT_3D ( 'NONE', #3, #5426, #662 ) ;
#3678 = DIRECTION ( 'NONE',  ( 0.000000000000000000, 0.000000000000000000, -1.000000000000000000 ) ) ;
#3679 = DIRECTION ( 'NONE',  ( -0.000000000000000000, -1.000000000000000000, -0.000000000000000000 ) ) ;
#3680 = DIRECTION ( 'NONE',  ( -0.000000000000000000, -1.000000000000000000, -0.000000000000000000 ) ) ;
#3681 = ORIENTED_EDGE ( 'NONE', *, *, #2830, .F. ) ;
#3682 = VECTOR ( 'NONE', #1091, 1000.000000000000000 ) ;
#3683 = VERTEX_POINT ( 'NONE', #3190 ) ;
#3684 = CIRCLE ( 'NONE', #3959, 3.000000000000000000 ) ;
#3685 = AXIS2_PLACEMENT_3D ( 'NONE', #4847, #2273, #2772 ) ;
#3686 = CARTESIAN_POINT ( 'NONE',  ( 45.20000000000000284, 11.99999999999999645, -9.308384340788364852 ) ) ;
#3687 = DIRECTION ( 'NONE',  ( 0.000000000000000000, -1.000000000000000000, 0.000000000000000000 ) ) ;
#3688 = ORIENTED_EDGE ( 'NONE', *, *, #1029, .F. ) ;
#3689 = VERTEX_POINT ( 'NONE', #1947 ) ;
#3690 = AXIS2_PLACEMENT_3D ( 'NONE', #4967, #246, #1460 ) ;
#3691 = AXIS2_PLACEMENT_3D ( 'NONE', #4726, #2881, #4193 ) ;
#3692 = DIRECTION ( 'NONE',  ( 0.000000000000000000, 0.000000000000000000, -1.000000000000000000 ) ) ;
#3693 = DIRECTION ( 'NONE',  ( -0.000000000000000000, 1.000000000000000000, -0.000000000000000000 ) ) ;
#3694 = CARTESIAN_POINT ( 'NONE',  ( 63.35000000000000142, 6.800000000000000711, -9.999999999999984013 ) ) ;
#3695 = ORIENTED_EDGE ( 'NONE', *, *, #1448, .T. ) ;
#3696 = EDGE_CURVE ( 'NONE', #4735, #2161, #5376, .T. ) ;
#3697 = ORIENTED_EDGE ( 'NONE', *, *, #3353, .T. ) ;
#3698 = DIRECTION ( 'NONE',  ( -0.000000000000000000, -1.000000000000000000, -2.241244801003631869E-16 ) ) ;
#3699 = CARTESIAN_POINT ( 'NONE',  ( 63.19999999999999574, 11.00000000000000000, -72.00000000000000000 ) ) ;
#3700 = CARTESIAN_POINT ( 'NONE',  ( 64.19999999999998863, 12.00000000000000000, -62.15000000000001279 ) ) ;
#3701 = DIRECTION ( 'NONE',  ( -0.000000000000000000, -1.000000000000000000, -0.000000000000000000 ) ) ;
#3702 = CARTESIAN_POINT ( 'NONE',  ( 6.867146923069818776, -6.109516127843236610, -12.44212546069614689 ) ) ;
#3703 = ORIENTED_EDGE ( 'NONE', *, *, #5421, .F. ) ;
#3704 = VECTOR ( 'NONE', #1600, 1000.000000000000000 ) ;
#3705 = ADVANCED_FACE ( 'NONE', ( #2710 ), #669, .F. ) ;
#3706 = ORIENTED_EDGE ( 'NONE', *, *, #1960, .F. ) ;
#3707 = DIRECTION ( 'NONE',  ( 1.000000000000000000, 0.000000000000000000, 0.000000000000000000 ) ) ;
#3708 = DIRECTION ( 'NONE',  ( 0.000000000000000000, 0.000000000000000000, 1.000000000000000000 ) ) ;
#3709 = LINE ( 'NONE', #4999, #3987 ) ;
#3710 = CARTESIAN_POINT ( 'NONE',  ( 41.19999999999999574, 2.000000000000000000, -67.49999999999998579 ) ) ;
#3711 = VERTEX_POINT ( 'NONE', #253 ) ;
#3712 = EDGE_CURVE ( 'NONE', #5485, #4915, #3751, .T. ) ;
#3713 = ORIENTED_EDGE ( 'NONE', *, *, #2968, .F. ) ;
#3714 = DIRECTION ( 'NONE',  ( 0.000000000000000000, 1.000000000000000000, -0.000000000000000000 ) ) ;
#3715 = VECTOR ( 'NONE', #3458, 1000.000000000000000 ) ;
#3716 = CARTESIAN_POINT ( 'NONE',  ( 12.15435605731787838, 23.92686044187654915, -2.000000000000004441 ) ) ;
#3717 = VERTEX_POINT ( 'NONE', #563 ) ;
#3718 = CARTESIAN_POINT ( 'NONE',  ( 4.000000000000001776, 2.000000000000000000, -47.92820323027550700 ) ) ;
#3719 = CARTESIAN_POINT ( 'NONE',  ( 62.22500000000000853, 6.000000000000000000, -53.50000000000000711 ) ) ;
#3720 = EDGE_CURVE ( 'NONE', #5192, #1086, #3657, .T. ) ;
#3721 = ORIENTED_EDGE ( 'NONE', *, *, #4384, .F. ) ;
#3722 = EDGE_LOOP ( 'NONE', ( #5557, #1461, #4867, #4425 ) ) ;
#3723 = CARTESIAN_POINT ( 'NONE',  ( 8.000000000000003553, 7.000000000000000000, -28.92820323027550700 ) ) ;
#3724 = EDGE_CURVE ( 'NONE', #3395, #4094, #588, .T. ) ;
#3725 = CARTESIAN_POINT ( 'NONE',  ( 52.69999999999999574, 12.00000000000000000, -30.00000000000000000 ) ) ;
#3726 = FACE_OUTER_BOUND ( 'NONE', #4717, .T. ) ;
#3727 = FACE_OUTER_BOUND ( 'NONE', #1741, .T. ) ;
#3728 = VECTOR ( 'NONE', #3245, 1000.000000000000000 ) ;
#3729 = VERTEX_POINT ( 'NONE', #2311 ) ;
#3730 = EDGE_LOOP ( 'NONE', ( #3171, #2524, #418, #349 ) ) ;
#3731 = EDGE_CURVE ( 'NONE', #4808, #2923, #4049, .T. ) ;
#3732 = DIRECTION ( 'NONE',  ( -0.000000000000000000, -1.000000000000000000, -0.000000000000000000 ) ) ;
#3733 = LINE ( 'NONE', #2028, #2661 ) ;
#3734 = CARTESIAN_POINT ( 'NONE',  ( 40.35000000000002984, 0.000000000000000000, -64.99999999999998579 ) ) ;
#3735 = CARTESIAN_POINT ( 'NONE',  ( 68.20000000000000284, 12.00000000000000000, 0.000000000000000000 ) ) ;
#3736 = ORIENTED_EDGE ( 'NONE', *, *, #5382, .T. ) ;
#3737 = ORIENTED_EDGE ( 'NONE', *, *, #3628, .T. ) ;
#3738 = DIRECTION ( 'NONE',  ( 0.000000000000000000, -1.000000000000000000, 0.000000000000000000 ) ) ;
#3739 = FACE_OUTER_BOUND ( 'NONE', #5235, .T. ) ;
#3740 = CARTESIAN_POINT ( 'NONE',  ( 45.20000000000000284, 7.000000000000000000, 0.000000000000000000 ) ) ;
#3741 = EDGE_CURVE ( 'NONE', #3729, #5432, #3218, .T. ) ;
#3742 = ORIENTED_EDGE ( 'NONE', *, *, #3251, .T. ) ;
#3743 = VECTOR ( 'NONE', #26, 1000.000000000000000 ) ;
#3744 = CARTESIAN_POINT ( 'NONE',  ( 63.35000000000000142, 8.500000000000000000, -67.00000000000000000 ) ) ;
#3745 = DIRECTION ( 'NONE',  ( -0.000000000000000000, -1.000000000000000000, -0.000000000000000000 ) ) ;
#3746 = ORIENTED_EDGE ( 'NONE', *, *, #128, .T. ) ;
#3747 = ORIENTED_EDGE ( 'NONE', *, *, #2930, .T. ) ;
#3748 = AXIS2_PLACEMENT_3D ( 'NONE', #2341, #1464, #2759 ) ;
#3749 = DIRECTION ( 'NONE',  ( -0.000000000000000000, -1.000000000000000000, -0.000000000000000000 ) ) ;
#3750 = DIRECTION ( 'NONE',  ( 0.000000000000000000, 0.000000000000000000, -1.000000000000000000 ) ) ;
#3751 = CIRCLE ( 'NONE', #4828, 3.000000000000002665 ) ;
#3752 = DIRECTION ( 'NONE',  ( -0.000000000000000000, -1.000000000000000000, -0.000000000000000000 ) ) ;
#3753 = FACE_OUTER_BOUND ( 'NONE', #4151, .T. ) ;
#3754 = ORIENTED_EDGE ( 'NONE', *, *, #937, .T. ) ;
#3755 = EDGE_CURVE ( 'NONE', #3347, #1358, #1219, .T. ) ;
#3756 = ORIENTED_EDGE ( 'NONE', *, *, #1768, .F. ) ;
#3757 = CARTESIAN_POINT ( 'NONE',  ( 53.50000000000001421, 8.500000000000000000, -70.50000000000000000 ) ) ;
#3758 = CARTESIAN_POINT ( 'NONE',  ( 49.96484203442356886, 6.000000000000000000, -37.02710157655232592 ) ) ;
#3759 = CARTESIAN_POINT ( 'NONE',  ( 64.19999999999998863, 6.999999999999999112, -62.15000000000001279 ) ) ;
#3760 = PLANE ( 'NONE',  #1428 ) ;
#3761 = ORIENTED_EDGE ( 'NONE', *, *, #1747, .F. ) ;
#3762 = ORIENTED_EDGE ( 'NONE', *, *, #1665, .F. ) ;
#3763 = EDGE_CURVE ( 'NONE', #116, #4246, #3246, .T. ) ;
#3764 = CARTESIAN_POINT ( 'NONE',  ( 61.72500000000000853, 12.00000000000000000, -58.30000000000001137 ) ) ;
#3765 = VECTOR ( 'NONE', #3394, 1000.000000000000000 ) ;
#3766 = AXIS2_PLACEMENT_3D ( 'NONE', #4802, #532, #1829 ) ;
#3767 = CARTESIAN_POINT ( 'NONE',  ( 4.850000000000009415, 0.8000000000000000444, -5.000000000000004441 ) ) ;
#3768 = CIRCLE ( 'NONE', #147, 2.999999999999999112 ) ;
#3769 = DIRECTION ( 'NONE',  ( 0.000000000000000000, -1.000000000000000000, 0.000000000000000000 ) ) ;
#3770 = ORIENTED_EDGE ( 'NONE', *, *, #4776, .F. ) ;
#3771 = EDGE_CURVE ( 'NONE', #3083, #1572, #134, .T. ) ;
#3772 = EDGE_CURVE ( 'NONE', #5262, #4735, #4103, .T. ) ;
#3773 = CARTESIAN_POINT ( 'NONE',  ( 12.29127005288748009, 8.500000000000000000, -67.49999999999998579 ) ) ;
#3774 = VECTOR ( 'NONE', #5331, 1000.000000000000000 ) ;
#3775 = CARTESIAN_POINT ( 'NONE',  ( 1.350000000000000977, 4.000000000000000000, -9.850000000000019185 ) ) ;
#3776 = ORIENTED_EDGE ( 'NONE', *, *, #4783, .T. ) ;
#3777 = EDGE_CURVE ( 'NONE', #4499, #2043, #1068, .T. ) ;
#3778 = VERTEX_POINT ( 'NONE', #1012 ) ;
#3779 = AXIS2_PLACEMENT_3D ( 'NONE', #79, #4295, #2628 ) ;
#3780 = UNCERTAINTY_MEASURE_WITH_UNIT (LENGTH_MEASURE( 1.000000000000000082E-05 ), #909, 'distance_accuracy_value', 'NONE');
#3781 = CARTESIAN_POINT ( 'NONE',  ( 50.35000000000002984, 6.000000000000000000, -12.05179879393234188 ) ) ;
#3782 = CARTESIAN_POINT ( 'NONE',  ( 59.50000000000001421, 7.000000000000000000, -55.15000000000001990 ) ) ;
#3783 = AXIS2_PLACEMENT_3D ( 'NONE', #5574, #2089, #2965 ) ;
#3784 = FACE_OUTER_BOUND ( 'NONE', #3292, .T. ) ;
#3785 = VECTOR ( 'NONE', #70, 1000.000000000000000 ) ;
#3786 = DIRECTION ( 'NONE',  ( -1.927470528863119049E-16, 0.000000000000000000, 1.000000000000000000 ) ) ;
#3787 = VECTOR ( 'NONE', #411, 1000.000000000000000 ) ;
#3788 = ORIENTED_EDGE ( 'NONE', *, *, #1207, .F. ) ;
#3789 = ORIENTED_EDGE ( 'NONE', *, *, #4977, .F. ) ;
#3790 = PLANE ( 'NONE',  #1131 ) ;
#3791 = CARTESIAN_POINT ( 'NONE',  ( 8.000000000000003553, 7.000000000000000000, -34.07179676972447879 ) ) ;
#3792 = DIRECTION ( 'NONE',  ( -0.000000000000000000, -1.000000000000000000, -0.000000000000000000 ) ) ;
#3793 = VECTOR ( 'NONE', #4848, 1000.000000000000000 ) ;
#3794 = DIRECTION ( 'NONE',  ( 0.000000000000000000, 0.000000000000000000, -1.000000000000000000 ) ) ;
#3795 = ORIENTED_EDGE ( 'NONE', *, *, #2440, .F. ) ;
#3796 = VERTEX_POINT ( 'NONE', #3618 ) ;
#3797 = CARTESIAN_POINT ( 'NONE',  ( 49.98571428571430886, -11.31370849898477360, -44.97040068918150979 ) ) ;
#3798 = CYLINDRICAL_SURFACE ( 'NONE', #2783, 5.000000000000001776 ) ;
#3799 = EDGE_CURVE ( 'NONE', #2031, #3717, #2300, .T. ) ;
#3800 = DIRECTION ( 'NONE',  ( -0.000000000000000000, -0.000000000000000000, -1.000000000000000000 ) ) ;
#3801 = VERTEX_POINT ( 'NONE', #1097 ) ;
#3802 = VECTOR ( 'NONE', #3164, 1000.000000000000000 ) ;
#3803 = CIRCLE ( 'NONE', #2349, 1.600000000000004974 ) ;
#3804 = CYLINDRICAL_SURFACE ( 'NONE', #1302, 0.7000000000000061728 ) ;
#3805 = ADVANCED_FACE ( 'NONE', ( #5342 ), #2366, .T. ) ;
#3806 = CARTESIAN_POINT ( 'NONE',  ( 4.000000000000002665, -1.402220585023716934E-15, -40.99999999999999289 ) ) ;
#3807 = DIRECTION ( 'NONE',  ( -0.000000000000000000, 1.000000000000000000, -0.000000000000000000 ) ) ;
#3808 = ORIENTED_EDGE ( 'NONE', *, *, #4245, .F. ) ;
#3809 = EDGE_LOOP ( 'NONE', ( #1267, #4339 ) ) ;
#3810 = EDGE_CURVE ( 'NONE', #4405, #652, #2874, .T. ) ;
#3811 = DIRECTION ( 'NONE',  ( 0.000000000000000000, 0.000000000000000000, -1.000000000000000000 ) ) ;
#3812 = DIRECTION ( 'NONE',  ( -0.000000000000000000, -1.000000000000000000, -0.000000000000000000 ) ) ;
#3813 = CARTESIAN_POINT ( 'NONE',  ( 52.79999999999999716, 12.00000000000000000, -72.00000000000000000 ) ) ;
#3814 = CARTESIAN_POINT ( 'NONE',  ( 4.000000000000000000, 0.000000000000000000, -23.24999999999999289 ) ) ;
#3815 = ORIENTED_EDGE ( 'NONE', *, *, #326, .F. ) ;
#3816 = ORIENTED_EDGE ( 'NONE', *, *, #4016, .F. ) ;
#3817 = CARTESIAN_POINT ( 'NONE',  ( 54.19999999999999574, 36.04163056034260393, -42.40967364599084988 ) ) ;
#3818 = DIRECTION ( 'NONE',  ( 0.000000000000000000, -1.000000000000000000, 0.000000000000000000 ) ) ;
#3819 = DIRECTION ( 'NONE',  ( 0.000000000000000000, 0.000000000000000000, -1.000000000000000000 ) ) ;
#3820 = DIRECTION ( 'NONE',  ( -0.000000000000000000, -1.000000000000000000, -0.000000000000000000 ) ) ;
#3821 = VERTEX_POINT ( 'NONE', #2505 ) ;
#3822 = EDGE_LOOP ( 'NONE', ( #4982, #1479, #89, #3538 ) ) ;
#3823 = ORIENTED_EDGE ( 'NONE', *, *, #5344, .F. ) ;
#3824 = CYLINDRICAL_SURFACE ( 'NONE', #3059, 1.600000000000004086 ) ;
#3825 = DIRECTION ( 'NONE',  ( 0.000000000000000000, 0.000000000000000000, -1.000000000000000000 ) ) ;
#3826 = DIRECTION ( 'NONE',  ( 1.160904811839163983E-16, 0.000000000000000000, 1.000000000000000000 ) ) ;
#3827 = EDGE_LOOP ( 'NONE', ( #223, #2152, #4333, #3627 ) ) ;
#3828 = EDGE_CURVE ( 'NONE', #731, #4763, #2928, .T. ) ;
#3829 = CARTESIAN_POINT ( 'NONE',  ( 50.35000000000002984, 6.000000000000000000, -47.94820120606764391 ) ) ;
#3830 = CARTESIAN_POINT ( 'NONE',  ( 9.850000000000015632, 0.000000000000000000, -5.000000000000004441 ) ) ;
#3831 = VERTEX_POINT ( 'NONE', #3758 ) ;
#3832 = ORIENTED_EDGE ( 'NONE', *, *, #1838, .F. ) ;
#3833 = CARTESIAN_POINT ( 'NONE',  ( 61.72500000000000853, 6.000000000000000000, -51.45000000000000995 ) ) ;
#3834 = CYLINDRICAL_SURFACE ( 'NONE', #2594, 3.000000000000000000 ) ;
#3835 = DIRECTION ( 'NONE',  ( 0.000000000000000000, -1.000000000000000000, 0.000000000000000000 ) ) ;
#3836 = CARTESIAN_POINT ( 'NONE',  ( 66.85000000000000853, 0.5900704675055358228, -67.00000000000000000 ) ) ;
#3837 = ORIENTED_EDGE ( 'NONE', *, *, #4012, .F. ) ;
#3838 = VERTEX_POINT ( 'NONE', #4267 ) ;
#3839 = VECTOR ( 'NONE', #1411, 1000.000000000000000 ) ;
#3840 = FACE_OUTER_BOUND ( 'NONE', #4176, .T. ) ;
#3841 = DIRECTION ( 'NONE',  ( 0.000000000000000000, 0.000000000000000000, -1.000000000000000000 ) ) ;
#3842 = EDGE_CURVE ( 'NONE', #1687, #3621, #4611, .T. ) ;
#3843 = DIRECTION ( 'NONE',  ( 0.000000000000000000, 0.000000000000000000, 1.000000000000000000 ) ) ;
#3844 = CARTESIAN_POINT ( 'NONE',  ( 52.69999999999999574, -0.001000000000000132727, -30.00000000000000000 ) ) ;
#3845 = DIRECTION ( 'NONE',  ( -0.000000000000000000, -1.000000000000000000, -0.000000000000000000 ) ) ;
#3846 = EDGE_LOOP ( 'NONE', ( #504, #1183, #2737, #921 ) ) ;
#3847 = ORIENTED_EDGE ( 'NONE', *, *, #2005, .F. ) ;
#3848 = EDGE_CURVE ( 'NONE', #4033, #4692, #3025, .T. ) ;
#3849 = CIRCLE ( 'NONE', #4569, 0.6999999999999992895 ) ;
#3850 = DIRECTION ( 'NONE',  ( 0.000000000000000000, 0.000000000000000000, -1.000000000000000000 ) ) ;
#3851 = CARTESIAN_POINT ( 'NONE',  ( 43.40000000000000568, 12.00000000000000000, -61.99999999999999289 ) ) ;
#3852 = LINE ( 'NONE', #1669, #2223 ) ;
#3853 = VERTEX_POINT ( 'NONE', #5458 ) ;
#3854 = VECTOR ( 'NONE', #339, 1000.000000000000000 ) ;
#3855 = AXIS2_PLACEMENT_3D ( 'NONE', #5393, #1056, #1852 ) ;
#3856 = EDGE_CURVE ( 'NONE', #1111, #5172, #1483, .T. ) ;
#3857 = DIRECTION ( 'NONE',  ( -0.000000000000000000, -1.000000000000000000, -0.000000000000000000 ) ) ;
#3858 = DIRECTION ( 'NONE',  ( 1.734723475976804728E-15, 0.000000000000000000, 1.000000000000000000 ) ) ;
#3859 = VECTOR ( 'NONE', #824, 1000.000000000000000 ) ;
#3860 = ORIENTED_EDGE ( 'NONE', *, *, #4783, .F. ) ;
#3861 = AXIS2_PLACEMENT_3D ( 'NONE', #1186, #281, #3819 ) ;
#3862 = ORIENTED_EDGE ( 'NONE', *, *, #3772, .T. ) ;
#3863 = AXIS2_PLACEMENT_3D ( 'NONE', #3865, #4373, #2581 ) ;
#3864 = LINE ( 'NONE', #5560, #1178 ) ;
#3865 = CARTESIAN_POINT ( 'NONE',  ( 63.35000000000000142, 10.00000000000000000, -67.00000000000000000 ) ) ;
#3866 = CARTESIAN_POINT ( 'NONE',  ( 61.72500000000000853, 7.000000000000000000, -50.75000000000000000 ) ) ;
#3867 = EDGE_CURVE ( 'NONE', #2630, #5198, #4662, .T. ) ;
#3868 = DIRECTION ( 'NONE',  ( 0.000000000000000000, 0.000000000000000000, 1.000000000000000000 ) ) ;
#3869 = ORIENTED_EDGE ( 'NONE', *, *, #2298, .F. ) ;
#3870 = AXIS2_PLACEMENT_3D ( 'NONE', #4412, #4780, #1745 ) ;
#3871 = CARTESIAN_POINT ( 'NONE',  ( 58.35000000000001563, 6.800000000000000711, -67.00000000000000000 ) ) ;
#3872 = CIRCLE ( 'NONE', #3511, 3.500000000000000888 ) ;
#3873 = DIRECTION ( 'NONE',  ( 1.000000000000000000, 0.000000000000000000, 0.000000000000000000 ) ) ;
#3874 = DIRECTION ( 'NONE',  ( -0.000000000000000000, -1.000000000000000000, -0.000000000000000000 ) ) ;
#3875 = CIRCLE ( 'NONE', #3146, 5.000000000000002665 ) ;
#3876 = CARTESIAN_POINT ( 'NONE',  ( 58.19999999999999574, 12.00000000000000000, -47.62000000000000455 ) ) ;
#3877 = CARTESIAN_POINT ( 'NONE',  ( 61.72500000000000853, 12.00000000000000000, -52.79999999999999716 ) ) ;
#3878 = EDGE_CURVE ( 'NONE', #1072, #1189, #4651, .T. ) ;
#3879 = DIRECTION ( 'NONE',  ( 0.000000000000000000, 0.000000000000000000, -1.000000000000000000 ) ) ;
#3880 = ORIENTED_EDGE ( 'NONE', *, *, #653, .T. ) ;
#3881 = ORIENTED_EDGE ( 'NONE', *, *, #3842, .F. ) ;
#3882 = AXIS2_PLACEMENT_3D ( 'NONE', #4375, #5221, #5190 ) ;
#3883 = EDGE_CURVE ( 'NONE', #2803, #2598, #2450, .T. ) ;
#3884 = ORIENTED_EDGE ( 'NONE', *, *, #4838, .T. ) ;
#3885 = AXIS2_PLACEMENT_3D ( 'NONE', #3767, #3393, #310 ) ;
#3886 = EDGE_CURVE ( 'NONE', #851, #5609, #4582, .T. ) ;
#3887 = FACE_OUTER_BOUND ( 'NONE', #4993, .T. ) ;
#3888 = CARTESIAN_POINT ( 'NONE',  ( 58.35000000000001563, 6.000000000000000000, -4.999999999999990230 ) ) ;
#3889 = ORIENTED_EDGE ( 'NONE', *, *, #1126, .F. ) ;
#3890 = CIRCLE ( 'NONE', #4956, 1.600000000000004086 ) ;
#3891 = LINE ( 'NONE', #1309, #2529 ) ;
#3892 = LINE ( 'NONE', #1732, #4043 ) ;
#3893 = EDGE_LOOP ( 'NONE', ( #57, #4548, #4351, #1843 ) ) ;
#3894 = ORIENTED_EDGE ( 'NONE', *, *, #1991, .T. ) ;
#3895 = CIRCLE ( 'NONE', #3528, 3.000000000000002665 ) ;
#3896 = CYLINDRICAL_SURFACE ( 'NONE', #2624, 2.999999999999999112 ) ;
#3897 = DIRECTION ( 'NONE',  ( 0.000000000000000000, 0.000000000000000000, -1.000000000000000000 ) ) ;
#3898 = LINE ( 'NONE', #894, #84 ) ;
#3899 = ORIENTED_EDGE ( 'NONE', *, *, #543, .T. ) ;
#3900 = ADVANCED_FACE ( 'NONE', ( #4694 ), #304, .F. ) ;
#3901 = ORIENTED_EDGE ( 'NONE', *, *, #3251, .F. ) ;
#3902 = CARTESIAN_POINT ( 'NONE',  ( 52.69999999999999574, 6.999999999999999112, -38.49999999999999289 ) ) ;
#3903 = CARTESIAN_POINT ( 'NONE',  ( 1.349999999999999201, 8.500000000000000000, -67.00000000000000000 ) ) ;
#3904 = DIRECTION ( 'NONE',  ( 0.000000000000000000, 0.000000000000000000, -1.000000000000000000 ) ) ;
#3905 = DIRECTION ( 'NONE',  ( 0.000000000000000000, 0.000000000000000000, 1.000000000000000000 ) ) ;
#3906 = ORIENTED_EDGE ( 'NONE', *, *, #2571, .F. ) ;
#3907 = VERTEX_POINT ( 'NONE', #2475 ) ;
#3908 = ORIENTED_EDGE ( 'NONE', *, *, #1359, .F. ) ;
#3909 = EDGE_CURVE ( 'NONE', #5492, #3440, #3733, .T. ) ;
#3910 = ORIENTED_EDGE ( 'NONE', *, *, #5568, .T. ) ;
#3911 = DIRECTION ( 'NONE',  ( -1.156482317317870344E-15, 0.000000000000000000, -1.000000000000000000 ) ) ;
#3912 = LINE ( 'NONE', #4832, #3063 ) ;
#3913 = CYLINDRICAL_SURFACE ( 'NONE', #234, 3.000000000000000000 ) ;
#3914 = VECTOR ( 'NONE', #2732, 1000.000000000000000 ) ;
#3915 = ORIENTED_EDGE ( 'NONE', *, *, #31, .T. ) ;
#3916 = AXIS2_PLACEMENT_3D ( 'NONE', #3723, #5449, #5017 ) ;
#3917 = CIRCLE ( 'NONE', #1466, 8.499999999999996447 ) ;
#3918 = DIRECTION ( 'NONE',  ( -1.000000000000000000, 0.000000000000000000, -0.000000000000000000 ) ) ;
#3919 = EDGE_CURVE ( 'NONE', #520, #2205, #3383, .T. ) ;
#3920 = DIRECTION ( 'NONE',  ( 0.000000000000000000, 0.000000000000000000, -1.000000000000000000 ) ) ;
#3921 = VERTEX_POINT ( 'NONE', #4998 ) ;
#3922 = VERTEX_POINT ( 'NONE', #5084 ) ;
#3923 = DIRECTION ( 'NONE',  ( 0.000000000000000000, 0.000000000000000000, 1.000000000000000000 ) ) ;
#3924 = DIRECTION ( 'NONE',  ( -0.000000000000000000, -1.000000000000000000, 0.000000000000000000 ) ) ;
#3925 = DIRECTION ( 'NONE',  ( -0.000000000000000000, -1.000000000000000000, -0.000000000000000000 ) ) ;
#3926 =( NAMED_UNIT ( * ) PLANE_ANGLE_UNIT ( ) SI_UNIT ( $, .RADIAN. ) );
#3927 = ORIENTED_EDGE ( 'NONE', *, *, #3516, .T. ) ;
#3928 = ORIENTED_EDGE ( 'NONE', *, *, #3951, .F. ) ;
#3929 = DIRECTION ( 'NONE',  ( 0.000000000000000000, 0.000000000000000000, -1.000000000000000000 ) ) ;
#3930 = FACE_OUTER_BOUND ( 'NONE', #860, .T. ) ;
#3931 = CYLINDRICAL_SURFACE ( 'NONE', #599, 5.000000000000004441 ) ;
#3932 = DIRECTION ( 'NONE',  ( -0.000000000000000000, 1.000000000000000000, -0.000000000000000000 ) ) ;
#3933 = ORIENTED_EDGE ( 'NONE', *, *, #2005, .T. ) ;
#3934 = ADVANCED_FACE ( 'NONE', ( #1122 ), #1606, .F. ) ;
#3935 = ORIENTED_EDGE ( 'NONE', *, *, #5107, .F. ) ;
#3936 = EDGE_LOOP ( 'NONE', ( #4265, #3088 ) ) ;
#3937 = AXIS2_PLACEMENT_3D ( 'NONE', #619, #4019, #2787 ) ;
#3938 = ORIENTED_EDGE ( 'NONE', *, *, #5404, .F. ) ;
#3939 = CARTESIAN_POINT ( 'NONE',  ( 63.35000000000000142, 2.000000000000000000, -67.00000000000000000 ) ) ;
#3940 = LINE ( 'NONE', #4389, #5507 ) ;
#3941 = DIRECTION ( 'NONE',  ( 0.000000000000000000, 0.000000000000000000, 1.000000000000000000 ) ) ;
#3942 = ORIENTED_EDGE ( 'NONE', *, *, #2376, .T. ) ;
#3943 = AXIS2_PLACEMENT_3D ( 'NONE', #102, #1854, #3581 ) ;
#3944 = EDGE_CURVE ( 'NONE', #1106, #428, #4115, .T. ) ;
#3945 = ORIENTED_EDGE ( 'NONE', *, *, #2370, .F. ) ;
#3946 = EDGE_CURVE ( 'NONE', #2363, #4968, #1660, .T. ) ;
#3947 = DIRECTION ( 'NONE',  ( 0.000000000000000000, -1.000000000000000000, 0.000000000000000000 ) ) ;
#3948 = EDGE_CURVE ( 'NONE', #3838, #3513, #698, .T. ) ;
#3949 = ORIENTED_EDGE ( 'NONE', *, *, #4537, .T. ) ;
#3950 = CIRCLE ( 'NONE', #2487, 3.000000000000000000 ) ;
#3951 = EDGE_CURVE ( 'NONE', #3299, #3130, #2426, .T. ) ;
#3952 = PLANE ( 'NONE',  #4345 ) ;
#3953 = DIRECTION ( 'NONE',  ( -1.000000000000000000, 0.000000000000000000, 0.000000000000000000 ) ) ;
#3954 = CIRCLE ( 'NONE', #5122, 3.000000000000002665 ) ;
#3955 = EDGE_CURVE ( 'NONE', #904, #1129, #4163, .T. ) ;
#3956 = CARTESIAN_POINT ( 'NONE',  ( 4.000000000000002665, 6.999999999999999112, -42.24999999999998579 ) ) ;
#3957 = FACE_OUTER_BOUND ( 'NONE', #3822, .T. ) ;
#3958 = ORIENTED_EDGE ( 'NONE', *, *, #2972, .F. ) ;
#3959 = AXIS2_PLACEMENT_3D ( 'NONE', #4211, #2592, #4746 ) ;
#3960 = CIRCLE ( 'NONE', #4678, 3.000000000000002665 ) ;
#3961 = DIRECTION ( 'NONE',  ( 0.000000000000000000, 0.000000000000000000, 1.000000000000000000 ) ) ;
#3962 = FACE_BOUND ( 'NONE', #1015, .T. ) ;
#3963 = DIRECTION ( 'NONE',  ( 0.000000000000000000, 0.000000000000000000, 1.000000000000000000 ) ) ;
#3964 = DIRECTION ( 'NONE',  ( 0.000000000000000000, 0.000000000000000000, -1.000000000000000000 ) ) ;
#3965 = CARTESIAN_POINT ( 'NONE',  ( 64.19999999999998863, 6.999999999999999112, -49.12000000000000455 ) ) ;
#3966 = ORIENTED_EDGE ( 'NONE', *, *, #2037, .F. ) ;
#3967 = EDGE_LOOP ( 'NONE', ( #5504, #2290, #1447, #3250 ) ) ;
#3968 = VECTOR ( 'NONE', #1826, 1000.000000000000000 ) ;
#3969 = VECTOR ( 'NONE', #2258, 1000.000000000000000 ) ;
#3970 = VERTEX_POINT ( 'NONE', #1354 ) ;
#3971 = DIRECTION ( 'NONE',  ( 0.000000000000000000, 0.000000000000000000, -1.000000000000000000 ) ) ;
#3972 = CARTESIAN_POINT ( 'NONE',  ( 52.69999999999999574, 0.000000000000000000, -30.00000000000000000 ) ) ;
#3973 = CARTESIAN_POINT ( 'NONE',  ( 63.35000000000000142, 8.500000000000000000, -67.00000000000000000 ) ) ;
#3974 = ORIENTED_EDGE ( 'NONE', *, *, #2718, .F. ) ;
#3975 = AXIS2_PLACEMENT_3D ( 'NONE', #1332, #3108, #5175 ) ;
#3976 = ADVANCED_FACE ( 'NONE', ( #1295 ), #2989, .F. ) ;
#3977 = DIRECTION ( 'NONE',  ( 0.000000000000000000, 0.000000000000000000, -1.000000000000000000 ) ) ;
#3978 = AXIS2_PLACEMENT_3D ( 'NONE', #5563, #4404, #3009 ) ;
#3979 = ORIENTED_EDGE ( 'NONE', *, *, #5107, .T. ) ;
#3980 = ADVANCED_FACE ( 'NONE', ( #3076 ), #3469, .F. ) ;
#3981 = CARTESIAN_POINT ( 'NONE',  ( 0.000000000000000000, 0.000000000000000000, 0.000000000000000000 ) ) ;
#3982 = CARTESIAN_POINT ( 'NONE',  ( 49.50000000000000711, -11.31370849898477360, -40.99999999999999289 ) ) ;
#3983 = DIRECTION ( 'NONE',  ( -0.000000000000000000, -1.000000000000000000, -0.000000000000000000 ) ) ;
#3984 = EDGE_CURVE ( 'NONE', #5131, #5097, #500, .T. ) ;
#3985 = ORIENTED_EDGE ( 'NONE', *, *, #5171, .F. ) ;
#3986 = ORIENTED_EDGE ( 'NONE', *, *, #203, .T. ) ;
#3987 = VECTOR ( 'NONE', #4885, 1000.000000000000000 ) ;
#3988 = DIRECTION ( 'NONE',  ( 0.000000000000000000, 0.000000000000000000, -1.000000000000000000 ) ) ;
#3989 = CARTESIAN_POINT ( 'NONE',  ( 25.59999999999999432, 6.999999999999999112, -60.00000000000000000 ) ) ;
#3990 = CYLINDRICAL_SURFACE ( 'NONE', #1236, 3.500000000000003109 ) ;
#3991 = CARTESIAN_POINT ( 'NONE',  ( 14.19999999999999751, 2.000000000000001776, -5.000000000000000000 ) ) ;
#3992 = EDGE_CURVE ( 'NONE', #2803, #887, #3289, .T. ) ;
#3993 = ORIENTED_EDGE ( 'NONE', *, *, #3455, .T. ) ;
#3994 = VERTEX_POINT ( 'NONE', #4801 ) ;
#3995 = VERTEX_POINT ( 'NONE', #3903 ) ;
#3996 = DIRECTION ( 'NONE',  ( 0.000000000000000000, -0.000000000000000000, -1.000000000000000000 ) ) ;
#3997 = CARTESIAN_POINT ( 'NONE',  ( 68.20000000000000284, 6.000000000000000000, -1.836970198721337590E-17 ) ) ;
#3998 = ORIENTED_EDGE ( 'NONE', *, *, #2748, .F. ) ;
#3999 = ORIENTED_EDGE ( 'NONE', *, *, #2103, .T. ) ;
#4000 = DIRECTION ( 'NONE',  ( 0.000000000000000000, 1.000000000000000000, 0.000000000000000000 ) ) ;
#4001 = EDGE_LOOP ( 'NONE', ( #257, #2375, #2853, #2162 ) ) ;
#4002 = ORIENTED_EDGE ( 'NONE', *, *, #592, .T. ) ;
#4003 = EDGE_CURVE ( 'NONE', #2570, #3853, #445, .T. ) ;
#4004 = CARTESIAN_POINT ( 'NONE',  ( 63.35000000000001563, 8.500000000000000000, -5.000000000000004441 ) ) ;
#4005 = DIRECTION ( 'NONE',  ( 0.000000000000000000, 0.000000000000000000, 1.000000000000000000 ) ) ;
#4006 = CARTESIAN_POINT ( 'NONE',  ( 16.19999999999999574, 1.999999999999998224, -2.000000000000000000 ) ) ;
#4007 = VERTEX_POINT ( 'NONE', #4410 ) ;
#4008 = DIRECTION ( 'NONE',  ( 0.000000000000000000, 0.000000000000000000, 1.000000000000000000 ) ) ;
#4009 = LINE ( 'NONE', #4515, #2405 ) ;
#4010 = CARTESIAN_POINT ( 'NONE',  ( 1.350000000000000977, 8.500000000000000000, -67.00000000000000000 ) ) ;
#4011 = DIRECTION ( 'NONE',  ( 1.000000000000000000, 0.000000000000000000, 0.000000000000000000 ) ) ;
#4012 = EDGE_CURVE ( 'NONE', #4782, #1903, #925, .T. ) ;
#4013 = DIRECTION ( 'NONE',  ( 0.000000000000000000, 0.000000000000000000, -1.000000000000000000 ) ) ;
#4014 = ADVANCED_FACE ( 'NONE', ( #4778 ), #5603, .F. ) ;
#4015 = ORIENTED_EDGE ( 'NONE', *, *, #4145, .T. ) ;
#4016 = EDGE_CURVE ( 'NONE', #1352, #3513, #5572, .T. ) ;
#4017 = ORIENTED_EDGE ( 'NONE', *, *, #1208, .T. ) ;
#4018 = CARTESIAN_POINT ( 'NONE',  ( 61.72500000000000853, 7.000000000000000000, -52.79999999999999716 ) ) ;
#4019 = DIRECTION ( 'NONE',  ( 0.000000000000000000, 1.000000000000000000, -0.000000000000000000 ) ) ;
#4020 = CARTESIAN_POINT ( 'NONE',  ( 9.850000000000015632, 0.8000000000000000444, -5.000000000000004441 ) ) ;
#4021 = CARTESIAN_POINT ( 'NONE',  ( 63.35000000000000142, 10.00000000000000178, -62.15000000000001279 ) ) ;
#4022 = ORIENTED_EDGE ( 'NONE', *, *, #5499, .F. ) ;
#4023 = EDGE_CURVE ( 'NONE', #3221, #2043, #5143, .T. ) ;
#4024 = ORIENTED_EDGE ( 'NONE', *, *, #1345, .F. ) ;
#4025 = VECTOR ( 'NONE', #531, 1000.000000000000000 ) ;
#4026 = CARTESIAN_POINT ( 'NONE',  ( 0.000000000000000000, 2.000000000000000000, 0.000000000000000000 ) ) ;
#4027 = ORIENTED_EDGE ( 'NONE', *, *, #4707, .F. ) ;
#4028 = ORIENTED_EDGE ( 'NONE', *, *, #5533, .F. ) ;
#4029 = CIRCLE ( 'NONE', #4300, 3.000000000000000000 ) ;
#4030 = DIRECTION ( 'NONE',  ( -0.000000000000000000, 1.000000000000000000, -0.000000000000000000 ) ) ;
#4031 = CARTESIAN_POINT ( 'NONE',  ( 25.59999999999999432, 27.39607805437114507, -60.00000000000000000 ) ) ;
#4032 = LINE ( 'NONE', #2773, #4607 ) ;
#4033 = VERTEX_POINT ( 'NONE', #5229 ) ;
#4034 = AXIS2_PLACEMENT_3D ( 'NONE', #1018, #1926, #595 ) ;
#4035 = DIRECTION ( 'NONE',  ( 0.000000000000000000, -1.000000000000000000, 0.000000000000000000 ) ) ;
#4036 = CIRCLE ( 'NONE', #1503, 8.499999999999992895 ) ;
#4037 = EDGE_CURVE ( 'NONE', #4244, #5069, #3443, .T. ) ;
#4038 = LINE ( 'NONE', #4126, #5578 ) ;
#4039 = AXIS2_PLACEMENT_3D ( 'NONE', #2021, #4154, #5018 ) ;
#4040 = LINE ( 'NONE', #2779, #5102 ) ;
#4041 = CARTESIAN_POINT ( 'NONE',  ( 58.50000000000000711, 7.000000000000000000, -70.50000000000000000 ) ) ;
#4042 = CARTESIAN_POINT ( 'NONE',  ( 58.35000000000001563, 6.800000000000000711, -4.999999999999990230 ) ) ;
#4043 = VECTOR ( 'NONE', #5130, 1000.000000000000000 ) ;
#4044 = CIRCLE ( 'NONE', #1598, 4.000000000000003553 ) ;
#4045 = ORIENTED_EDGE ( 'NONE', *, *, #1417, .T. ) ;
#4046 = VECTOR ( 'NONE', #2744, 1000.000000000000000 ) ;
#4047 = EDGE_CURVE ( 'NONE', #1817, #4805, #227, .T. ) ;
#4048 = CARTESIAN_POINT ( 'NONE',  ( 58.19999999999999574, 9.255000000000007887, -47.62000000000000455 ) ) ;
#4049 = LINE ( 'NONE', #4082, #3839 ) ;
#4050 = DIRECTION ( 'NONE',  ( 0.000000000000000000, 2.040851148208009970E-16, -1.000000000000000000 ) ) ;
#4051 = CARTESIAN_POINT ( 'NONE',  ( 58.19999999999999574, 12.00000000000000000, -10.00000000000000000 ) ) ;
#4052 = ORIENTED_EDGE ( 'NONE', *, *, #4588, .T. ) ;
#4053 = EDGE_CURVE ( 'NONE', #5279, #256, #2559, .T. ) ;
#4054 = ORIENTED_EDGE ( 'NONE', *, *, #3113, .F. ) ;
#4055 = AXIS2_PLACEMENT_3D ( 'NONE', #3702, #5339, #3187 ) ;
#4056 = DIRECTION ( 'NONE',  ( 0.000000000000000000, 0.000000000000000000, 1.000000000000000000 ) ) ;
#4057 = EDGE_CURVE ( 'NONE', #3373, #88, #3417, .T. ) ;
#4058 = ADVANCED_BREP_SHAPE_REPRESENTATION ( '\X2\591658f3\X0\', ( #3648, #4775 ), #1165 ) ;
#4059 = AXIS2_PLACEMENT_3D ( 'NONE', #2313, #170, #5345 ) ;
#4060 = AXIS2_PLACEMENT_3D ( 'NONE', #5248, #9, #2584 ) ;
#4061 = CARTESIAN_POINT ( 'NONE',  ( 58.19999999999999574, 12.00000000000000000, -13.00000000000000178 ) ) ;
#4062 = ORIENTED_EDGE ( 'NONE', *, *, #3380, .T. ) ;
#4063 = AXIS2_PLACEMENT_3D ( 'NONE', #2673, #1717, #2113 ) ;
#4064 = ORIENTED_EDGE ( 'NONE', *, *, #3276, .T. ) ;
#4065 = EDGE_CURVE ( 'NONE', #5369, #41, #15, .T. ) ;
#4066 = DIRECTION ( 'NONE',  ( 0.000000000000000000, -0.000000000000000000, 1.000000000000000000 ) ) ;
#4067 = AXIS2_PLACEMENT_3D ( 'NONE', #5237, #4302, #2685 ) ;
#4068 = LINE ( 'NONE', #4922, #5400 ) ;
#4069 = FACE_OUTER_BOUND ( 'NONE', #1489, .T. ) ;
#4070 = ORIENTED_EDGE ( 'NONE', *, *, #5152, .F. ) ;
#4071 = FACE_OUTER_BOUND ( 'NONE', #3624, .T. ) ;
#4072 = DIRECTION ( 'NONE',  ( 0.000000000000000000, 0.000000000000000000, 1.000000000000000000 ) ) ;
#4073 = DIRECTION ( 'NONE',  ( 0.000000000000000000, 1.000000000000000000, 0.000000000000000000 ) ) ;
#4074 = CARTESIAN_POINT ( 'NONE',  ( 4.000000000000002665, 7.000000000000000000, -40.99999999999999289 ) ) ;
#4075 = FACE_OUTER_BOUND ( 'NONE', #1201, .T. ) ;
#4076 = VERTEX_POINT ( 'NONE', #3016 ) ;
#4077 = EDGE_CURVE ( 'NONE', #1382, #1943, #4747, .T. ) ;
#4078 = VECTOR ( 'NONE', #3258, 1000.000000000000000 ) ;
#4079 = AXIS2_PLACEMENT_3D ( 'NONE', #3089, #2191, #3033 ) ;
#4080 = ORIENTED_EDGE ( 'NONE', *, *, #11, .T. ) ;
#4081 = DIRECTION ( 'NONE',  ( -0.000000000000000000, -1.000000000000000000, -0.000000000000000000 ) ) ;
#4082 = CARTESIAN_POINT ( 'NONE',  ( 63.35000000000001563, 2.000000000000000000, -6.600000000000009415 ) ) ;
#4083 = DIRECTION ( 'NONE',  ( 0.000000000000000000, -1.000000000000000000, 0.000000000000000000 ) ) ;
#4084 = FACE_OUTER_BOUND ( 'NONE', #2637, .T. ) ;
#4085 = ORIENTED_EDGE ( 'NONE', *, *, #1207, .T. ) ;
#4086 = ORIENTED_EDGE ( 'NONE', *, *, #676, .T. ) ;
#4087 = CARTESIAN_POINT ( 'NONE',  ( 14.19999999999999751, 2.000000000000000000, -12.00000000000000355 ) ) ;
#4088 = CARTESIAN_POINT ( 'NONE',  ( 61.72500000000000853, 12.00000000000000000, -59.69999999999999574 ) ) ;
#4089 = ORIENTED_EDGE ( 'NONE', *, *, #4261, .T. ) ;
#4090 = EDGE_CURVE ( 'NONE', #2448, #1273, #1321, .T. ) ;
#4091 = FACE_OUTER_BOUND ( 'NONE', #1413, .T. ) ;
#4092 = DIRECTION ( 'NONE',  ( 1.000000000000000000, 0.000000000000000000, -0.000000000000000000 ) ) ;
#4093 = DIRECTION ( 'NONE',  ( 0.000000000000000000, 1.000000000000000000, 0.000000000000000000 ) ) ;
#4094 = VERTEX_POINT ( 'NONE', #2200 ) ;
#4095 = CARTESIAN_POINT ( 'NONE',  ( 53.71999999999999886, 36.04163056034260393, -38.43857807927378190 ) ) ;
#4096 = DIRECTION ( 'NONE',  ( -0.000000000000000000, -1.000000000000000000, 0.000000000000000000 ) ) ;
#4097 = CARTESIAN_POINT ( 'NONE',  ( 62.22500000000000853, 12.00000000000000000, -59.69999999999999574 ) ) ;
#4098 = CARTESIAN_POINT ( 'NONE',  ( 50.31347356024124196, -0.001000000000000318993, -34.04742775896658458 ) ) ;
#4099 = DIRECTION ( 'NONE',  ( -1.000000000000000000, 0.000000000000000000, 0.000000000000000000 ) ) ;
#4100 = ORIENTED_EDGE ( 'NONE', *, *, #1521, .F. ) ;
#4101 = ORIENTED_EDGE ( 'NONE', *, *, #106, .F. ) ;
#4102 = CARTESIAN_POINT ( 'NONE',  ( 44.19999999999999574, 6.999999999999999112, -70.50000000000000000 ) ) ;
#4103 = LINE ( 'NONE', #2397, #1670 ) ;
#4104 = LINE ( 'NONE', #5317, #2348 ) ;
#4105 = ADVANCED_FACE ( 'NONE', ( #3930 ), #3667, .F. ) ;
#4106 = LINE ( 'NONE', #3273, #3058 ) ;
#4107 = ORIENTED_EDGE ( 'NONE', *, *, #999, .F. ) ;
#4108 = VERTEX_POINT ( 'NONE', #4487 ) ;
#4109 = AXIS2_PLACEMENT_3D ( 'NONE', #3817, #3732, #5082 ) ;
#4110 = DIRECTION ( 'NONE',  ( -0.000000000000000000, -1.000000000000000000, -0.000000000000000000 ) ) ;
#4111 = EDGE_CURVE ( 'NONE', #3711, #5015, #4040, .T. ) ;
#4112 = DIRECTION ( 'NONE',  ( 0.000000000000000000, 0.000000000000000000, -1.000000000000000000 ) ) ;
#4113 = VERTEX_POINT ( 'NONE', #5365 ) ;
#4114 = ORIENTED_EDGE ( 'NONE', *, *, #3828, .T. ) ;
#4115 = CIRCLE ( 'NONE', #2389, 5.000000000000004441 ) ;
#4116 = DIRECTION ( 'NONE',  ( -1.000000000000000000, 0.000000000000000000, 1.160904811839163983E-16 ) ) ;
#4117 = EDGE_CURVE ( 'NONE', #2259, #4007, #4835, .T. ) ;
#4118 = DIRECTION ( 'NONE',  ( 0.000000000000000000, 0.000000000000000000, -1.000000000000000000 ) ) ;
#4119 = LINE ( 'NONE', #235, #4954 ) ;
#4120 = ORIENTED_EDGE ( 'NONE', *, *, #4174, .F. ) ;
#4121 = CIRCLE ( 'NONE', #766, 1.249999999999994227 ) ;
#4122 = ORIENTED_EDGE ( 'NONE', *, *, #377, .F. ) ;
#4123 = EDGE_CURVE ( 'NONE', #3256, #1956, #1006, .T. ) ;
#4124 = DIRECTION ( 'NONE',  ( -0.000000000000000000, 1.000000000000000000, -0.000000000000000000 ) ) ;
#4125 = EDGE_CURVE ( 'NONE', #3433, #4764, #4932, .T. ) ;
#4126 = CARTESIAN_POINT ( 'NONE',  ( 10.00000000000000000, 7.000000000000000000, -10.00000000000000000 ) ) ;
#4127 = LINE ( 'NONE', #1674, #4310 ) ;
#4128 = DIRECTION ( 'NONE',  ( 0.000000000000000000, 0.000000000000000000, 1.000000000000000000 ) ) ;
#4129 = CARTESIAN_POINT ( 'NONE',  ( 62.82484076433121345, -5.240185044024122440, -62.17851601919164040 ) ) ;
#4130 = EDGE_LOOP ( 'NONE', ( #4408, #2084, #1083, #3215, #4750, #5539, #2446, #1783, #4519, #4704, #1415, #3193, #4529, #4609, #4, #3472, #3537, #3122, #4799, #2092, #2672, #105, #2670, #3557 ) ) ;
#4131 = AXIS2_PLACEMENT_3D ( 'NONE', #4897, #2354, #3231 ) ;
#4132 = AXIS2_PLACEMENT_3D ( 'NONE', #5336, #3208, #1402 ) ;
#4133 = VERTEX_POINT ( 'NONE', #1090 ) ;
#4134 = DIRECTION ( 'NONE',  ( -0.000000000000000000, -1.000000000000000000, 0.000000000000000000 ) ) ;
#4135 = CARTESIAN_POINT ( 'NONE',  ( 63.35000000000000142, 6.800000000000000711, -67.00000000000000000 ) ) ;
#4136 = CARTESIAN_POINT ( 'NONE',  ( 62.22500000000000853, 12.00000000000000000, -56.25000000000000000 ) ) ;
#4137 = CARTESIAN_POINT ( 'NONE',  ( 1.350000000000008749, 8.500000000000000000, -5.000000000000004441 ) ) ;
#4138 = ORIENTED_EDGE ( 'NONE', *, *, #4906, .T. ) ;
#4139 = VECTOR ( 'NONE', #5488, 1000.000000000000000 ) ;
#4140 = ORIENTED_EDGE ( 'NONE', *, *, #5466, .F. ) ;
#4141 = AXIS2_PLACEMENT_3D ( 'NONE', #3632, #2355, #4092 ) ;
#4142 = DIRECTION ( 'NONE',  ( 1.000000000000000000, -0.000000000000000000, -0.000000000000000000 ) ) ;
#4143 = FACE_OUTER_BOUND ( 'NONE', #3476, .T. ) ;
#4144 = ORIENTED_EDGE ( 'NONE', *, *, #250, .T. ) ;
#4145 = EDGE_CURVE ( 'NONE', #5249, #390, #4391, .T. ) ;
#4146 = AXIS2_PLACEMENT_3D ( 'NONE', #1776, #3555, #3129 ) ;
#4147 = VECTOR ( 'NONE', #1277, 1000.000000000000000 ) ;
#4148 = PLANE ( 'NONE',  #4668 ) ;
#4149 = DIRECTION ( 'NONE',  ( 0.000000000000000000, 0.000000000000000000, -1.000000000000000000 ) ) ;
#4150 = ORIENTED_EDGE ( 'NONE', *, *, #3724, .T. ) ;
#4151 = EDGE_LOOP ( 'NONE', ( #4150, #4944, #648, #5232 ) ) ;
#4152 = EDGE_CURVE ( 'NONE', #4536, #1199, #1672, .T. ) ;
#4153 = DIRECTION ( 'NONE',  ( 0.000000000000000000, 1.000000000000000000, -0.000000000000000000 ) ) ;
#4154 = DIRECTION ( 'NONE',  ( 0.000000000000000000, 0.000000000000000000, 1.000000000000000000 ) ) ;
#4155 = EDGE_CURVE ( 'NONE', #604, #992, #3390, .T. ) ;
#4156 = FACE_OUTER_BOUND ( 'NONE', #2638, .T. ) ;
#4157 = CARTESIAN_POINT ( 'NONE',  ( 63.35000000000000142, 6.800000000000000711, -62.00000000000000711 ) ) ;
#4158 = LINE ( 'NONE', #808, #5224 ) ;
#4159 = VERTEX_POINT ( 'NONE', #1058 ) ;
#4160 = VERTEX_POINT ( 'NONE', #4437 ) ;
#4161 = DIRECTION ( 'NONE',  ( -0.000000000000000000, -1.000000000000000000, 0.000000000000000000 ) ) ;
#4162 = EDGE_CURVE ( 'NONE', #2422, #5045, #4121, .T. ) ;
#4163 = LINE ( 'NONE', #4823, #131 ) ;
#4164 = DIRECTION ( 'NONE',  ( -0.000000000000000000, -1.000000000000000000, 0.000000000000000000 ) ) ;
#4165 = LINE ( 'NONE', #1637, #1342 ) ;
#4166 = ORIENTED_EDGE ( 'NONE', *, *, #3142, .T. ) ;
#4167 = ORIENTED_EDGE ( 'NONE', *, *, #5540, .F. ) ;
#4168 = LINE ( 'NONE', #3797, #1613 ) ;
#4169 = CARTESIAN_POINT ( 'NONE',  ( 5.000000000000000000, 19.07106781186547906, -5.000000000000000000 ) ) ;
#4170 = CYLINDRICAL_SURFACE ( 'NONE', #5294, 7.000000000000000000 ) ;
#4171 = ORIENTED_EDGE ( 'NONE', *, *, #1593, .F. ) ;
#4172 = DIRECTION ( 'NONE',  ( 0.000000000000000000, 0.000000000000000000, 1.000000000000000000 ) ) ;
#4173 = DIRECTION ( 'NONE',  ( 1.000000000000000000, 0.000000000000000000, 0.000000000000000000 ) ) ;
#4174 = EDGE_CURVE ( 'NONE', #5198, #2235, #4459, .T. ) ;
#4175 = ORIENTED_EDGE ( 'NONE', *, *, #686, .T. ) ;
#4176 = EDGE_LOOP ( 'NONE', ( #3057, #1330, #3703, #18, #2197, #5258, #997, #4493, #4015, #868, #3412, #3316, #1585, #5575, #5468, #4171, #4120, #2431, #3713, #5429, #4865, #4376, #1984, #3488, #3194, #4491, #5346 ) ) ;
#4177 = CARTESIAN_POINT ( 'NONE',  ( 57.10936900043424203, 12.00000000000000000, -42.75960285502685565 ) ) ;
#4178 = DIRECTION ( 'NONE',  ( 0.000000000000000000, 3.469446951953611231E-16, -1.000000000000000000 ) ) ;
#4179 = CARTESIAN_POINT ( 'NONE',  ( 53.50000000000001421, 8.500000000000000000, -70.50000000000000000 ) ) ;
#4180 = DIRECTION ( 'NONE',  ( -0.000000000000000000, -0.000000000000000000, 1.000000000000000000 ) ) ;
#4181 = AXIS2_PLACEMENT_3D ( 'NONE', #4860, #956, #3996 ) ;
#4182 = VERTEX_POINT ( 'NONE', #5307 ) ;
#4183 = APPLICATION_CONTEXT ( 'automotive_design' ) ;
#4184 = ORIENTED_EDGE ( 'NONE', *, *, #4533, .F. ) ;
#4185 = CARTESIAN_POINT ( 'NONE',  ( 0.000000000000000000, 11.00000000000000000, 0.000000000000000000 ) ) ;
#4186 = CARTESIAN_POINT ( 'NONE',  ( 61.72500000000000853, 12.00000000000000000, -52.79999999999999716 ) ) ;
#4187 = CARTESIAN_POINT ( 'NONE',  ( 4.000000000000000000, 11.99999999999999645, -60.74376388895747425 ) ) ;
#4188 = EDGE_CURVE ( 'NONE', #1876, #3995, #1030, .T. ) ;
#4189 = DIRECTION ( 'NONE',  ( 0.000000000000000000, 1.000000000000000000, 0.000000000000000000 ) ) ;
#4190 = ORIENTED_EDGE ( 'NONE', *, *, #2385, .T. ) ;
#4191 = EDGE_LOOP ( 'NONE', ( #1951, #4784, #896, #596 ) ) ;
#4192 = ADVANCED_FACE ( 'NONE', ( #3640 ), #1886, .F. ) ;
#4193 = DIRECTION ( 'NONE',  ( 0.000000000000000000, 0.000000000000000000, 1.000000000000000000 ) ) ;
#4194 = EDGE_CURVE ( 'NONE', #1915, #5485, #638, .T. ) ;
#4195 = FACE_OUTER_BOUND ( 'NONE', #3893, .T. ) ;
#4196 = DIRECTION ( 'NONE',  ( 0.000000000000000000, -1.000000000000000000, 0.000000000000000000 ) ) ;
#4197 = ORIENTED_EDGE ( 'NONE', *, *, #2520, .T. ) ;
#4198 = CYLINDRICAL_SURFACE ( 'NONE', #573, 4.849999999999993427 ) ;
#4199 = PLANE ( 'NONE',  #4344 ) ;
#4200 = ORIENTED_EDGE ( 'NONE', *, *, #5321, .F. ) ;
#4201 = ORIENTED_EDGE ( 'NONE', *, *, #4632, .F. ) ;
#4202 = AXIS2_PLACEMENT_3D ( 'NONE', #4135, #4973, #645 ) ;
#4203 = CYLINDRICAL_SURFACE ( 'NONE', #5080, 3.000000000000002665 ) ;
#4204 = CARTESIAN_POINT ( 'NONE',  ( 8.000000000000003553, 7.000000000000000000, -47.92820323027550700 ) ) ;
#4205 = AXIS2_PLACEMENT_3D ( 'NONE', #2256, #4516, #3611 ) ;
#4206 = DIRECTION ( 'NONE',  ( -0.000000000000000000, -1.000000000000000000, -0.000000000000000000 ) ) ;
#4207 = FACE_OUTER_BOUND ( 'NONE', #5375, .T. ) ;
#4208 = VERTEX_POINT ( 'NONE', #3989 ) ;
#4209 = EDGE_CURVE ( 'NONE', #5547, #2395, #3127, .T. ) ;
#4210 = ORIENTED_EDGE ( 'NONE', *, *, #761, .F. ) ;
#4211 = CARTESIAN_POINT ( 'NONE',  ( 42.20000000000000284, 11.99999999999999645, -5.000000000000000000 ) ) ;
#4212 = DIRECTION ( 'NONE',  ( -0.000000000000000000, -1.000000000000000000, 0.000000000000000000 ) ) ;
#4213 = DIRECTION ( 'NONE',  ( -0.000000000000000000, 1.000000000000000000, -0.000000000000000000 ) ) ;
#4214 = DIRECTION ( 'NONE',  ( 0.000000000000000000, 0.000000000000000000, 1.000000000000000000 ) ) ;
#4215 = ORIENTED_EDGE ( 'NONE', *, *, #1107, .F. ) ;
#4216 = AXIS2_PLACEMENT_3D ( 'NONE', #1821, #5267, #3173 ) ;
#4217 = ORIENTED_EDGE ( 'NONE', *, *, #1094, .F. ) ;
#4218 = ADVANCED_FACE ( 'NONE', ( #4964 ), #2807, .F. ) ;
#4219 = DIRECTION ( 'NONE',  ( 0.000000000000000000, 1.000000000000000000, 0.000000000000000000 ) ) ;
#4220 = CARTESIAN_POINT ( 'NONE',  ( 52.69999999999999574, 12.00099999999999945, -30.00000000000000000 ) ) ;
#4221 = VECTOR ( 'NONE', #157, 1000.000000000000000 ) ;
#4222 = ADVANCED_FACE ( 'NONE', ( #1828, #3552 ), #3158, .T. ) ;
#4223 = DIRECTION ( 'NONE',  ( 0.000000000000000000, 1.000000000000000000, 0.000000000000000000 ) ) ;
#4224 = AXIS2_PLACEMENT_3D ( 'NONE', #5003, #1103, #4056 ) ;
#4225 = ORIENTED_EDGE ( 'NONE', *, *, #3391, .T. ) ;
#4226 = FACE_OUTER_BOUND ( 'NONE', #2746, .T. ) ;
#4227 = CARTESIAN_POINT ( 'NONE',  ( 1.350000000000000977, 12.00000000000000000, -67.00000000000000000 ) ) ;
#4228 = VERTEX_POINT ( 'NONE', #2727 ) ;
#4229 = ORIENTED_EDGE ( 'NONE', *, *, #5357, .F. ) ;
#4230 = VECTOR ( 'NONE', #4877, 1000.000000000000000 ) ;
#4231 = AXIS2_PLACEMENT_3D ( 'NONE', #3266, #2869, #5511 ) ;
#4232 = CARTESIAN_POINT ( 'NONE',  ( 4.000000000000002665, 2.000000000000000000, -40.99999999999999289 ) ) ;
#4233 = DIRECTION ( 'NONE',  ( -0.000000000000000000, -1.000000000000000000, -0.000000000000000000 ) ) ;
#4234 = CYLINDRICAL_SURFACE ( 'NONE', #4836, 3.500000000000003109 ) ;
#4235 = CARTESIAN_POINT ( 'NONE',  ( 4.850000000000009415, 8.500000000000000000, -5.000000000000004441 ) ) ;
#4236 = ORIENTED_EDGE ( 'NONE', *, *, #5533, .T. ) ;
#4237 = VECTOR ( 'NONE', #2971, 1000.000000000000000 ) ;
#4238 = ORIENTED_EDGE ( 'NONE', *, *, #1561, .T. ) ;
#4239 = DIRECTION ( 'NONE',  ( 0.000000000000000000, 1.000000000000000000, -0.000000000000000000 ) ) ;
#4240 = CARTESIAN_POINT ( 'NONE',  ( 61.72500000000000853, 12.00000000000000000, -54.20000000000000995 ) ) ;
#4241 = DIRECTION ( 'NONE',  ( 0.000000000000000000, 0.000000000000000000, -1.000000000000000000 ) ) ;
#4242 = VECTOR ( 'NONE', #1680, 1000.000000000000000 ) ;
#4243 = DIRECTION ( 'NONE',  ( -0.000000000000000000, 1.000000000000000000, -0.000000000000000000 ) ) ;
#4244 = VERTEX_POINT ( 'NONE', #272 ) ;
#4245 = EDGE_CURVE ( 'NONE', #1772, #2259, #4733, .T. ) ;
#4246 = VERTEX_POINT ( 'NONE', #1116 ) ;
#4247 = ORIENTED_EDGE ( 'NONE', *, *, #816, .T. ) ;
#4248 = CARTESIAN_POINT ( 'NONE',  ( 49.50000000000000711, 0.000000000000000000, -19.00000000000000000 ) ) ;
#4249 = CARTESIAN_POINT ( 'NONE',  ( 62.22500000000000853, 6.000000000000000000, -56.25000000000000000 ) ) ;
#4250 = DIRECTION ( 'NONE',  ( 0.000000000000000000, 0.000000000000000000, -1.000000000000000000 ) ) ;
#4251 = EDGE_LOOP ( 'NONE', ( #1565, #4641, #2112, #3762 ) ) ;
#4252 = EDGE_CURVE ( 'NONE', #2539, #5223, #4655, .T. ) ;
#4253 = VECTOR ( 'NONE', #3857, 1000.000000000000000 ) ;
#4254 = DIRECTION ( 'NONE',  ( 3.129655755628260690E-16, 0.000000000000000000, 1.000000000000000000 ) ) ;
#4255 = CYLINDRICAL_SURFACE ( 'NONE', #1958, 3.500000000000007105 ) ;
#4256 = ORIENTED_EDGE ( 'NONE', *, *, #3878, .T. ) ;
#4257 = ORIENTED_EDGE ( 'NONE', *, *, #5499, .T. ) ;
#4258 = EDGE_CURVE ( 'NONE', #1111, #4555, #2547, .T. ) ;
#4259 = DIRECTION ( 'NONE',  ( -0.000000000000000000, 1.000000000000000000, -0.000000000000000000 ) ) ;
#4260 = CARTESIAN_POINT ( 'NONE',  ( 47.35000000000001563, 6.000000000000005329, -12.05179879393234188 ) ) ;
#4261 = EDGE_CURVE ( 'NONE', #3373, #283, #2977, .T. ) ;
#4262 = DIRECTION ( 'NONE',  ( -0.000000000000000000, 1.000000000000000000, -0.000000000000000000 ) ) ;
#4263 = PLANE ( 'NONE',  #4948 ) ;
#4264 = ORIENTED_EDGE ( 'NONE', *, *, #2485, .F. ) ;
#4265 = ORIENTED_EDGE ( 'NONE', *, *, #3661, .F. ) ;
#4266 = DIRECTION ( 'NONE',  ( 0.000000000000000000, 0.000000000000000000, 1.000000000000000000 ) ) ;
#4267 = CARTESIAN_POINT ( 'NONE',  ( 68.20000000000000284, 8.255000000000000782, -47.62000000000000455 ) ) ;
#4268 = CARTESIAN_POINT ( 'NONE',  ( 43.40000000000000568, 45.53445988829999180, -67.49999999999998579 ) ) ;
#4269 = LINE ( 'NONE', #2931, #2328 ) ;
#4270 = VERTEX_POINT ( 'NONE', #4278 ) ;
#4271 = ORIENTED_EDGE ( 'NONE', *, *, #4322, .T. ) ;
#4272 = CARTESIAN_POINT ( 'NONE',  ( 4.850000000000009415, 0.8000000000000000444, -61.99999999999998579 ) ) ;
#4273 = FACE_OUTER_BOUND ( 'NONE', #4781, .T. ) ;
#4274 = PLANE ( 'NONE',  #1778 ) ;
#4275 = ORIENTED_EDGE ( 'NONE', *, *, #1384, .T. ) ;
#4276 = EDGE_CURVE ( 'NONE', #4270, #191, #4846, .T. ) ;
#4277 = PLANE ( 'NONE',  #2982 ) ;
#4278 = CARTESIAN_POINT ( 'NONE',  ( 4.000000000000001776, 1.999999999999994893, -47.92820323027550700 ) ) ;
#4279 = CIRCLE ( 'NONE', #1840, 1.399999999999998579 ) ;
#4280 = ORIENTED_EDGE ( 'NONE', *, *, #4675, .F. ) ;
#4281 = ORIENTED_EDGE ( 'NONE', *, *, #1345, .T. ) ;
#4282 = EDGE_CURVE ( 'NONE', #1632, #2539, #3459, .T. ) ;
#4283 = CARTESIAN_POINT ( 'NONE',  ( 67.20000000000000284, 6.999999999999999112, -52.12000000000000455 ) ) ;
#4284 = DIRECTION ( 'NONE',  ( 1.000000000000000000, 0.000000000000000000, 0.000000000000000000 ) ) ;
#4285 = DIRECTION ( 'NONE',  ( 0.000000000000000000, -1.000000000000000000, 0.000000000000000000 ) ) ;
#4286 = DIRECTION ( 'NONE',  ( -0.000000000000000000, -1.000000000000000000, -0.000000000000000000 ) ) ;
#4287 = ORIENTED_EDGE ( 'NONE', *, *, #2385, .F. ) ;
#4288 = ADVANCED_FACE ( 'NONE', ( #5530 ), #5157, .F. ) ;
#4289 = ORIENTED_EDGE ( 'NONE', *, *, #5179, .F. ) ;
#4290 = AXIS2_PLACEMENT_3D ( 'NONE', #3791, #5434, #5028 ) ;
#4291 = DIRECTION ( 'NONE',  ( 0.000000000000000000, 1.000000000000000000, -0.000000000000000000 ) ) ;
#4292 = DIRECTION ( 'NONE',  ( 0.000000000000000000, 0.000000000000000000, -1.000000000000000000 ) ) ;
#4293 = CARTESIAN_POINT ( 'NONE',  ( 5.000000000000000000, 19.07106781186547906, 1.734723475976807094E-15 ) ) ;
#4294 = DIRECTION ( 'NONE',  ( -0.000000000000000000, 1.000000000000000000, -0.000000000000000000 ) ) ;
#4295 = DIRECTION ( 'NONE',  ( -0.000000000000000000, 1.000000000000000000, -0.000000000000000000 ) ) ;
#4296 = ORIENTED_EDGE ( 'NONE', *, *, #2632, .T. ) ;
#4297 = VECTOR ( 'NONE', #2960, 1000.000000000000000 ) ;
#4298 = EDGE_LOOP ( 'NONE', ( #802, #3862, #5455, #1633 ) ) ;
#4299 = ORIENTED_EDGE ( 'NONE', *, *, #420, .F. ) ;
#4300 = AXIS2_PLACEMENT_3D ( 'NONE', #1973, #3701, #1405 ) ;
#4301 = VERTEX_POINT ( 'NONE', #690 ) ;
#4302 = DIRECTION ( 'NONE',  ( 0.000000000000000000, 1.000000000000000000, 0.000000000000000000 ) ) ;
#4303 = CARTESIAN_POINT ( 'NONE',  ( 11.95000000000000995, 2.000000000000000000, -12.00000000000000355 ) ) ;
#4304 = EDGE_LOOP ( 'NONE', ( #3473, #724, #1408, #3958 ) ) ;
#4305 = CIRCLE ( 'NONE', #1047, 0.7000000000000061728 ) ;
#4306 = AXIS2_PLACEMENT_3D ( 'NONE', #3734, #3386, #388 ) ;
#4307 = AXIS2_PLACEMENT_3D ( 'NONE', #1175, #354, #745 ) ;
#4308 = FACE_OUTER_BOUND ( 'NONE', #4512, .T. ) ;
#4309 = LINE ( 'NONE', #2417, #2139 ) ;
#4310 = VECTOR ( 'NONE', #849, 1000.000000000000000 ) ;
#4311 = EDGE_LOOP ( 'NONE', ( #770, #789, #4856, #1550, #5138, #3467 ) ) ;
#4312 = AXIS2_PLACEMENT_3D ( 'NONE', #2468, #4206, #807 ) ;
#4313 = EDGE_CURVE ( 'NONE', #2015, #903, #4681, .T. ) ;
#4314 = ORIENTED_EDGE ( 'NONE', *, *, #1697, .F. ) ;
#4315 = CIRCLE ( 'NONE', #3588, 2.999999999999999112 ) ;
#4316 = FACE_OUTER_BOUND ( 'NONE', #4448, .T. ) ;
#4317 = CYLINDRICAL_SURFACE ( 'NONE', #4677, 2.999999999999999112 ) ;
#4318 = CARTESIAN_POINT ( 'NONE',  ( 63.35000000000000142, 6.000000000000000000, -67.00000000000000000 ) ) ;
#4319 = CARTESIAN_POINT ( 'NONE',  ( 9.850000000000015632, 0.8000000000000000444, -5.000000000000004441 ) ) ;
#4320 = VERTEX_POINT ( 'NONE', #4709 ) ;
#4321 = VECTOR ( 'NONE', #5564, 1000.000000000000000 ) ;
#4322 = EDGE_CURVE ( 'NONE', #5552, #3569, #3370, .T. ) ;
#4323 = EDGE_CURVE ( 'NONE', #3050, #2259, #4127, .T. ) ;
#4324 = CARTESIAN_POINT ( 'NONE',  ( 57.10936900043424203, 8.254999999999999005, -42.75960285502685565 ) ) ;
#4325 = VECTOR ( 'NONE', #362, 1000.000000000000000 ) ;
#4326 = CARTESIAN_POINT ( 'NONE',  ( 52.79999999999999716, 6.999999999999999112, -72.00000000000000000 ) ) ;
#4327 = AXIS2_PLACEMENT_3D ( 'NONE', #4248, #3738, #3335 ) ;
#4328 = DIRECTION ( 'NONE',  ( 0.000000000000000000, -1.000000000000000000, 0.000000000000000000 ) ) ;
#4329 = CARTESIAN_POINT ( 'NONE',  ( 63.35000000000001563, 8.500000000000000000, -5.000000000000004441 ) ) ;
#4330 = LINE ( 'NONE', #2229, #796 ) ;
#4331 = ORIENTED_EDGE ( 'NONE', *, *, #5242, .T. ) ;
#4332 = ORIENTED_EDGE ( 'NONE', *, *, #5466, .T. ) ;
#4333 = ORIENTED_EDGE ( 'NONE', *, *, #4556, .T. ) ;
#4334 = EDGE_CURVE ( 'NONE', #324, #2039, #4309, .T. ) ;
#4335 = ORIENTED_EDGE ( 'NONE', *, *, #3658, .F. ) ;
#4336 = AXIS2_PLACEMENT_3D ( 'NONE', #3851, #5583, #2483 ) ;
#4337 = FACE_BOUND ( 'NONE', #3936, .T. ) ;
#4338 = DIRECTION ( 'NONE',  ( -0.000000000000000000, -1.000000000000000000, -0.000000000000000000 ) ) ;
#4339 = ORIENTED_EDGE ( 'NONE', *, *, #3696, .F. ) ;
#4340 = DIRECTION ( 'NONE',  ( 0.000000000000000000, -1.000000000000000000, 0.000000000000000000 ) ) ;
#4341 = DIRECTION ( 'NONE',  ( 0.000000000000000000, 1.000000000000000000, -0.000000000000000000 ) ) ;
#4342 = ORIENTED_EDGE ( 'NONE', *, *, #4394, .T. ) ;
#4343 = ORIENTED_EDGE ( 'NONE', *, *, #2755, .T. ) ;
#4344 = AXIS2_PLACEMENT_3D ( 'NONE', #3284, #1137, #3232 ) ;
#4345 = AXIS2_PLACEMENT_3D ( 'NONE', #67, #4372, #1796 ) ;
#4346 = CARTESIAN_POINT ( 'NONE',  ( 63.35000000000000142, 10.00000000000000000, -67.00000000000000000 ) ) ;
#4347 = ADVANCED_FACE ( 'NONE', ( #4156 ), #4255, .F. ) ;
#4348 = DIRECTION ( 'NONE',  ( -0.000000000000000000, 1.000000000000000000, -0.000000000000000000 ) ) ;
#4349 = DIRECTION ( 'NONE',  ( 0.000000000000000000, 1.000000000000000000, -0.000000000000000000 ) ) ;
#4350 = EDGE_LOOP ( 'NONE', ( #3481, #560, #1740, #2549 ) ) ;
#4351 = ORIENTED_EDGE ( 'NONE', *, *, #4368, .F. ) ;
#4352 = FACE_BOUND ( 'NONE', #2905, .T. ) ;
#4353 = CARTESIAN_POINT ( 'NONE',  ( 67.20000000000000284, 6.999999999999999112, -59.15000000000000568 ) ) ;
#4354 = DIRECTION ( 'NONE',  ( 0.000000000000000000, -1.000000000000000000, -0.000000000000000000 ) ) ;
#4355 = DIRECTION ( 'NONE',  ( -0.000000000000000000, 1.000000000000000000, -0.000000000000000000 ) ) ;
#4356 = EDGE_CURVE ( 'NONE', #2043, #1975, #149, .T. ) ;
#4357 = ORIENTED_EDGE ( 'NONE', *, *, #2183, .T. ) ;
#4358 = ORIENTED_EDGE ( 'NONE', *, *, #3179, .T. ) ;
#4359 = EDGE_LOOP ( 'NONE', ( #5512, #776 ) ) ;
#4360 = ORIENTED_EDGE ( 'NONE', *, *, #2034, .F. ) ;
#4361 = EDGE_CURVE ( 'NONE', #2679, #3505, #5095, .T. ) ;
#4362 = CARTESIAN_POINT ( 'NONE',  ( 52.79999999999999716, 12.00000000000000000, -70.50000000000000000 ) ) ;
#4363 = CARTESIAN_POINT ( 'NONE',  ( 62.22500000000000853, 12.00000000000000000, -58.30000000000001137 ) ) ;
#4364 = DIRECTION ( 'NONE',  ( 0.000000000000000000, -1.000000000000000000, 0.000000000000000000 ) ) ;
#4365 = EDGE_CURVE ( 'NONE', #275, #5131, #3892, .T. ) ;
#4366 = ORIENTED_EDGE ( 'NONE', *, *, #3514, .T. ) ;
#4367 = AXIS2_PLACEMENT_3D ( 'NONE', #2527, #3287, #744 ) ;
#4368 = EDGE_CURVE ( 'NONE', #3853, #5547, #2678, .T. ) ;
#4369 = PLANE ( 'NONE',  #2886 ) ;
#4370 = CARTESIAN_POINT ( 'NONE',  ( 9.700000000000020606, 23.92686044187654915, -5.000000000000004441 ) ) ;
#4371 = ORIENTED_EDGE ( 'NONE', *, *, #1795, .T. ) ;
#4372 = DIRECTION ( 'NONE',  ( 1.430699774001492601E-15, 0.000000000000000000, -1.000000000000000000 ) ) ;
#4373 = DIRECTION ( 'NONE',  ( -0.000000000000000000, 1.000000000000000000, 0.000000000000000000 ) ) ;
#4374 = CARTESIAN_POINT ( 'NONE',  ( 63.41176470588236214, 10.00000000000000000, -63.50054502513502541 ) ) ;
#4375 = CARTESIAN_POINT ( 'NONE',  ( 12.29127005288748009, 8.500000000000000000, -64.49999999999998579 ) ) ;
#4376 = ORIENTED_EDGE ( 'NONE', *, *, #861, .F. ) ;
#4377 = DIRECTION ( 'NONE',  ( 0.000000000000000000, 0.000000000000000000, -1.000000000000000000 ) ) ;
#4378 = DIRECTION ( 'NONE',  ( 0.000000000000000000, -0.000000000000000000, -1.000000000000000000 ) ) ;
#4379 = CARTESIAN_POINT ( 'NONE',  ( 58.19999999999999574, 8.255000000000000782, -46.61999999999999744 ) ) ;
#4380 = DIRECTION ( 'NONE',  ( -0.000000000000000000, 1.000000000000000000, -0.000000000000000000 ) ) ;
#4381 = LINE ( 'NONE', #502, #4591 ) ;
#4382 = ORIENTED_EDGE ( 'NONE', *, *, #4123, .T. ) ;
#4383 = VERTEX_POINT ( 'NONE', #3830 ) ;
#4384 = EDGE_CURVE ( 'NONE', #3563, #2448, #1257, .T. ) ;
#4385 = VECTOR ( 'NONE', #1155, 1000.000000000000000 ) ;
#4386 = EDGE_CURVE ( 'NONE', #1777, #5249, #244, .T. ) ;
#4387 = EDGE_LOOP ( 'NONE', ( #3823, #2075, #2176, #4724, #1847, #3301 ) ) ;
#4388 = CARTESIAN_POINT ( 'NONE',  ( 44.19999999999999574, 6.999999999999999112, -64.49999999999998579 ) ) ;
#4389 = CARTESIAN_POINT ( 'NONE',  ( 47.35000000000001563, 0.000000000000000000, -2.571758278209441661E-15 ) ) ;
#4390 = LINE ( 'NONE', #1412, #1501 ) ;
#4391 = CIRCLE ( 'NONE', #4473, 3.000000000000002665 ) ;
#4392 = ORIENTED_EDGE ( 'NONE', *, *, #928, .F. ) ;
#4393 = ADVANCED_FACE ( 'NONE', ( #34 ), #3517, .F. ) ;
#4394 = EDGE_CURVE ( 'NONE', #1929, #5140, #1144, .T. ) ;
#4395 = CYLINDRICAL_SURFACE ( 'NONE', #5581, 8.499999999999992895 ) ;
#4396 = ORIENTED_EDGE ( 'NONE', *, *, #55, .F. ) ;
#4397 = CIRCLE ( 'NONE', #5115, 1.249999999999987121 ) ;
#4398 = CIRCLE ( 'NONE', #772, 0.7000000000000061728 ) ;
#4399 = EDGE_CURVE ( 'NONE', #5492, #2235, #1393, .T. ) ;
#4400 = DIRECTION ( 'NONE',  ( -1.000000000000000000, 0.000000000000000000, 1.609537245751672052E-15 ) ) ;
#4401 = AXIS2_PLACEMENT_3D ( 'NONE', #2715, #2663, #2640 ) ;
#4402 = DIRECTION ( 'NONE',  ( 0.000000000000000000, -1.000000000000000000, 0.000000000000000000 ) ) ;
#4403 = VECTOR ( 'NONE', #3240, 1000.000000000000000 ) ;
#4404 = DIRECTION ( 'NONE',  ( 0.000000000000000000, 1.000000000000000000, 0.000000000000000000 ) ) ;
#4405 = VERTEX_POINT ( 'NONE', #568 ) ;
#4406 = AXIS2_PLACEMENT_3D ( 'NONE', #3596, #3224, #4559 ) ;
#4407 = VECTOR ( 'NONE', #3091, 1000.000000000000000 ) ;
#4408 = ORIENTED_EDGE ( 'NONE', *, *, #5556, .T. ) ;
#4409 = CARTESIAN_POINT ( 'NONE',  ( 63.19999999999999574, 6.800000000000000711, -66.99999999999998579 ) ) ;
#4410 = CARTESIAN_POINT ( 'NONE',  ( 61.72500000000000853, 6.000000000000000000, -56.95000000000000284 ) ) ;
#4411 = CARTESIAN_POINT ( 'NONE',  ( 58.19999999999999574, 12.00000000000000000, -49.12000000000000455 ) ) ;
#4412 = CARTESIAN_POINT ( 'NONE',  ( 49.50000000000000711, -1.402220585023716934E-15, -40.99999999999999289 ) ) ;
#4413 = ORIENTED_EDGE ( 'NONE', *, *, #2068, .T. ) ;
#4414 = EDGE_LOOP ( 'NONE', ( #3112, #2817, #192, #395, #288, #5256, #1922, #4247, #3928, #4085, #1965, #2689, #1746, #363, #2967, #2810, #3742, #2586, #5607, #1858, #1520, #5285, #4870, #1172, #4197, #2717, #684, #2439 ) ) ;
#4415 = AXIS2_PLACEMENT_3D ( 'NONE', #1974, #3613, #1092 ) ;
#4416 = AXIS2_PLACEMENT_3D ( 'NONE', #3441, #1742, #1353 ) ;
#4417 = ORIENTED_EDGE ( 'NONE', *, *, #5556, .F. ) ;
#4418 = DIRECTION ( 'NONE',  ( -1.000000000000000000, 0.000000000000000000, 0.000000000000000000 ) ) ;
#4419 = DIRECTION ( 'NONE',  ( -0.000000000000000000, -1.000000000000000000, -0.000000000000000000 ) ) ;
#4420 = EDGE_CURVE ( 'NONE', #4827, #3994, #2187, .T. ) ;
#4421 = CARTESIAN_POINT ( 'NONE',  ( 1.350000000000000977, 4.000000000000000000, -62.15000000000000568 ) ) ;
#4422 = ORIENTED_EDGE ( 'NONE', *, *, #503, .T. ) ;
#4423 = AXIS2_PLACEMENT_3D ( 'NONE', #4727, #484, #2566 ) ;
#4424 = DIRECTION ( 'NONE',  ( 0.000000000000000000, 0.000000000000000000, 1.000000000000000000 ) ) ;
#4425 = ORIENTED_EDGE ( 'NONE', *, *, #5363, .F. ) ;
#4426 = VECTOR ( 'NONE', #4285, 1000.000000000000000 ) ;
#4427 = ORIENTED_EDGE ( 'NONE', *, *, #4037, .T. ) ;
#4428 = CARTESIAN_POINT ( 'NONE',  ( 42.20000000000000284, 12.00000000000000000, -2.000000000000000000 ) ) ;
#4429 = CARTESIAN_POINT ( 'NONE',  ( 6.700000000000020606, 8.500000000000000000, -1.500000000000009992 ) ) ;
#4430 = LINE ( 'NONE', #4006, #3515 ) ;
#4431 = VERTEX_POINT ( 'NONE', #2691 ) ;
#4432 = EDGE_CURVE ( 'NONE', #2039, #5234, #2854, .T. ) ;
#4433 = CYLINDRICAL_SURFACE ( 'NONE', #795, 5.000000000000004441 ) ;
#4434 = VECTOR ( 'NONE', #4173, 1000.000000000000000 ) ;
#4435 = EDGE_CURVE ( 'NONE', #275, #283, #1841, .T. ) ;
#4436 = DIRECTION ( 'NONE',  ( -0.000000000000000000, 1.000000000000000000, -0.000000000000000000 ) ) ;
#4437 = CARTESIAN_POINT ( 'NONE',  ( 54.54782608695651902, 12.00000000000000000, -21.70328144671865189 ) ) ;
#4438 = DIRECTION ( 'NONE',  ( -0.000000000000000000, 1.000000000000000000, -0.000000000000000000 ) ) ;
#4439 = DIRECTION ( 'NONE',  ( 8.673617379884038430E-16, 0.000000000000000000, 1.000000000000000000 ) ) ;
#4440 = ORIENTED_EDGE ( 'NONE', *, *, #453, .T. ) ;
#4441 = VERTEX_POINT ( 'NONE', #142 ) ;
#4442 = LINE ( 'NONE', #133, #2907 ) ;
#4443 = CARTESIAN_POINT ( 'NONE',  ( 63.35000000000000142, 6.800000000000000711, -67.00000000000000000 ) ) ;
#4444 = LINE ( 'NONE', #4421, #2580 ) ;
#4445 = ORIENTED_EDGE ( 'NONE', *, *, #2825, .F. ) ;
#4446 = ORIENTED_EDGE ( 'NONE', *, *, #4125, .F. ) ;
#4447 = FACE_OUTER_BOUND ( 'NONE', #5158, .T. ) ;
#4448 = EDGE_LOOP ( 'NONE', ( #3634, #4710, #4635, #2723 ) ) ;
#4449 = ORIENTED_EDGE ( 'NONE', *, *, #3179, .F. ) ;
#4450 = ADVANCED_FACE ( 'NONE', ( #4866 ), #1760, .T. ) ;
#4451 = DIRECTION ( 'NONE',  ( -0.000000000000000000, -1.000000000000000000, -0.000000000000000000 ) ) ;
#4452 = DIRECTION ( 'NONE',  ( 0.000000000000000000, 0.000000000000000000, 1.000000000000000000 ) ) ;
#4453 = DIRECTION ( 'NONE',  ( -0.000000000000000000, -1.000000000000000000, 0.000000000000000000 ) ) ;
#4454 = EDGE_LOOP ( 'NONE', ( #5402, #4682, #946, #723, #267, #5199 ) ) ;
#4455 = EDGE_CURVE ( 'NONE', #4499, #210, #5325, .T. ) ;
#4456 = DIRECTION ( 'NONE',  ( -1.000000000000000000, 9.227252531791535254E-17, -0.000000000000000000 ) ) ;
#4457 = CARTESIAN_POINT ( 'NONE',  ( 53.72000000000000597, 6.999999999999999112, -38.43857807927377479 ) ) ;
#4458 = ADVANCED_FACE ( 'NONE', ( #4447, #3486, #4813, #2612, #5213, #2268 ), #3599, .F. ) ;
#4459 = LINE ( 'NONE', #213, #2393 ) ;
#4460 = FACE_OUTER_BOUND ( 'NONE', #336, .T. ) ;
#4461 = LINE ( 'NONE', #3241, #1338 ) ;
#4462 = VECTOR ( 'NONE', #2237, 1000.000000000000000 ) ;
#4463 = ADVANCED_FACE ( 'NONE', ( #886 ), #4395, .T. ) ;
#4464 = ORIENTED_EDGE ( 'NONE', *, *, #1486, .T. ) ;
#4465 = CARTESIAN_POINT ( 'NONE',  ( 4.000000000000007105, -57.61542936410531013, -11.25623611104252575 ) ) ;
#4466 = DIRECTION ( 'NONE',  ( 0.000000000000000000, 0.000000000000000000, -1.000000000000000000 ) ) ;
#4467 = DIRECTION ( 'NONE',  ( 0.000000000000000000, 1.000000000000000000, -0.000000000000000000 ) ) ;
#4468 = FACE_OUTER_BOUND ( 'NONE', #2974, .T. ) ;
#4469 = ORIENTED_EDGE ( 'NONE', *, *, #888, .F. ) ;
#4470 = ORIENTED_EDGE ( 'NONE', *, *, #1384, .F. ) ;
#4471 = VECTOR ( 'NONE', #3296, 1000.000000000000000 ) ;
#4472 = DIRECTION ( 'NONE',  ( 0.000000000000000000, 0.000000000000000000, -1.000000000000000000 ) ) ;
#4473 = AXIS2_PLACEMENT_3D ( 'NONE', #1482, #2304, #1517 ) ;
#4474 = FACE_BOUND ( 'NONE', #976, .T. ) ;
#4475 = ORIENTED_EDGE ( 'NONE', *, *, #250, .F. ) ;
#4476 = ORIENTED_EDGE ( 'NONE', *, *, #607, .T. ) ;
#4477 = LINE ( 'NONE', #3631, #366 ) ;
#4478 = DIRECTION ( 'NONE',  ( 0.000000000000000000, 0.000000000000000000, -1.000000000000000000 ) ) ;
#4479 = CARTESIAN_POINT ( 'NONE',  ( 41.19999999999999574, 2.000000000000000000, -60.00000000000000000 ) ) ;
#4480 = ADVANCED_FACE ( 'NONE', ( #3567 ), #1340, .F. ) ;
#4481 = ORIENTED_EDGE ( 'NONE', *, *, #420, .T. ) ;
#4482 = CIRCLE ( 'NONE', #4577, 1.600000000000004086 ) ;
#4483 = DIRECTION ( 'NONE',  ( -1.000000000000000000, 0.000000000000000000, 0.000000000000000000 ) ) ;
#4484 = CIRCLE ( 'NONE', #60, 3.000000000000002665 ) ;
#4485 = FACE_OUTER_BOUND ( 'NONE', #5039, .T. ) ;
#4486 = AXIS2_PLACEMENT_3D ( 'NONE', #661, #5450, #1569 ) ;
#4487 = CARTESIAN_POINT ( 'NONE',  ( 14.19999999999999751, 10.00000000000000000, -12.00000000000000355 ) ) ;
#4488 = CARTESIAN_POINT ( 'NONE',  ( 16.19999999999999574, 12.00000000000000000, -2.000000000000000000 ) ) ;
#4489 = ADVANCED_FACE ( 'NONE', ( #3062 ), #4791, .F. ) ;
#4490 = CARTESIAN_POINT ( 'NONE',  ( 1.350000000000008749, 12.00000000000000000, -5.000000000000004441 ) ) ;
#4491 = ORIENTED_EDGE ( 'NONE', *, *, #2298, .T. ) ;
#4492 = ADVANCED_FACE ( 'NONE', ( #517 ), #489, .T. ) ;
#4493 = ORIENTED_EDGE ( 'NONE', *, *, #1551, .F. ) ;
#4494 = CIRCLE ( 'NONE', #3405, 6.999999999999999112 ) ;
#4495 = CARTESIAN_POINT ( 'NONE',  ( 6.000000000000002665, 2.000000000000000000, -25.46410161513775350 ) ) ;
#4496 = DIRECTION ( 'NONE',  ( -0.000000000000000000, -1.000000000000000000, -0.000000000000000000 ) ) ;
#4497 = CARTESIAN_POINT ( 'NONE',  ( 47.35000000000002274, 6.000000000000005329, -34.51414443721069603 ) ) ;
#4498 = CARTESIAN_POINT ( 'NONE',  ( 4.000000000000004441, 7.000000000000000000, -23.24999999999999289 ) ) ;
#4499 = VERTEX_POINT ( 'NONE', #1792 ) ;
#4500 = ORIENTED_EDGE ( 'NONE', *, *, #4926, .T. ) ;
#4501 = EDGE_CURVE ( 'NONE', #4918, #4894, #1368, .T. ) ;
#4502 = CARTESIAN_POINT ( 'NONE',  ( 9.700000000000008171, 12.00000000000000000, -1.500000000000005107 ) ) ;
#4503 = AXIS2_PLACEMENT_3D ( 'NONE', #4051, #1071, #700 ) ;
#4504 = DIRECTION ( 'NONE',  ( -0.000000000000000000, -1.000000000000000000, 0.000000000000000000 ) ) ;
#4505 = VERTEX_POINT ( 'NONE', #1105 ) ;
#4506 = CIRCLE ( 'NONE', #4416, 8.499999999999996447 ) ;
#4507 = ORIENTED_EDGE ( 'NONE', *, *, #3948, .F. ) ;
#4508 = PLANE ( 'NONE',  #5521 ) ;
#4509 = VECTOR ( 'NONE', #152, 1000.000000000000000 ) ;
#4510 = DIRECTION ( 'NONE',  ( 0.000000000000000000, 0.000000000000000000, -1.000000000000000000 ) ) ;
#4511 = DIRECTION ( 'NONE',  ( -0.000000000000000000, 1.000000000000000000, -0.000000000000000000 ) ) ;
#4512 = EDGE_LOOP ( 'NONE', ( #3495, #569, #2564, #1020 ) ) ;
#4513 = EDGE_CURVE ( 'NONE', #3821, #4301, #869, .T. ) ;
#4514 = CARTESIAN_POINT ( 'NONE',  ( 58.19999999999999574, 8.255000000000000782, -37.88000000000000256 ) ) ;
#4515 = CARTESIAN_POINT ( 'NONE',  ( 4.000000000000003553, 2.000000000000000000, -28.92820323027550700 ) ) ;
#4516 = DIRECTION ( 'NONE',  ( 1.000000000000000000, 0.000000000000000000, -1.146924612216070931E-16 ) ) ;
#4517 = DIRECTION ( 'NONE',  ( 1.243826584113389824E-16, 0.000000000000000000, 1.000000000000000000 ) ) ;
#4518 = CARTESIAN_POINT ( 'NONE',  ( 52.69999999999999574, 6.000000000000000000, -26.34999999999999787 ) ) ;
#4519 = ORIENTED_EDGE ( 'NONE', *, *, #2466, .F. ) ;
#4520 = CIRCLE ( 'NONE', #1901, 3.999999999999996447 ) ;
#4521 = ADVANCED_FACE ( 'NONE', ( #2767 ), #4170, .T. ) ;
#4522 = VECTOR ( 'NONE', #5245, 1000.000000000000000 ) ;
#4523 = ORIENTED_EDGE ( 'NONE', *, *, #3132, .F. ) ;
#4524 = PLANE ( 'NONE',  #4630 ) ;
#4525 = ADVANCED_FACE ( 'NONE', ( #3226 ), #2374, .F. ) ;
#4526 = DIRECTION ( 'NONE',  ( 0.000000000000000000, -1.000000000000000000, 0.000000000000000000 ) ) ;
#4527 = CARTESIAN_POINT ( 'NONE',  ( 0.000000000000000000, 11.00000000000000000, 0.000000000000000000 ) ) ;
#4528 = CARTESIAN_POINT ( 'NONE',  ( 17.19999999999999574, 12.00000000000000000, -2.000000000000000000 ) ) ;
#4529 = ORIENTED_EDGE ( 'NONE', *, *, #3777, .T. ) ;
#4530 = VERTEX_POINT ( 'NONE', #1560 ) ;
#4531 = EDGE_CURVE ( 'NONE', #29, #2471, #5413, .T. ) ;
#4532 = CYLINDRICAL_SURFACE ( 'NONE', #3512, 1.249999999999990674 ) ;
#4533 = EDGE_CURVE ( 'NONE', #1119, #1358, #3196, .T. ) ;
#4534 = CARTESIAN_POINT ( 'NONE',  ( 61.72500000000000853, 6.000000000000000000, -50.04999999999999716 ) ) ;
#4535 = ORIENTED_EDGE ( 'NONE', *, *, #2885, .F. ) ;
#4536 = VERTEX_POINT ( 'NONE', #2406 ) ;
#4537 = EDGE_CURVE ( 'NONE', #542, #5013, #2435, .T. ) ;
#4538 = CARTESIAN_POINT ( 'NONE',  ( 54.19999999999999574, 8.254999999999999005, -42.40967364599084988 ) ) ;
#4539 = DIRECTION ( 'NONE',  ( 0.000000000000000000, -1.000000000000000000, 0.000000000000000000 ) ) ;
#4540 = CARTESIAN_POINT ( 'NONE',  ( 12.15435605731787838, 10.00000000000000000, -2.000000000000004441 ) ) ;
#4541 = ORIENTED_EDGE ( 'NONE', *, *, #4361, .F. ) ;
#4542 = ORIENTED_EDGE ( 'NONE', *, *, #4731, .T. ) ;
#4543 = CARTESIAN_POINT ( 'NONE',  ( 1.000000000000000222, 12.00000000000000000, -60.74376388895747425 ) ) ;
#4544 = CYLINDRICAL_SURFACE ( 'NONE', #4486, 3.000000000000002665 ) ;
#4545 = DIRECTION ( 'NONE',  ( 0.000000000000000000, -1.000000000000000000, 0.000000000000000000 ) ) ;
#4546 = PLANE ( 'NONE',  #2303 ) ;
#4547 = DIRECTION ( 'NONE',  ( 1.927470528863119049E-16, 0.000000000000000000, -1.000000000000000000 ) ) ;
#4548 = ORIENTED_EDGE ( 'NONE', *, *, #2500, .F. ) ;
#4549 = ORIENTED_EDGE ( 'NONE', *, *, #1920, .T. ) ;
#4550 = CARTESIAN_POINT ( 'NONE',  ( 40.35000000000002984, 0.000000000000000000, -72.00000000000000000 ) ) ;
#4551 = CIRCLE ( 'NONE', #5457, 3.000000000000002665 ) ;
#4552 = CARTESIAN_POINT ( 'NONE',  ( 49.50000000000000711, -1.402220585023716934E-15, -19.00000000000000000 ) ) ;
#4553 = CARTESIAN_POINT ( 'NONE',  ( 59.50000000000001421, 10.00000000000000000, -55.15000000000001990 ) ) ;
#4554 = CARTESIAN_POINT ( 'NONE',  ( 4.850000000000002309, 0.7999999999999999334, -68.60000000000000853 ) ) ;
#4555 = VERTEX_POINT ( 'NONE', #1472 ) ;
#4556 = EDGE_CURVE ( 'NONE', #3256, #4805, #261, .T. ) ;
#4557 = VERTEX_POINT ( 'NONE', #1987 ) ;
#4558 = AXIS2_PLACEMENT_3D ( 'NONE', #1269, #2558, #4292 ) ;
#4559 = DIRECTION ( 'NONE',  ( 0.000000000000000000, 0.000000000000000000, -1.000000000000000000 ) ) ;
#4560 = DIRECTION ( 'NONE',  ( -0.000000000000000000, -1.000000000000000000, -0.000000000000000000 ) ) ;
#4561 = EDGE_CURVE ( 'NONE', #701, #4827, #5467, .T. ) ;
#4562 = ORIENTED_EDGE ( 'NONE', *, *, #2714, .F. ) ;
#4563 = ADVANCED_FACE ( 'NONE', ( #3170 ), #627, .T. ) ;
#4564 = VECTOR ( 'NONE', #1918, 1000.000000000000000 ) ;
#4565 = CARTESIAN_POINT ( 'NONE',  ( 68.20000000000000284, 12.00000000000000000, 0.000000000000000000 ) ) ;
#4566 = DIRECTION ( 'NONE',  ( -0.000000000000000000, 0.000000000000000000, -1.000000000000000000 ) ) ;
#4567 = ORIENTED_EDGE ( 'NONE', *, *, #99, .F. ) ;
#4568 = ORIENTED_EDGE ( 'NONE', *, *, #779, .T. ) ;
#4569 = AXIS2_PLACEMENT_3D ( 'NONE', #2022, #3752, #5427 ) ;
#4570 = EDGE_CURVE ( 'NONE', #5590, #2031, #2821, .T. ) ;
#4571 = FACE_OUTER_BOUND ( 'NONE', #2308, .T. ) ;
#4572 = CARTESIAN_POINT ( 'NONE',  ( 61.72500000000000853, 7.000000000000000000, -54.20000000000000995 ) ) ;
#4573 = DIRECTION ( 'NONE',  ( 0.000000000000000000, 0.000000000000000000, 1.000000000000000000 ) ) ;
#4574 = DIRECTION ( 'NONE',  ( -0.000000000000000000, -1.000000000000000000, -0.000000000000000000 ) ) ;
#4575 = FACE_OUTER_BOUND ( 'NONE', #2018, .T. ) ;
#4576 = ORIENTED_EDGE ( 'NONE', *, *, #3355, .F. ) ;
#4577 = AXIS2_PLACEMENT_3D ( 'NONE', #3973, #1814, #3941 ) ;
#4578 = CIRCLE ( 'NONE', #4132, 2.999999999999999112 ) ;
#4579 = VERTEX_POINT ( 'NONE', #4917 ) ;
#4580 = FACE_OUTER_BOUND ( 'NONE', #2499, .T. ) ;
#4581 = VECTOR ( 'NONE', #4573, 1000.000000000000000 ) ;
#4582 = LINE ( 'NONE', #4186, #4471 ) ;
#4583 = DIRECTION ( 'NONE',  ( 0.000000000000000000, 0.000000000000000000, 1.000000000000000000 ) ) ;
#4584 = DIRECTION ( 'NONE',  ( -0.000000000000000000, 1.000000000000000000, -0.000000000000000000 ) ) ;
#4585 = ORIENTED_EDGE ( 'NONE', *, *, #3948, .T. ) ;
#4586 = VERTEX_POINT ( 'NONE', #1133 ) ;
#4587 = DIRECTION ( 'NONE',  ( 0.000000000000000000, 1.000000000000000000, 0.000000000000000000 ) ) ;
#4588 = EDGE_CURVE ( 'NONE', #300, #5001, #4758, .T. ) ;
#4589 = CARTESIAN_POINT ( 'NONE',  ( 4.000000000000002665, 7.000000000000000000, -40.99999999999999289 ) ) ;
#4590 = DIRECTION ( 'NONE',  ( 0.000000000000000000, 0.000000000000000000, -1.000000000000000000 ) ) ;
#4591 = VECTOR ( 'NONE', #3534, 1000.000000000000000 ) ;
#4592 = ORIENTED_EDGE ( 'NONE', *, *, #2892, .T. ) ;
#4593 = VECTOR ( 'NONE', #2816, 1000.000000000000000 ) ;
#4594 = CIRCLE ( 'NONE', #3416, 4.000000000000003553 ) ;
#4595 = LINE ( 'NONE', #1989, #1497 ) ;
#4596 = CYLINDRICAL_SURFACE ( 'NONE', #3253, 0.6999999999999922951 ) ;
#4597 = ORIENTED_EDGE ( 'NONE', *, *, #4334, .T. ) ;
#4598 = VERTEX_POINT ( 'NONE', #4061 ) ;
#4599 = CIRCLE ( 'NONE', #1075, 3.000000000000000000 ) ;
#4600 = EDGE_CURVE ( 'NONE', #2932, #2999, #2350, .T. ) ;
#4601 = CARTESIAN_POINT ( 'NONE',  ( 57.10936900043424203, 3.864593113393700374, -37.75960285502684854 ) ) ;
#4602 = CARTESIAN_POINT ( 'NONE',  ( 57.10936900043424203, 8.254999999999999005, -42.75960285502685565 ) ) ;
#4603 = CARTESIAN_POINT ( 'NONE',  ( 9.700000000000020606, 8.500000000000000000, -12.00000000000000355 ) ) ;
#4604 = CARTESIAN_POINT ( 'NONE',  ( 58.50000000000000711, 8.500000000000000000, -58.50132363247076484 ) ) ;
#4605 = ADVANCED_FACE ( 'NONE', ( #2014 ), #708, .F. ) ;
#4606 = EDGE_LOOP ( 'NONE', ( #5381, #3832, #1073, #1120 ) ) ;
#4607 = VECTOR ( 'NONE', #3233, 1000.000000000000000 ) ;
#4608 = ADVANCED_FACE ( 'NONE', ( #1077, #4474, #5379, #1498, #4143 ), #650, .T. ) ;
#4609 = ORIENTED_EDGE ( 'NONE', *, *, #4356, .T. ) ;
#4610 = FACE_BOUND ( 'NONE', #4359, .T. ) ;
#4611 = LINE ( 'NONE', #4240, #2124 ) ;
#4612 = DIRECTION ( 'NONE',  ( 0.000000000000000000, 1.000000000000000000, 0.000000000000000000 ) ) ;
#4613 = CARTESIAN_POINT ( 'NONE',  ( 47.35000000000002274, -0.001000000000000132727, -25.48585556278930397 ) ) ;
#4614 = ORIENTED_EDGE ( 'NONE', *, *, #1104, .F. ) ;
#4615 = ORIENTED_EDGE ( 'NONE', *, *, #2404, .F. ) ;
#4616 = VECTOR ( 'NONE', #2611, 1000.000000000000000 ) ;
#4617 = CARTESIAN_POINT ( 'NONE',  ( 61.72500000000000853, 12.00000000000000000, -50.75000000000000000 ) ) ;
#4618 = CARTESIAN_POINT ( 'NONE',  ( 47.35000000000001563, 6.000000000000005329, -2.571758278209441661E-15 ) ) ;
#4619 = CARTESIAN_POINT ( 'NONE',  ( 49.50000000000000711, 0.000000000000000000, -40.99999999999999289 ) ) ;
#4620 = VERTEX_POINT ( 'NONE', #2998 ) ;
#4621 = DIRECTION ( 'NONE',  ( 0.000000000000000000, 0.000000000000000000, 1.000000000000000000 ) ) ;
#4622 = CARTESIAN_POINT ( 'NONE',  ( 10.00000000000000000, 12.00000000000000000, -10.00000000000000000 ) ) ;
#4623 = ORIENTED_EDGE ( 'NONE', *, *, #2164, .T. ) ;
#4624 = EDGE_CURVE ( 'NONE', #2470, #993, #794, .T. ) ;
#4625 = ORIENTED_EDGE ( 'NONE', *, *, #1621, .T. ) ;
#4626 = CARTESIAN_POINT ( 'NONE',  ( 52.69999999999999574, 12.00000000000000000, -30.00000000000000000 ) ) ;
#4627 = CARTESIAN_POINT ( 'NONE',  ( 6.000000000000001776, 7.000000000000000000, -25.46410161513775350 ) ) ;
#4628 = LINE ( 'NONE', #1570, #5475 ) ;
#4629 = DIRECTION ( 'NONE',  ( 0.000000000000000000, -1.000000000000000000, 0.000000000000000000 ) ) ;
#4630 = AXIS2_PLACEMENT_3D ( 'NONE', #1946, #668, #1490 ) ;
#4631 = EDGE_LOOP ( 'NONE', ( #4523, #1728, #3110, #495 ) ) ;
#4632 = EDGE_CURVE ( 'NONE', #2526, #971, #1166, .T. ) ;
#4633 = CIRCLE ( 'NONE', #3916, 4.000000000000000000 ) ;
#4634 = CIRCLE ( 'NONE', #2193, 5.000000000000004441 ) ;
#4635 = ORIENTED_EDGE ( 'NONE', *, *, #2937, .T. ) ;
#4636 = CARTESIAN_POINT ( 'NONE',  ( 8.000000000000003553, 7.000000000000000000, -15.07179676972449123 ) ) ;
#4637 = DIRECTION ( 'NONE',  ( 0.000000000000000000, 0.000000000000000000, 1.000000000000000000 ) ) ;
#4638 = LINE ( 'NONE', #2029, #4139 ) ;
#4639 = LINE ( 'NONE', #4613, #2607 ) ;
#4640 = ORIENTED_EDGE ( 'NONE', *, *, #3199, .F. ) ;
#4641 = ORIENTED_EDGE ( 'NONE', *, *, #658, .F. ) ;
#4642 = ORIENTED_EDGE ( 'NONE', *, *, #1761, .T. ) ;
#4643 = CARTESIAN_POINT ( 'NONE',  ( 63.35000000000000142, 6.800000000000000711, -9.999999999999984013 ) ) ;
#4644 = LINE ( 'NONE', #4618, #4237 ) ;
#4645 = DIRECTION ( 'NONE',  ( -0.000000000000000000, 1.000000000000000000, -0.000000000000000000 ) ) ;
#4646 = VERTEX_POINT ( 'NONE', #5584 ) ;
#4647 = DIRECTION ( 'NONE',  ( 1.734723475976808672E-15, 0.000000000000000000, 1.000000000000000000 ) ) ;
#4648 = LINE ( 'NONE', #233, #5586 ) ;
#4649 = ORIENTED_EDGE ( 'NONE', *, *, #1522, .T. ) ;
#4650 = ORIENTED_EDGE ( 'NONE', *, *, #2915, .F. ) ;
#4651 = CIRCLE ( 'NONE', #1307, 5.000000000000004441 ) ;
#4652 = LINE ( 'NONE', #771, #292 ) ;
#4653 = ADVANCED_FACE ( 'NONE', ( #2517, #2567 ), #4274, .T. ) ;
#4654 = CARTESIAN_POINT ( 'NONE',  ( 61.72500000000000853, 7.000000000000000000, -50.04999999999999716 ) ) ;
#4655 = CIRCLE ( 'NONE', #5378, 4.000000000000005329 ) ;
#4656 = DIRECTION ( 'NONE',  ( -1.000000000000000000, 0.000000000000000000, 0.000000000000000000 ) ) ;
#4657 = DIRECTION ( 'NONE',  ( -1.000000000000000000, 0.000000000000000000, -0.000000000000000000 ) ) ;
#4658 = ORIENTED_EDGE ( 'NONE', *, *, #3598, .F. ) ;
#4659 = ORIENTED_EDGE ( 'NONE', *, *, #717, .T. ) ;
#4660 = EDGE_CURVE ( 'NONE', #3236, #953, #1279, .T. ) ;
#4661 = DIRECTION ( 'NONE',  ( -0.000000000000000000, -1.000000000000000000, -0.000000000000000000 ) ) ;
#4662 = LINE ( 'NONE', #812, #5470 ) ;
#4663 = CARTESIAN_POINT ( 'NONE',  ( 4.000000000000000000, 7.000000000000000000, -22.00000000000000000 ) ) ;
#4664 = DIRECTION ( 'NONE',  ( 0.000000000000000000, 0.000000000000000000, 1.000000000000000000 ) ) ;
#4665 = ADVANCED_FACE ( 'NONE', ( #821 ), #2543, .F. ) ;
#4666 = EDGE_LOOP ( 'NONE', ( #2829, #4427, #2008, #3675 ) ) ;
#4667 = AXIS2_PLACEMENT_3D ( 'NONE', #4088, #3654, #2739 ) ;
#4668 = AXIS2_PLACEMENT_3D ( 'NONE', #2380, #4116, #290 ) ;
#4669 = EDGE_LOOP ( 'NONE', ( #2069, #1139, #3737, #593 ) ) ;
#4670 = DIRECTION ( 'NONE',  ( 0.000000000000000000, 0.000000000000000000, -1.000000000000000000 ) ) ;
#4671 = CIRCLE ( 'NONE', #3672, 1.600000000000000755 ) ;
#4672 = VECTOR ( 'NONE', #3159, 1000.000000000000000 ) ;
#4673 = CARTESIAN_POINT ( 'NONE',  ( 49.50000000000000711, -1.402220585023716934E-15, -42.24999999999997868 ) ) ;
#4674 = CARTESIAN_POINT ( 'NONE',  ( 50.35000000000002984, 0.000000000000000000, -12.05179879393234188 ) ) ;
#4675 = EDGE_CURVE ( 'NONE', #5069, #2925, #4305, .T. ) ;
#4676 = ORIENTED_EDGE ( 'NONE', *, *, #5119, .F. ) ;
#4677 = AXIS2_PLACEMENT_3D ( 'NONE', #438, #403, #3897 ) ;
#4678 = AXIS2_PLACEMENT_3D ( 'NONE', #1716, #3043, #2169 ) ;
#4679 = EDGE_CURVE ( 'NONE', #2630, #5481, #2939, .T. ) ;
#4680 = CARTESIAN_POINT ( 'NONE',  ( 0.000000000000000000, 12.00000000000000000, 0.000000000000000000 ) ) ;
#4681 = LINE ( 'NONE', #3264, #4581 ) ;
#4682 = ORIENTED_EDGE ( 'NONE', *, *, #747, .T. ) ;
#4683 = ORIENTED_EDGE ( 'NONE', *, *, #3032, .T. ) ;
#4684 = VECTOR ( 'NONE', #583, 1000.000000000000000 ) ;
#4685 = DIRECTION ( 'NONE',  ( 0.000000000000000000, 0.000000000000000000, -1.000000000000000000 ) ) ;
#4686 = CARTESIAN_POINT ( 'NONE',  ( 1.350000000000000977, 4.000000000000000000, -67.00000000000000000 ) ) ;
#4687 = DIRECTION ( 'NONE',  ( 0.000000000000000000, 1.000000000000000000, 0.000000000000000000 ) ) ;
#4688 = DIRECTION ( 'NONE',  ( 0.000000000000000000, 1.000000000000000000, 0.000000000000000000 ) ) ;
#4689 = ORIENTED_EDGE ( 'NONE', *, *, #3318, .F. ) ;
#4690 = CIRCLE ( 'NONE', #2246, 1.249999999999987121 ) ;
#4691 = EDGE_CURVE ( 'NONE', #4301, #1723, #1250, .T. ) ;
#4692 = VERTEX_POINT ( 'NONE', #2038 ) ;
#4693 = DIRECTION ( 'NONE',  ( 0.000000000000000000, 0.000000000000000000, 1.000000000000000000 ) ) ;
#4694 = FACE_OUTER_BOUND ( 'NONE', #3827, .T. ) ;
#4695 = CARTESIAN_POINT ( 'NONE',  ( 50.31347356024124906, 0.000000000000000000, -25.95257224103342608 ) ) ;
#4696 = CIRCLE ( 'NONE', #1261, 8.499999999999996447 ) ;
#4697 = CARTESIAN_POINT ( 'NONE',  ( 49.96484203442356886, -11.31370849898477360, -37.02710157655232592 ) ) ;
#4698 = ORIENTED_EDGE ( 'NONE', *, *, #2891, .F. ) ;
#4699 = ORIENTED_EDGE ( 'NONE', *, *, #247, .F. ) ;
#4700 = EDGE_CURVE ( 'NONE', #4007, #2109, #1617, .T. ) ;
#4701 = CARTESIAN_POINT ( 'NONE',  ( 63.35000000000001563, 12.00000000000000000, -8.500000000000010658 ) ) ;
#4702 = DIRECTION ( 'NONE',  ( 0.000000000000000000, 0.000000000000000000, -1.000000000000000000 ) ) ;
#4703 = DIRECTION ( 'NONE',  ( 0.000000000000000000, -0.000000000000000000, 1.000000000000000000 ) ) ;
#4704 = ORIENTED_EDGE ( 'NONE', *, *, #918, .T. ) ;
#4705 = EDGE_CURVE ( 'NONE', #913, #4076, #3852, .T. ) ;
#4706 = AXIS2_PLACEMENT_3D ( 'NONE', #2381, #5384, #2859 ) ;
#4707 = EDGE_CURVE ( 'NONE', #1648, #3623, #5482, .T. ) ;
#4708 = DIRECTION ( 'NONE',  ( 0.000000000000000000, 0.000000000000000000, 1.000000000000000000 ) ) ;
#4709 = CARTESIAN_POINT ( 'NONE',  ( 52.69999999999999574, 12.00000000000000000, -38.49999999999999289 ) ) ;
#4710 = ORIENTED_EDGE ( 'NONE', *, *, #3558, .T. ) ;
#4711 = EDGE_CURVE ( 'NONE', #2261, #5585, #1700, .T. ) ;
#4712 = EDGE_LOOP ( 'NONE', ( #5399, #5438, #2906, #3285, #5098, #2804, #217, #2338, #4101, #1334, #1112, #1857, #5079, #2436, #2782, #1394, #2646, #4500 ) ) ;
#4713 = LINE ( 'NONE', #1262, #3530 ) ;
#4714 = DIRECTION ( 'NONE',  ( 0.000000000000000000, 0.000000000000000000, 1.000000000000000000 ) ) ;
#4715 = CARTESIAN_POINT ( 'NONE',  ( 9.850000000000015632, 0.8000000000000000444, -66.99999999999998579 ) ) ;
#4716 = DIRECTION ( 'NONE',  ( 0.000000000000000000, 0.000000000000000000, -1.000000000000000000 ) ) ;
#4717 = EDGE_LOOP ( 'NONE', ( #870, #2660, #3651, #3379 ) ) ;
#4718 = ORIENTED_EDGE ( 'NONE', *, *, #1851, .T. ) ;
#4719 = FACE_BOUND ( 'NONE', #1542, .T. ) ;
#4720 = DIRECTION ( 'NONE',  ( 0.000000000000000000, 0.000000000000000000, 1.000000000000000000 ) ) ;
#4721 = DIRECTION ( 'NONE',  ( 0.000000000000000000, 0.000000000000000000, -1.000000000000000000 ) ) ;
#4722 = CYLINDRICAL_SURFACE ( 'NONE', #3766, 3.500000000000000888 ) ;
#4723 = CARTESIAN_POINT ( 'NONE',  ( 4.850000000000009415, 8.500000000000000000, -3.400000000000003464 ) ) ;
#4724 = ORIENTED_EDGE ( 'NONE', *, *, #4556, .F. ) ;
#4725 = ORIENTED_EDGE ( 'NONE', *, *, #1400, .F. ) ;
#4726 = CARTESIAN_POINT ( 'NONE',  ( 62.22500000000000853, 7.000000000000000000, -53.50000000000000711 ) ) ;
#4727 = CARTESIAN_POINT ( 'NONE',  ( 8.000000000000003553, 7.000000000000000000, -34.07179676972447879 ) ) ;
#4728 = ADVANCED_FACE ( 'NONE', ( #845 ), #763, .F. ) ;
#4729 = DIRECTION ( 'NONE',  ( 0.000000000000000000, 0.000000000000000000, 1.000000000000000000 ) ) ;
#4730 = ORIENTED_EDGE ( 'NONE', *, *, #4820, .T. ) ;
#4731 = EDGE_CURVE ( 'NONE', #1206, #2687, #598, .T. ) ;
#4732 = CARTESIAN_POINT ( 'NONE',  ( 55.19999999999998863, 36.04163056034260393, -18.77502783967818090 ) ) ;
#4733 = LINE ( 'NONE', #3432, #1488 ) ;
#4734 = AXIS2_PLACEMENT_3D ( 'NONE', #3939, #2684, #1784 ) ;
#4735 = VERTEX_POINT ( 'NONE', #427 ) ;
#4736 = ORIENTED_EDGE ( 'NONE', *, *, #4077, .T. ) ;
#4737 = CARTESIAN_POINT ( 'NONE',  ( -1.734723475976807094E-15, 0.8000000000000000444, -66.99999999999998579 ) ) ;
#4738 = DIRECTION ( 'NONE',  ( -0.000000000000000000, -1.000000000000000000, -0.000000000000000000 ) ) ;
#4739 = CYLINDRICAL_SURFACE ( 'NONE', #2701, 3.000000000000002665 ) ;
#4740 = APPLICATION_PROTOCOL_DEFINITION ( 'draft international standard', 'automotive_design', 1998, #21 ) ;
#4741 = ORIENTED_EDGE ( 'NONE', *, *, #3311, .T. ) ;
#4742 = EDGE_CURVE ( 'NONE', #2019, #2120, #2459, .T. ) ;
#4743 = ORIENTED_EDGE ( 'NONE', *, *, #1931, .T. ) ;
#4744 = VECTOR ( 'NONE', #3843, 1000.000000000000000 ) ;
#4745 = CARTESIAN_POINT ( 'NONE',  ( 67.20000000000000284, 6.999999999999999112, -62.15000000000001279 ) ) ;
#4746 = DIRECTION ( 'NONE',  ( 0.000000000000000000, 0.000000000000000000, 1.000000000000000000 ) ) ;
#4747 = LINE ( 'NONE', #865, #3205 ) ;
#4748 = CYLINDRICAL_SURFACE ( 'NONE', #5208, 5.000000000000004441 ) ;
#4749 = DIRECTION ( 'NONE',  ( 1.000000000000000000, 0.000000000000000000, -1.430699774001492601E-15 ) ) ;
#4750 = ORIENTED_EDGE ( 'NONE', *, *, #377, .T. ) ;
#4751 = ORIENTED_EDGE ( 'NONE', *, *, #607, .F. ) ;
#4752 = ORIENTED_EDGE ( 'NONE', *, *, #5448, .T. ) ;
#4753 = ORIENTED_EDGE ( 'NONE', *, *, #4869, .T. ) ;
#4754 = CYLINDRICAL_SURFACE ( 'NONE', #4734, 1.600000000000004086 ) ;
#4755 = CARTESIAN_POINT ( 'NONE',  ( 4.000000000000000000, -60.78733948814838328, -62.14999999999999858 ) ) ;
#4756 = DIRECTION ( 'NONE',  ( -1.000000000000000000, -0.000000000000000000, -0.000000000000000000 ) ) ;
#4757 = ORIENTED_EDGE ( 'NONE', *, *, #122, .F. ) ;
#4758 = CIRCLE ( 'NONE', #1138, 3.000000000000002665 ) ;
#4759 = EDGE_CURVE ( 'NONE', #351, #5380, #3490, .T. ) ;
#4760 = CIRCLE ( 'NONE', #2316, 0.6999999999999992895 ) ;
#4761 = CARTESIAN_POINT ( 'NONE',  ( 68.20000000000000284, 6.800000000000000711, 0.000000000000000000 ) ) ;
#4762 = CARTESIAN_POINT ( 'NONE',  ( 0.000000000000000000, 6.000000000000000000, 0.000000000000000000 ) ) ;
#4763 = VERTEX_POINT ( 'NONE', #5153 ) ;
#4764 = VERTEX_POINT ( 'NONE', #2484 ) ;
#4765 = CARTESIAN_POINT ( 'NONE',  ( 61.72500000000000853, 12.00000000000000000, -50.04999999999999716 ) ) ;
#4766 = DIRECTION ( 'NONE',  ( -0.000000000000000000, -1.000000000000000000, -0.000000000000000000 ) ) ;
#4767 = DIRECTION ( 'NONE',  ( -0.000000000000000000, 1.000000000000000000, -0.000000000000000000 ) ) ;
#4768 = CARTESIAN_POINT ( 'NONE',  ( 40.35000000000001563, 6.000000000000005329, -7.000000000000000000 ) ) ;
#4769 = VERTEX_POINT ( 'NONE', #1642 ) ;
#4770 = AXIS2_PLACEMENT_3D ( 'NONE', #2809, #5398, #4439 ) ;
#4771 = EDGE_CURVE ( 'NONE', #43, #3446, #2403, .T. ) ;
#4772 = CARTESIAN_POINT ( 'NONE',  ( 68.20000000000000284, 12.00000000000000000, -47.62000000000000455 ) ) ;
#4773 = CIRCLE ( 'NONE', #3783, 8.499999999999992895 ) ;
#4774 = CYLINDRICAL_SURFACE ( 'NONE', #1702, 1.600000000000004974 ) ;
#4775 = AXIS2_PLACEMENT_3D ( 'NONE', #2249, #406, #3069 ) ;
#4776 = EDGE_CURVE ( 'NONE', #5225, #5262, #1228, .T. ) ;
#4777 = AXIS2_PLACEMENT_3D ( 'NONE', #3764, #285, #5494 ) ;
#4778 = FACE_OUTER_BOUND ( 'NONE', #477, .T. ) ;
#4779 = FACE_OUTER_BOUND ( 'NONE', #2846, .T. ) ;
#4780 = DIRECTION ( 'NONE',  ( -0.000000000000000000, -1.000000000000000000, -0.000000000000000000 ) ) ;
#4781 = EDGE_LOOP ( 'NONE', ( #92, #2411, #1324, #4215 ) ) ;
#4782 = VERTEX_POINT ( 'NONE', #457 ) ;
#4783 = EDGE_CURVE ( 'NONE', #3838, #41, #56, .T. ) ;
#4784 = ORIENTED_EDGE ( 'NONE', *, *, #5257, .T. ) ;
#4785 = VERTEX_POINT ( 'NONE', #991 ) ;
#4786 = AXIS2_PLACEMENT_3D ( 'NONE', #3972, #879, #1363 ) ;
#4787 = CARTESIAN_POINT ( 'NONE',  ( 25.59999999999999432, 2.000000000000001776, -57.20000000000000284 ) ) ;
#4788 = CARTESIAN_POINT ( 'NONE',  ( 58.35000000000001563, 6.000000000000000000, -67.00000000000000000 ) ) ;
#4789 = ORIENTED_EDGE ( 'NONE', *, *, #514, .F. ) ;
#4790 = CARTESIAN_POINT ( 'NONE',  ( 41.19999999999999574, 2.000000000000001776, -60.00000000000000000 ) ) ;
#4791 = PLANE ( 'NONE',  #1235 ) ;
#4792 = ORIENTED_EDGE ( 'NONE', *, *, #140, .F. ) ;
#4793 = AXIS2_PLACEMENT_3D ( 'NONE', #2324, #1844, #3604 ) ;
#4794 = LINE ( 'NONE', #941, #185 ) ;
#4795 = LINE ( 'NONE', #3522, #2950 ) ;
#4796 = DIRECTION ( 'NONE',  ( 0.000000000000000000, 1.000000000000000000, 0.000000000000000000 ) ) ;
#4797 = EDGE_CURVE ( 'NONE', #652, #3236, #682, .T. ) ;
#4798 = ORIENTED_EDGE ( 'NONE', *, *, #2930, .F. ) ;
#4799 = ORIENTED_EDGE ( 'NONE', *, *, #1511, .F. ) ;
#4800 = DIRECTION ( 'NONE',  ( -1.000000000000000000, -0.000000000000000000, -0.000000000000000000 ) ) ;
#4801 = CARTESIAN_POINT ( 'NONE',  ( 58.35000000000001563, 6.000000000000000000, -72.00000000000000000 ) ) ;
#4802 = CARTESIAN_POINT ( 'NONE',  ( 4.850000000000009415, 4.000000000000000000, -5.000000000000004441 ) ) ;
#4803 = EDGE_CURVE ( 'NONE', #953, #1468, #3540, .T. ) ;
#4804 = CARTESIAN_POINT ( 'NONE',  ( 62.22500000000000853, 7.000000000000000000, -52.79999999999999716 ) ) ;
#4805 = VERTEX_POINT ( 'NONE', #5261 ) ;
#4806 = ORIENTED_EDGE ( 'NONE', *, *, #1074, .T. ) ;
#4807 = ORIENTED_EDGE ( 'NONE', *, *, #1747, .T. ) ;
#4808 = VERTEX_POINT ( 'NONE', #1787 ) ;
#4809 = CARTESIAN_POINT ( 'NONE',  ( 9.700000000000020606, 10.00000000000000000, -4.500000000000003553 ) ) ;
#4810 = DIRECTION ( 'NONE',  ( -0.000000000000000000, -1.000000000000000000, -0.000000000000000000 ) ) ;
#4811 = CARTESIAN_POINT ( 'NONE',  ( 4.000000000000000000, 1.999999999999994893, -59.45016556472924663 ) ) ;
#4812 = ORIENTED_EDGE ( 'NONE', *, *, #1878, .T. ) ;
#4813 = FACE_BOUND ( 'NONE', #2986, .T. ) ;
#4814 = ORIENTED_EDGE ( 'NONE', *, *, #861, .T. ) ;
#4815 = FACE_OUTER_BOUND ( 'NONE', #553, .T. ) ;
#4816 = DIRECTION ( 'NONE',  ( -0.000000000000000000, 1.000000000000000000, -0.000000000000000000 ) ) ;
#4817 = DIRECTION ( 'NONE',  ( 0.000000000000000000, 0.000000000000000000, 1.000000000000000000 ) ) ;
#4818 = ORIENTED_EDGE ( 'NONE', *, *, #706, .T. ) ;
#4819 = AXIS2_PLACEMENT_3D ( 'NONE', #2086, #725, #5542 ) ;
#4820 = EDGE_CURVE ( 'NONE', #2470, #4646, #3056, .T. ) ;
#4821 = ORIENTED_EDGE ( 'NONE', *, *, #3661, .T. ) ;
#4822 = CARTESIAN_POINT ( 'NONE',  ( 9.850000000000015632, 0.000000000000000000, -7.199602232285400915E-16 ) ) ;
#4823 = CARTESIAN_POINT ( 'NONE',  ( 68.20000000000000284, 9.255000000000006111, -37.88000000000000256 ) ) ;
#4824 = DIRECTION ( 'NONE',  ( -0.000000000000000000, 1.000000000000000000, -0.000000000000000000 ) ) ;
#4825 = DIRECTION ( 'NONE',  ( 0.000000000000000000, 0.000000000000000000, 1.000000000000000000 ) ) ;
#4826 = ORIENTED_EDGE ( 'NONE', *, *, #4188, .T. ) ;
#4827 = VERTEX_POINT ( 'NONE', #4788 ) ;
#4828 = AXIS2_PLACEMENT_3D ( 'NONE', #4884, #3163, #3678 ) ;
#4829 = VERTEX_POINT ( 'NONE', #1753 ) ;
#4830 = LINE ( 'NONE', #2604, #4462 ) ;
#4831 = ADVANCED_FACE ( 'NONE', ( #2636 ), #1305, .F. ) ;
#4832 = CARTESIAN_POINT ( 'NONE',  ( 1.350000000000008749, 4.000000000000000000, -5.000000000000004441 ) ) ;
#4833 = DIRECTION ( 'NONE',  ( -0.000000000000000000, -1.000000000000000000, -0.000000000000000000 ) ) ;
#4834 = ORIENTED_EDGE ( 'NONE', *, *, #4705, .T. ) ;
#4835 = CIRCLE ( 'NONE', #2747, 0.6999999999999992895 ) ;
#4836 = AXIS2_PLACEMENT_3D ( 'NONE', #1148, #2444, #5103 ) ;
#4837 = ORIENTED_EDGE ( 'NONE', *, *, #2353, .F. ) ;
#4838 = EDGE_CURVE ( 'NONE', #651, #5590, #4482, .T. ) ;
#4839 = CARTESIAN_POINT ( 'NONE',  ( 4.850000000000002309, 12.00000000000000000, -67.00000000000000000 ) ) ;
#4840 = EDGE_LOOP ( 'NONE', ( #3080, #4753, #3030, #1927 ) ) ;
#4841 = ORIENTED_EDGE ( 'NONE', *, *, #1252, .T. ) ;
#4842 = VECTOR ( 'NONE', #3800, 1000.000000000000000 ) ;
#4843 = EDGE_CURVE ( 'NONE', #1876, #4441, #4444, .T. ) ;
#4844 = CIRCLE ( 'NONE', #873, 3.500000000000007105 ) ;
#4845 = CARTESIAN_POINT ( 'NONE',  ( 6.000000000000002665, 2.000000000000000000, -18.53589838486224650 ) ) ;
#4846 = CIRCLE ( 'NONE', #2587, 4.000000000000003553 ) ;
#4847 = CARTESIAN_POINT ( 'NONE',  ( 63.35000000000000142, 6.999999999999999112, -67.00000000000000000 ) ) ;
#4848 = DIRECTION ( 'NONE',  ( -0.000000000000000000, 1.000000000000000000, 0.000000000000000000 ) ) ;
#4849 = EDGE_LOOP ( 'NONE', ( #1722, #1319, #2621, #4592, #2615, #4070, #1523, #1215, #3527, #4064 ) ) ;
#4850 = VECTOR ( 'NONE', #974, 1000.000000000000000 ) ;
#4851 = CARTESIAN_POINT ( 'NONE',  ( 44.19999999999999574, 2.000000000000000000, -63.00000000000000000 ) ) ;
#4852 = CARTESIAN_POINT ( 'NONE',  ( 66.84999999999999432, 12.00000000000000000, -60.55623611104253712 ) ) ;
#4853 = CARTESIAN_POINT ( 'NONE',  ( 63.35000000000000142, 8.500000000000000000, -67.00000000000000000 ) ) ;
#4854 = DIRECTION ( 'NONE',  ( -0.000000000000000000, -1.000000000000000000, -0.000000000000000000 ) ) ;
#4855 = DIRECTION ( 'NONE',  ( 0.000000000000000000, 0.000000000000000000, 1.000000000000000000 ) ) ;
#4856 = ORIENTED_EDGE ( 'NONE', *, *, #3848, .T. ) ;
#4857 = VECTOR ( 'NONE', #3820, 1000.000000000000000 ) ;
#4858 = VECTOR ( 'NONE', #863, 1000.000000000000000 ) ;
#4859 = ORIENTED_EDGE ( 'NONE', *, *, #4258, .F. ) ;
#4860 = CARTESIAN_POINT ( 'NONE',  ( 63.35000000000000142, 6.800000000000000711, -67.00000000000000000 ) ) ;
#4861 = CARTESIAN_POINT ( 'NONE',  ( 4.850000000000009415, 8.500000000000000000, -1.500000000000003553 ) ) ;
#4862 = CARTESIAN_POINT ( 'NONE',  ( 0.000000000000000000, 0.000000000000000000, -72.00000000000000000 ) ) ;
#4863 = ORIENTED_EDGE ( 'NONE', *, *, #1450, .F. ) ;
#4864 = EDGE_CURVE ( 'NONE', #4915, #4939, #4390, .T. ) ;
#4865 = ORIENTED_EDGE ( 'NONE', *, *, #90, .T. ) ;
#4866 = FACE_OUTER_BOUND ( 'NONE', #1726, .T. ) ;
#4867 = ORIENTED_EDGE ( 'NONE', *, *, #853, .F. ) ;
#4868 = AXIS2_PLACEMENT_3D ( 'NONE', #2297, #3662, #3607 ) ;
#4869 = EDGE_CURVE ( 'NONE', #2925, #29, #28, .T. ) ;
#4870 = ORIENTED_EDGE ( 'NONE', *, *, #4155, .F. ) ;
#4871 = EDGE_CURVE ( 'NONE', #2872, #4555, #4671, .T. ) ;
#4872 = DIRECTION ( 'NONE',  ( 0.000000000000000000, 0.000000000000000000, 1.000000000000000000 ) ) ;
#4873 = FACE_OUTER_BOUND ( 'NONE', #4712, .T. ) ;
#4874 = EDGE_CURVE ( 'NONE', #2205, #520, #4397, .T. ) ;
#4875 = CARTESIAN_POINT ( 'NONE',  ( 63.35000000000000142, 6.800000000000000711, -62.00000000000000711 ) ) ;
#4876 = ORIENTED_EDGE ( 'NONE', *, *, #276, .F. ) ;
#4877 = DIRECTION ( 'NONE',  ( -0.000000000000000000, -1.000000000000000000, -0.000000000000000000 ) ) ;
#4878 = DIRECTION ( 'NONE',  ( 1.000000000000000000, 0.000000000000000000, -6.938893903907222067E-15 ) ) ;
#4879 = DIRECTION ( 'NONE',  ( 0.000000000000000000, -0.000000000000000000, 1.000000000000000000 ) ) ;
#4880 = CARTESIAN_POINT ( 'NONE',  ( 49.50000000000000711, 0.000000000000000000, -42.24999999999997868 ) ) ;
#4881 = CARTESIAN_POINT ( 'NONE',  ( 4.850000000000009415, 0.8000000000000000444, -66.99999999999998579 ) ) ;
#4882 = ORIENTED_EDGE ( 'NONE', *, *, #3082, .F. ) ;
#4883 = DIRECTION ( 'NONE',  ( -1.000000000000000000, 0.000000000000000000, -0.000000000000000000 ) ) ;
#4884 = CARTESIAN_POINT ( 'NONE',  ( 7.000000000000000000, 2.000000000000001776, -59.45016556472924663 ) ) ;
#4885 = DIRECTION ( 'NONE',  ( 1.160904811839163983E-16, 0.000000000000000000, 1.000000000000000000 ) ) ;
#4886 = CARTESIAN_POINT ( 'NONE',  ( 4.000000000000005329, 6.999999999999999112, -15.07179676972449123 ) ) ;
#4887 = ORIENTED_EDGE ( 'NONE', *, *, #203, .F. ) ;
#4888 = ORIENTED_EDGE ( 'NONE', *, *, #2811, .F. ) ;
#4889 = CARTESIAN_POINT ( 'NONE',  ( 63.35000000000000142, 6.800000000000000711, -4.999999999999990230 ) ) ;
#4890 = ADVANCED_FACE ( 'NONE', ( #2182 ), #3913, .T. ) ;
#4891 = CIRCLE ( 'NONE', #1287, 3.000000000000002665 ) ;
#4892 = DIRECTION ( 'NONE',  ( -0.000000000000000000, 1.000000000000000000, -0.000000000000000000 ) ) ;
#4893 = EDGE_LOOP ( 'NONE', ( #2407, #529, #2756, #4623 ) ) ;
#4894 = VERTEX_POINT ( 'NONE', #485 ) ;
#4895 = CIRCLE ( 'NONE', #3456, 5.000000000000004441 ) ;
#4896 = EDGE_CURVE ( 'NONE', #3644, #351, #3109, .T. ) ;
#4897 = CARTESIAN_POINT ( 'NONE',  ( 0.000000000000000000, 11.00000000000000000, 0.000000000000000000 ) ) ;
#4898 = DIRECTION ( 'NONE',  ( 1.609537245751672052E-15, -0.000000000000000000, 1.000000000000000000 ) ) ;
#4899 = LINE ( 'NONE', #3633, #3793 ) ;
#4900 = VERTEX_POINT ( 'NONE', #1333 ) ;
#4901 = CARTESIAN_POINT ( 'NONE',  ( 45.20000000000000284, 7.000000000000000000, -54.19999999999999574 ) ) ;
#4902 = DIRECTION ( 'NONE',  ( -0.000000000000000000, -1.000000000000000000, -0.000000000000000000 ) ) ;
#4903 = CARTESIAN_POINT ( 'NONE',  ( 61.72500000000000853, 6.000000000000000000, -56.25000000000000000 ) ) ;
#4904 = CARTESIAN_POINT ( 'NONE',  ( 62.22500000000000853, 7.000000000000000000, -50.04999999999999716 ) ) ;
#4905 = LINE ( 'NONE', #2362, #2690 ) ;
#4906 = EDGE_CURVE ( 'NONE', #3970, #451, #2686, .T. ) ;
#4907 = EDGE_LOOP ( 'NONE', ( #2275, #5127, #2601, #3808 ) ) ;
#4908 = DIRECTION ( 'NONE',  ( -0.000000000000000000, 1.000000000000000000, -0.000000000000000000 ) ) ;
#4909 = DIRECTION ( 'NONE',  ( -0.000000000000000000, 1.000000000000000000, -0.000000000000000000 ) ) ;
#4910 = CYLINDRICAL_SURFACE ( 'NONE', #2680, 3.000000000000000000 ) ;
#4911 = DIRECTION ( 'NONE',  ( -0.000000000000000000, -1.000000000000000000, -0.000000000000000000 ) ) ;
#4912 = ORIENTED_EDGE ( 'NONE', *, *, #3720, .F. ) ;
#4913 = ORIENTED_EDGE ( 'NONE', *, *, #512, .F. ) ;
#4914 = AXIS2_PLACEMENT_3D ( 'NONE', #949, #4328, #77 ) ;
#4915 = VERTEX_POINT ( 'NONE', #4811 ) ;
#4916 = FACE_OUTER_BOUND ( 'NONE', #2917, .T. ) ;
#4917 = CARTESIAN_POINT ( 'NONE',  ( 47.35000000000002274, 0.000000000000000000, -34.51414443721069603 ) ) ;
#4918 = VERTEX_POINT ( 'NONE', #511 ) ;
#4919 = VERTEX_POINT ( 'NONE', #87 ) ;
#4920 = EDGE_CURVE ( 'NONE', #2314, #451, #540, .T. ) ;
#4921 = LINE ( 'NONE', #2771, #1630 ) ;
#4922 = CARTESIAN_POINT ( 'NONE',  ( 58.19999999999999574, 12.00000000000000000, -18.77502783967818090 ) ) ;
#4923 = CARTESIAN_POINT ( 'NONE',  ( 45.20000000000000284, 12.00000000000000000, -34.00000000000000711 ) ) ;
#4924 = AXIS2_PLACEMENT_3D ( 'NONE', #4004, #4030, #1395 ) ;
#4925 = ORIENTED_EDGE ( 'NONE', *, *, #5242, .F. ) ;
#4926 = EDGE_CURVE ( 'NONE', #1831, #3994, #3620, .T. ) ;
#4927 = VECTOR ( 'NONE', #3826, 1000.000000000000000 ) ;
#4928 = LINE ( 'NONE', #5391, #3637 ) ;
#4929 = AXIS2_PLACEMENT_3D ( 'NONE', #1607, #2117, #2057 ) ;
#4930 = DIRECTION ( 'NONE',  ( 0.000000000000000000, 1.000000000000000000, 0.000000000000000000 ) ) ;
#4931 = VECTOR ( 'NONE', #1115, 1000.000000000000000 ) ;
#4932 = LINE ( 'NONE', #4097, #947 ) ;
#4933 = FACE_OUTER_BOUND ( 'NONE', #1908, .T. ) ;
#4934 = AXIS2_PLACEMENT_3D ( 'NONE', #2766, #705, #4472 ) ;
#4935 = DIRECTION ( 'NONE',  ( 0.000000000000000000, 0.000000000000000000, 1.000000000000000000 ) ) ;
#4936 = ORIENTED_EDGE ( 'NONE', *, *, #642, .F. ) ;
#4937 = EDGE_CURVE ( 'NONE', #5410, #2430, #3220, .T. ) ;
#4938 = CLOSED_SHELL ( 'NONE', ( #5394, #1134, #1173, #4665, #1318, #2850, #2378, #4347, #5070, #1308, #1453, #2666, #3548, #759, #3595, #4450, #350, #623, #4608, #5506, #4525, #4728, #5441, #1587, #5407, #1281, #847, #932, #726, #5594, #2785, #1557, #1255, #2957, #3308, #4192, #1544, #174, #2179, #1443, #5469, #5579, #4393, #750, #2791, #5290, #2900, #3336, #1789, #2473, #2346, #4218, #1391, #2279, #4605, #1087, #4971, #5463, #2276, #3519, #1053, #2174, #2130, #2420, #4463, #3980, #1004, #874, #4458, #2961, #206, #617, #3526, #967, #4480, #5439, #4831, #3705, #2521, #5491, #1928, #2721, #5048, #409, #4489, #1200, #2000, #3479, #5538, #4981, #1859, #5096, #2819, #524, #2340, #3065, #1967, #3005, #4222, #559, #4653, #64, #1650, #2798, #1890, #935, #5209, #3174, #4105, #5610, #369, #1925, #2010, #4492, #4563, #2862, #117, #1060, #383, #4288, #5361, #3934, #5311, #584, #5036, #1935, #3148, #552, #2542, #296, #1102, #3520, #3536, #488, #2619, #5523, #1182, #3554, #3027, #1143, #2993, #2060, #2588, #5303, #2865, #4014, #2478, #3040, #4521, #3457, #345, #3900, #1970, #1530, #1026, #3407, #3805, #94, #5352, #718, #3976, #2555, #313, #4890 ) ) ;
#4939 = VERTEX_POINT ( 'NONE', #5373 ) ;
#4940 = CARTESIAN_POINT ( 'NONE',  ( 9.850000000000015632, 0.8000000000000000444, -72.00000000000000000 ) ) ;
#4941 = CARTESIAN_POINT ( 'NONE',  ( 58.50000000000000711, 10.00000000000000000, -55.15000000000001279 ) ) ;
#4942 = CARTESIAN_POINT ( 'NONE',  ( 49.96484203442356886, 6.000000000000000000, -22.97289842344767408 ) ) ;
#4943 = FACE_BOUND ( 'NONE', #2327, .T. ) ;
#4944 = ORIENTED_EDGE ( 'NONE', *, *, #155, .F. ) ;
#4945 = EDGE_CURVE ( 'NONE', #930, #1468, #4106, .T. ) ;
#4946 = VECTOR ( 'NONE', #4456, 1000.000000000000000 ) ;
#4947 = ORIENTED_EDGE ( 'NONE', *, *, #5281, .T. ) ;
#4948 = AXIS2_PLACEMENT_3D ( 'NONE', #5105, #3352, #2498 ) ;
#4949 = DIRECTION ( 'NONE',  ( -0.000000000000000000, -1.000000000000000000, -0.000000000000000000 ) ) ;
#4950 = VECTOR ( 'NONE', #5545, 1000.000000000000000 ) ;
#4951 = DIRECTION ( 'NONE',  ( -0.000000000000000000, -1.000000000000000000, -0.000000000000000000 ) ) ;
#4952 = ORIENTED_EDGE ( 'NONE', *, *, #3848, .F. ) ;
#4953 = ORIENTED_EDGE ( 'NONE', *, *, #231, .F. ) ;
#4954 = VECTOR ( 'NONE', #1964, 1000.000000000000000 ) ;
#4955 = LINE ( 'NONE', #1050, #2795 ) ;
#4956 = AXIS2_PLACEMENT_3D ( 'NONE', #209, #5359, #5270 ) ;
#4957 = CARTESIAN_POINT ( 'NONE',  ( 0.000000000000000000, 2.000000000000000000, 0.000000000000000000 ) ) ;
#4958 = CARTESIAN_POINT ( 'NONE',  ( 63.35000000000000142, 6.800000000000000711, -62.00000000000000711 ) ) ;
#4959 = VERTEX_POINT ( 'NONE', #1555 ) ;
#4960 = ORIENTED_EDGE ( 'NONE', *, *, #2662, .T. ) ;
#4961 = PLANE ( 'NONE',  #20 ) ;
#4962 = EDGE_CURVE ( 'NONE', #2956, #116, #5318, .T. ) ;
#4963 = LINE ( 'NONE', #212, #239 ) ;
#4964 = FACE_OUTER_BOUND ( 'NONE', #1095, .T. ) ;
#4965 = CARTESIAN_POINT ( 'NONE',  ( 63.35000000000001563, 6.800000000000000711, -6.600000000000010303 ) ) ;
#4966 = EDGE_CURVE ( 'NONE', #1723, #5045, #1895, .T. ) ;
#4967 = CARTESIAN_POINT ( 'NONE',  ( 63.35000000000000142, 6.000000000000000000, -4.999999999999990230 ) ) ;
#4968 = VERTEX_POINT ( 'NONE', #4554 ) ;
#4969 = VECTOR ( 'NONE', #3693, 1000.000000000000000 ) ;
#4970 = VERTEX_POINT ( 'NONE', #1949 ) ;
#4971 = ADVANCED_FACE ( 'NONE', ( #4084 ), #3166, .T. ) ;
#4972 = FACE_OUTER_BOUND ( 'NONE', #1663, .T. ) ;
#4973 = DIRECTION ( 'NONE',  ( 0.000000000000000000, -1.000000000000000000, 0.000000000000000000 ) ) ;
#4974 = CARTESIAN_POINT ( 'NONE',  ( 47.11607978309962164, 12.00000000000000000, -10.00000000000000000 ) ) ;
#4975 = DIRECTION ( 'NONE',  ( 0.000000000000000000, 0.000000000000000000, -1.000000000000000000 ) ) ;
#4976 = EDGE_LOOP ( 'NONE', ( #1398, #3544 ) ) ;
#4977 = EDGE_CURVE ( 'NONE', #5437, #4007, #2368, .T. ) ;
#4978 = ORIENTED_EDGE ( 'NONE', *, *, #5454, .T. ) ;
#4979 = DIRECTION ( 'NONE',  ( 1.000000000000000000, -0.000000000000000000, -3.129655755628260690E-16 ) ) ;
#4980 = CARTESIAN_POINT ( 'NONE',  ( 47.35000000000001563, 87.00000000000000000, -2.571758278209441661E-15 ) ) ;
#4981 = ADVANCED_FACE ( 'NONE', ( #1467 ), #3248, .F. ) ;
#4982 = ORIENTED_EDGE ( 'NONE', *, *, #2077, .F. ) ;
#4983 = CARTESIAN_POINT ( 'NONE',  ( 49.50000000000000711, 6.000000000000000000, -40.99999999999999289 ) ) ;
#4984 = CARTESIAN_POINT ( 'NONE',  ( 0.000000000000000000, 11.00000000000000000, -72.00000000000000000 ) ) ;
#4985 = CARTESIAN_POINT ( 'NONE',  ( 0.000000000000000000, 0.000000000000000000, -10.00000000000000888 ) ) ;
#4986 = ORIENTED_EDGE ( 'NONE', *, *, #3276, .F. ) ;
#4987 = EDGE_LOOP ( 'NONE', ( #3474, #2129, #5087, #1046 ) ) ;
#4988 = DIRECTION ( 'NONE',  ( 0.000000000000000000, 0.000000000000000000, -1.000000000000000000 ) ) ;
#4989 = CARTESIAN_POINT ( 'NONE',  ( 49.50000000000000711, 0.000000000000000000, -39.75000000000000711 ) ) ;
#4990 = CARTESIAN_POINT ( 'NONE',  ( 63.35000000000000142, 6.800000000000000711, -4.999999999999990230 ) ) ;
#4991 = CARTESIAN_POINT ( 'NONE',  ( 62.22500000000000853, 6.000000000000000000, -55.55000000000000426 ) ) ;
#4992 = CARTESIAN_POINT ( 'NONE',  ( 68.20000000000000284, 19.07106781186547906, -66.99999999999998579 ) ) ;
#4993 = EDGE_LOOP ( 'NONE', ( #5032, #3915, #10, #4382, #5117, #3901 ) ) ;
#4994 = EDGE_CURVE ( 'NONE', #490, #922, #2735, .T. ) ;
#4995 = VERTEX_POINT ( 'NONE', #3710 ) ;
#4996 = DIRECTION ( 'NONE',  ( 0.000000000000000000, 0.000000000000000000, 1.000000000000000000 ) ) ;
#4997 = VECTOR ( 'NONE', #877, 1000.000000000000000 ) ;
#4998 = CARTESIAN_POINT ( 'NONE',  ( 68.20000000000000284, 6.800000000000000711, -66.99999999999998579 ) ) ;
#4999 = CARTESIAN_POINT ( 'NONE',  ( 4.000000000000000000, 1.999999999999994893, -62.14999999999999858 ) ) ;
#5000 = DIRECTION ( 'NONE',  ( -1.160904811839163983E-16, 0.000000000000000000, -1.000000000000000000 ) ) ;
#5001 = VERTEX_POINT ( 'NONE', #1124 ) ;
#5002 = ORIENTED_EDGE ( 'NONE', *, *, #5083, .F. ) ;
#5003 = CARTESIAN_POINT ( 'NONE',  ( 63.35000000000001563, 12.00000000000000000, -5.000000000000004441 ) ) ;
#5004 = DIRECTION ( 'NONE',  ( -0.000000000000000000, -1.000000000000000000, -0.000000000000000000 ) ) ;
#5005 = EDGE_CURVE ( 'NONE', #2999, #2570, #5436, .T. ) ;
#5006 = ORIENTED_EDGE ( 'NONE', *, *, #4896, .F. ) ;
#5007 = EDGE_CURVE ( 'NONE', #4033, #3778, #3649, .T. ) ;
#5008 = VECTOR ( 'NONE', #837, 1000.000000000000000 ) ;
#5009 = EDGE_CURVE ( 'NONE', #5271, #2741, #1160, .T. ) ;
#5010 = FACE_OUTER_BOUND ( 'NONE', #3568, .T. ) ;
#5011 = CARTESIAN_POINT ( 'NONE',  ( 9.733792076196870369, 4.000000000000000000, -12.38848737234580355 ) ) ;
#5012 = CIRCLE ( 'NONE', #2824, 3.000000000000002665 ) ;
#5013 = VERTEX_POINT ( 'NONE', #4021 ) ;
#5014 = EDGE_CURVE ( 'NONE', #2741, #2401, #136, .T. ) ;
#5015 = VERTEX_POINT ( 'NONE', #4886 ) ;
#5016 = VECTOR ( 'NONE', #4011, 1000.000000000000000 ) ;
#5017 = DIRECTION ( 'NONE',  ( 0.000000000000000000, 0.000000000000000000, 1.000000000000000000 ) ) ;
#5018 = DIRECTION ( 'NONE',  ( 1.000000000000000000, 0.000000000000000000, -0.000000000000000000 ) ) ;
#5019 = CARTESIAN_POINT ( 'NONE',  ( 68.20000000000000284, 8.255000000000000782, -46.61999999999999744 ) ) ;
#5020 = LINE ( 'NONE', #5078, #3594 ) ;
#5021 = ORIENTED_EDGE ( 'NONE', *, *, #3946, .F. ) ;
#5022 = VECTOR ( 'NONE', #4560, 1000.000000000000000 ) ;
#5023 = AXIS2_PLACEMENT_3D ( 'NONE', #4663, #3792, #1212 ) ;
#5024 = AXIS2_PLACEMENT_3D ( 'NONE', #2079, #5101, #3376 ) ;
#5025 = ORIENTED_EDGE ( 'NONE', *, *, #1029, .T. ) ;
#5026 = FACE_OUTER_BOUND ( 'NONE', #74, .T. ) ;
#5027 = AXIS2_PLACEMENT_3D ( 'NONE', #4990, #398, #5588 ) ;
#5028 = DIRECTION ( 'NONE',  ( 0.000000000000000000, 0.000000000000000000, 1.000000000000000000 ) ) ;
#5029 = CYLINDRICAL_SURFACE ( 'NONE', #3861, 1.600000000000000755 ) ;
#5030 = DIRECTION ( 'NONE',  ( 0.000000000000000000, -1.000000000000000000, 0.000000000000000000 ) ) ;
#5031 = EDGE_LOOP ( 'NONE', ( #3503, #3655, #2518, #2629 ) ) ;
#5032 = ORIENTED_EDGE ( 'NONE', *, *, #4864, .T. ) ;
#5033 = AXIS2_PLACEMENT_3D ( 'NONE', #1231, #4348, #3007 ) ;
#5034 = DIRECTION ( 'NONE',  ( 0.000000000000000000, 0.000000000000000000, 1.000000000000000000 ) ) ;
#5035 = CARTESIAN_POINT ( 'NONE',  ( 68.20000000000000284, 6.000000000000000000, -72.00000000000000000 ) ) ;
#5036 = ADVANCED_FACE ( 'NONE', ( #4468 ), #590, .F. ) ;
#5037 = CARTESIAN_POINT ( 'NONE',  ( 4.000000000000000000, 8.500000000000000000, -62.14999999999999858 ) ) ;
#5038 = AXIS2_PLACEMENT_3D ( 'NONE', #692, #748, #2836 ) ;
#5039 = EDGE_LOOP ( 'NONE', ( #2317, #5292, #1671, #4024 ) ) ;
#5040 = AXIS2_PLACEMENT_3D ( 'NONE', #1578, #5061, #1187 ) ;
#5041 = AXIS2_PLACEMENT_3D ( 'NONE', #4617, #3423, #3850 ) ;
#5042 = DIRECTION ( 'NONE',  ( 0.000000000000000000, 1.000000000000000000, 0.000000000000000000 ) ) ;
#5043 = EDGE_CURVE ( 'NONE', #490, #4499, #3872, .T. ) ;
#5044 = DIRECTION ( 'NONE',  ( 0.000000000000000000, 0.000000000000000000, 1.000000000000000000 ) ) ;
#5045 = VERTEX_POINT ( 'NONE', #4498 ) ;
#5046 = ORIENTED_EDGE ( 'NONE', *, *, #5058, .T. ) ;
#5047 = PRODUCT_DEFINITION_FORMATION_WITH_SPECIFIED_SOURCE ( '‰ª', '', #985, .NOT_KNOWN. ) ;
#5048 = ADVANCED_FACE ( 'NONE', ( #2343, #1493, #4943 ), #3360, .T. ) ;
#5049 = CIRCLE ( 'NONE', #710, 2.999999999999999112 ) ;
#5050 = FACE_OUTER_BOUND ( 'NONE', #1019, .T. ) ;
#5051 = EDGE_CURVE ( 'NONE', #1245, #4919, #4165, .T. ) ;
#5052 = DIRECTION ( 'NONE',  ( -0.000000000000000000, -1.000000000000000000, -0.000000000000000000 ) ) ;
#5053 = CARTESIAN_POINT ( 'NONE',  ( 67.20000000000000284, 12.00000000000000000, -49.12000000000000455 ) ) ;
#5054 = FACE_OUTER_BOUND ( 'NONE', #4191, .T. ) ;
#5055 = ORIENTED_EDGE ( 'NONE', *, *, #5217, .F. ) ;
#5056 = ORIENTED_EDGE ( 'NONE', *, *, #543, .F. ) ;
#5057 = CARTESIAN_POINT ( 'NONE',  ( 5.000000000000000000, 11.00000000000000000, -5.000000000000000000 ) ) ;
#5058 = EDGE_CURVE ( 'NONE', #535, #2803, #1157, .T. ) ;
#5059 = DIRECTION ( 'NONE',  ( 0.000000000000000000, 0.000000000000000000, 1.000000000000000000 ) ) ;
#5060 = CARTESIAN_POINT ( 'NONE',  ( 45.20000000000000284, 2.000000000000001776, -5.000000000000000000 ) ) ;
#5061 = DIRECTION ( 'NONE',  ( 0.000000000000000000, 1.000000000000000000, -0.000000000000000000 ) ) ;
#5062 = ORIENTED_EDGE ( 'NONE', *, *, #4797, .T. ) ;
#5063 = ORIENTED_EDGE ( 'NONE', *, *, #5139, .T. ) ;
#5064 = AXIS2_PLACEMENT_3D ( 'NONE', #373, #4254, #431 ) ;
#5065 = VECTOR ( 'NONE', #2218, 1000.000000000000000 ) ;
#5066 = FACE_OUTER_BOUND ( 'NONE', #4631, .T. ) ;
#5067 = CYLINDRICAL_SURFACE ( 'NONE', #1797, 4.000000000000003553 ) ;
#5068 = DIRECTION ( 'NONE',  ( -0.000000000000000000, -1.000000000000000000, -0.000000000000000000 ) ) ;
#5069 = VERTEX_POINT ( 'NONE', #306 ) ;
#5070 = ADVANCED_FACE ( 'NONE', ( #2118 ), #1662, .T. ) ;
#5071 = FACE_OUTER_BOUND ( 'NONE', #2125, .T. ) ;
#5072 = DIRECTION ( 'NONE',  ( -1.000000000000000000, 0.000000000000000000, 0.000000000000000000 ) ) ;
#5073 = ORIENTED_EDGE ( 'NONE', *, *, #2513, .T. ) ;
#5074 = ORIENTED_EDGE ( 'NONE', *, *, #548, .F. ) ;
#5075 = CARTESIAN_POINT ( 'NONE',  ( 47.11607978309962164, 7.000000000000000000, -10.00000000000000000 ) ) ;
#5076 = LINE ( 'NONE', #4627, #2493 ) ;
#5077 = CARTESIAN_POINT ( 'NONE',  ( 49.50000000000000711, -1.402220585023716934E-15, -40.99999999999999289 ) ) ;
#5078 = CARTESIAN_POINT ( 'NONE',  ( 55.47626937064377728, 3.864593113393700374, -38.03382401983171945 ) ) ;
#5079 = ORIENTED_EDGE ( 'NONE', *, *, #5329, .F. ) ;
#5080 = AXIS2_PLACEMENT_3D ( 'NONE', #2078, #353, #320 ) ;
#5081 = ORIENTED_EDGE ( 'NONE', *, *, #2694, .T. ) ;
#5082 = DIRECTION ( 'NONE',  ( 0.000000000000000000, 0.000000000000000000, -1.000000000000000000 ) ) ;
#5083 = EDGE_CURVE ( 'NONE', #4076, #2923, #2510, .T. ) ;
#5084 = CARTESIAN_POINT ( 'NONE',  ( 45.20000000000000284, 2.000000000000001776, -54.19999999999999574 ) ) ;
#5085 = DIRECTION ( 'NONE',  ( 0.000000000000000000, -1.000000000000000000, 0.000000000000000000 ) ) ;
#5086 = DIRECTION ( 'NONE',  ( 0.000000000000000000, 0.000000000000000000, 1.000000000000000000 ) ) ;
#5087 = ORIENTED_EDGE ( 'NONE', *, *, #1282, .F. ) ;
#5088 = EDGE_LOOP ( 'NONE', ( #624, #1499 ) ) ;
#5089 = CARTESIAN_POINT ( 'NONE',  ( 4.850000000000002309, 2.000000000000000000, -67.00000000000000000 ) ) ;
#5090 = CARTESIAN_POINT ( 'NONE',  ( 63.35000000000001563, 2.000000000000000000, -5.000000000000004441 ) ) ;
#5091 = CARTESIAN_POINT ( 'NONE',  ( 40.35000000000002984, 2.000000000000000000, -72.00000000000000000 ) ) ;
#5092 = ORIENTED_EDGE ( 'NONE', *, *, #2662, .F. ) ;
#5093 = DIRECTION ( 'NONE',  ( -0.000000000000000000, -1.000000000000000000, -0.000000000000000000 ) ) ;
#5094 = DIRECTION ( 'NONE',  ( 0.000000000000000000, 0.000000000000000000, -1.000000000000000000 ) ) ;
#5095 = LINE ( 'NONE', #3700, #1416 ) ;
#5096 = ADVANCED_FACE ( 'NONE', ( #2877 ), #3760, .F. ) ;
#5097 = VERTEX_POINT ( 'NONE', #2537 ) ;
#5098 = ORIENTED_EDGE ( 'NONE', *, *, #1230, .F. ) ;
#5099 = AXIS2_PLACEMENT_3D ( 'NONE', #2003, #1241, #387 ) ;
#5100 = CARTESIAN_POINT ( 'NONE',  ( 4.000000000000005329, 2.000000000000000000, -12.44212546069614689 ) ) ;
#5101 = DIRECTION ( 'NONE',  ( 0.000000000000000000, 1.000000000000000000, 0.000000000000000000 ) ) ;
#5102 = VECTOR ( 'NONE', #2280, 1000.000000000000000 ) ;
#5103 = DIRECTION ( 'NONE',  ( 0.000000000000000000, 0.000000000000000000, 1.000000000000000000 ) ) ;
#5104 = EDGE_CURVE ( 'NONE', #1876, #570, #2867, .T. ) ;
#5105 = CARTESIAN_POINT ( 'NONE',  ( 61.72500000000000853, 12.00000000000000000, -50.04999999999999716 ) ) ;
#5106 = ORIENTED_EDGE ( 'NONE', *, *, #5152, .T. ) ;
#5107 = EDGE_CURVE ( 'NONE', #4405, #300, #3332, .T. ) ;
#5108 = ORIENTED_EDGE ( 'NONE', *, *, #4843, .F. ) ;
#5109 = DIRECTION ( 'NONE',  ( 0.000000000000000000, 1.000000000000000000, -0.000000000000000000 ) ) ;
#5110 = DIRECTION ( 'NONE',  ( -1.000000000000000000, 0.000000000000000000, 0.000000000000000000 ) ) ;
#5111 = CARTESIAN_POINT ( 'NONE',  ( 63.35000000000001563, 8.500000000000000000, -8.500000000000010658 ) ) ;
#5112 = EDGE_CURVE ( 'NONE', #4108, #2015, #1883, .T. ) ;
#5113 = CARTESIAN_POINT ( 'NONE',  ( 58.50000000000000711, 10.00000000000000000, -58.50132363247075773 ) ) ;
#5114 = ORIENTED_EDGE ( 'NONE', *, *, #4570, .T. ) ;
#5115 = AXIS2_PLACEMENT_3D ( 'NONE', #3510, #4833, #2606 ) ;
#5116 = VECTOR ( 'NONE', #2461, 1000.000000000000000 ) ;
#5117 = ORIENTED_EDGE ( 'NONE', *, *, #658, .T. ) ;
#5118 = VERTEX_POINT ( 'NONE', #1213 ) ;
#5119 = EDGE_CURVE ( 'NONE', #83, #1788, #4639, .T. ) ;
#5120 = CARTESIAN_POINT ( 'NONE',  ( 62.22500000000000853, 6.000000000000000000, -58.30000000000001137 ) ) ;
#5121 = VECTOR ( 'NONE', #3807, 1000.000000000000000 ) ;
#5122 = AXIS2_PLACEMENT_3D ( 'NONE', #4187, #4164, #305 ) ;
#5123 = EDGE_CURVE ( 'NONE', #4598, #683, #4269, .T. ) ;
#5124 = DIRECTION ( 'NONE',  ( 0.000000000000000000, -1.000000000000000000, 0.000000000000000000 ) ) ;
#5125 = DIRECTION ( 'NONE',  ( 0.000000000000000000, 1.000000000000000000, 0.000000000000000000 ) ) ;
#5126 = VECTOR ( 'NONE', #5324, 1000.000000000000000 ) ;
#5127 = ORIENTED_EDGE ( 'NONE', *, *, #3576, .T. ) ;
#5128 = AXIS2_PLACEMENT_3D ( 'NONE', #4686, #3953, #4714 ) ;
#5129 = DIRECTION ( 'NONE',  ( 0.000000000000000000, 1.000000000000000000, -0.000000000000000000 ) ) ;
#5130 = DIRECTION ( 'NONE',  ( 1.000000000000000000, 0.000000000000000000, 0.000000000000000000 ) ) ;
#5131 = VERTEX_POINT ( 'NONE', #3735 ) ;
#5132 = ORIENTED_EDGE ( 'NONE', *, *, #4252, .F. ) ;
#5133 = VECTOR ( 'NONE', #3502, 1000.000000000000000 ) ;
#5134 = CIRCLE ( 'NONE', #2693, 4.999999999999993783 ) ;
#5135 = CARTESIAN_POINT ( 'NONE',  ( 40.35000000000001563, 0.000000000000000000, 0.000000000000000000 ) ) ;
#5136 = DIRECTION ( 'NONE',  ( 0.000000000000000000, 0.000000000000000000, -1.000000000000000000 ) ) ;
#5137 = CARTESIAN_POINT ( 'NONE',  ( 4.000000000000000000, 1.999999999999994893, -62.14999999999999858 ) ) ;
#5138 = ORIENTED_EDGE ( 'NONE', *, *, #1873, .T. ) ;
#5139 = EDGE_CURVE ( 'NONE', #5590, #651, #162, .T. ) ;
#5140 = VERTEX_POINT ( 'NONE', #756 ) ;
#5141 = DIRECTION ( 'NONE',  ( -1.000000000000000000, 0.000000000000000000, -0.000000000000000000 ) ) ;
#5142 = FACE_OUTER_BOUND ( 'NONE', #2400, .T. ) ;
#5143 = LINE ( 'NONE', #2227, #2033 ) ;
#5144 = LINE ( 'NONE', #2875, #2947 ) ;
#5145 = VECTOR ( 'NONE', #39, 1000.000000000000000 ) ;
#5146 = CARTESIAN_POINT ( 'NONE',  ( 0.000000000000000000, 8.500000000000000000, 0.000000000000000000 ) ) ;
#5147 = ORIENTED_EDGE ( 'NONE', *, *, #2212, .F. ) ;
#5148 = EDGE_LOOP ( 'NONE', ( #3884, #5114, #765, #5074 ) ) ;
#5149 = EDGE_CURVE ( 'NONE', #1762, #1495, #4773, .T. ) ;
#5150 = CARTESIAN_POINT ( 'NONE',  ( 68.20000000000000284, 11.00000000000000000, -72.00000000000000000 ) ) ;
#5151 = CARTESIAN_POINT ( 'NONE',  ( 63.19999999999999574, 11.00000000000000000, -66.99999999999998579 ) ) ;
#5152 = EDGE_CURVE ( 'NONE', #2486, #1358, #786, .T. ) ;
#5153 = CARTESIAN_POINT ( 'NONE',  ( 12.29127005288747831, 2.000000000000000000, -67.49999999999998579 ) ) ;
#5154 = EDGE_LOOP ( 'NONE', ( #3770, #4936 ) ) ;
#5155 = FACE_OUTER_BOUND ( 'NONE', #2502, .T. ) ;
#5156 = EDGE_CURVE ( 'NONE', #3831, #4159, #1272, .T. ) ;
#5157 = CYLINDRICAL_SURFACE ( 'NONE', #5027, 4.999999999999993783 ) ;
#5158 = EDGE_LOOP ( 'NONE', ( #3447, #2565, #2898, #5062, #3927, #2491, #3421, #1904, #4978, #730, #3559, #1444, #4730, #23, #4366, #1562, #5132, #5184, #4413, #2603 ) ) ;
#5159 = VERTEX_POINT ( 'NONE', #5113 ) ;
#5160 = DIRECTION ( 'NONE',  ( -1.000000000000000000, 0.000000000000000000, 0.000000000000000000 ) ) ;
#5161 = FACE_OUTER_BOUND ( 'NONE', #3722, .T. ) ;
#5162 = CARTESIAN_POINT ( 'NONE',  ( 63.19999999999999574, 19.07106781186547906, -5.000000000000000000 ) ) ;
#5163 = ORIENTED_EDGE ( 'NONE', *, *, #3658, .T. ) ;
#5164 = ORIENTED_EDGE ( 'NONE', *, *, #4435, .T. ) ;
#5165 = DIRECTION ( 'NONE',  ( -0.000000000000000000, -1.000000000000000000, -0.000000000000000000 ) ) ;
#5166 = DIRECTION ( 'NONE',  ( 0.000000000000000000, 0.000000000000000000, -1.000000000000000000 ) ) ;
#5167 = AXIS2_PLACEMENT_3D ( 'NONE', #1222, #1386, #2262 ) ;
#5168 = DIRECTION ( 'NONE',  ( 1.000000000000000000, -0.000000000000000000, -0.000000000000000000 ) ) ;
#5169 = DIRECTION ( 'NONE',  ( 0.000000000000000000, 0.000000000000000000, 1.000000000000000000 ) ) ;
#5170 = CARTESIAN_POINT ( 'NONE',  ( 63.35000000000000142, 6.800000000000000711, -62.00000000000000711 ) ) ;
#5171 = EDGE_CURVE ( 'NONE', #1975, #3053, #1243, .T. ) ;
#5172 = VERTEX_POINT ( 'NONE', #4723 ) ;
#5173 = ORIENTED_EDGE ( 'NONE', *, *, #276, .T. ) ;
#5174 = ORIENTED_EDGE ( 'NONE', *, *, #5051, .F. ) ;
#5175 = DIRECTION ( 'NONE',  ( 0.000000000000000000, 0.000000000000000000, 1.000000000000000000 ) ) ;
#5176 = DIRECTION ( 'NONE',  ( 0.000000000000000000, 0.000000000000000000, 1.000000000000000000 ) ) ;
#5177 = ORIENTED_EDGE ( 'NONE', *, *, #5188, .T. ) ;
#5178 = ORIENTED_EDGE ( 'NONE', *, *, #4962, .T. ) ;
#5179 = EDGE_CURVE ( 'NONE', #324, #2120, #5460, .T. ) ;
#5180 = CARTESIAN_POINT ( 'NONE',  ( 43.40000000000000568, 8.500000000000000000, -67.49999999999998579 ) ) ;
#5181 = DIRECTION ( 'NONE',  ( -0.000000000000000000, -1.000000000000000000, -0.000000000000000000 ) ) ;
#5182 = EDGE_CURVE ( 'NONE', #1382, #4431, #2452, .T. ) ;
#5183 = EDGE_LOOP ( 'NONE', ( #3422, #2764, #4360, #1220 ) ) ;
#5184 = ORIENTED_EDGE ( 'NONE', *, *, #1502, .T. ) ;
#5185 = EDGE_CURVE ( 'NONE', #3460, #3629, #1153, .T. ) ;
#5186 = CARTESIAN_POINT ( 'NONE',  ( 62.22500000000000853, 7.000000000000000000, -55.55000000000000426 ) ) ;
#5187 = CARTESIAN_POINT ( 'NONE',  ( 4.850000000000009415, 12.00000000000000000, -5.000000000000004441 ) ) ;
#5188 = EDGE_CURVE ( 'NONE', #390, #3563, #5231, .T. ) ;
#5189 = CARTESIAN_POINT ( 'NONE',  ( 4.000000000000004441, 0.000000000000000000, -20.75000000000000355 ) ) ;
#5190 = DIRECTION ( 'NONE',  ( -1.156482317317870344E-15, 0.000000000000000000, 1.000000000000000000 ) ) ;
#5191 = ORIENTED_EDGE ( 'NONE', *, *, #3209, .T. ) ;
#5192 = VERTEX_POINT ( 'NONE', #927 ) ;
#5193 = AXIS2_PLACEMENT_3D ( 'NONE', #3185, #5276, #5337 ) ;
#5194 = CARTESIAN_POINT ( 'NONE',  ( 68.20000000000000284, 11.00000000000000000, -66.99999999999998579 ) ) ;
#5195 = CARTESIAN_POINT ( 'NONE',  ( 68.20000000000000284, 2.000000000000000000, 0.000000000000000000 ) ) ;
#5196 = CARTESIAN_POINT ( 'NONE',  ( 11.95000000000000995, 4.000000000000000000, -12.00000000000000355 ) ) ;
#5197 = DIRECTION ( 'NONE',  ( -0.000000000000000000, -1.000000000000000000, -0.000000000000000000 ) ) ;
#5198 = VERTEX_POINT ( 'NONE', #1406 ) ;
#5199 = ORIENTED_EDGE ( 'NONE', *, *, #3199, .T. ) ;
#5200 = ORIENTED_EDGE ( 'NONE', *, *, #3466, .T. ) ;
#5201 = EDGE_LOOP ( 'NONE', ( #3736, #1419, #2250, #1135 ) ) ;
#5202 = DIRECTION ( 'NONE',  ( -0.000000000000000000, -1.000000000000000000, -0.000000000000000000 ) ) ;
#5203 =( NAMED_UNIT ( * ) SI_UNIT ( $, .STERADIAN. ) SOLID_ANGLE_UNIT ( ) );
#5204 = CARTESIAN_POINT ( 'NONE',  ( 52.69999999999999574, 12.00099999999999945, -33.64999999999999858 ) ) ;
#5205 = EDGE_LOOP ( 'NONE', ( #1312, #3761, #1225, #1604 ) ) ;
#5206 = ORIENTED_EDGE ( 'NONE', *, *, #1304, .F. ) ;
#5207 = AXIS2_PLACEMENT_3D ( 'NONE', #734, #3769, #3426 ) ;
#5208 = AXIS2_PLACEMENT_3D ( 'NONE', #866, #1744, #2596 ) ;
#5209 = ADVANCED_FACE ( 'NONE', ( #867 ), #17, .F. ) ;
#5210 = CIRCLE ( 'NONE', #780, 5.000000000000004441 ) ;
#5211 = DIRECTION ( 'NONE',  ( 0.000000000000000000, 0.000000000000000000, -1.000000000000000000 ) ) ;
#5212 = CIRCLE ( 'NONE', #4934, 3.000000000000002665 ) ;
#5213 = FACE_BOUND ( 'NONE', #3846, .T. ) ;
#5214 = ORIENTED_EDGE ( 'NONE', *, *, #1659, .F. ) ;
#5215 = ORIENTED_EDGE ( 'NONE', *, *, #4261, .F. ) ;
#5216 = AXIS2_PLACEMENT_3D ( 'NONE', #4957, #4149, #2827 ) ;
#5217 = EDGE_CURVE ( 'NONE', #4968, #4919, #2863, .T. ) ;
#5218 = CARTESIAN_POINT ( 'NONE',  ( 52.69999999999999574, 36.04163056034260393, -30.00000000000000000 ) ) ;
#5219 = CARTESIAN_POINT ( 'NONE',  ( 9.850000000000015632, 0.8000000000000000444, -5.000000000000004441 ) ) ;
#5220 = LINE ( 'NONE', #439, #4426 ) ;
#5221 = DIRECTION ( 'NONE',  ( -0.000000000000000000, -1.000000000000000000, -0.000000000000000000 ) ) ;
#5222 = EDGE_CURVE ( 'NONE', #4764, #1341, #527, .T. ) ;
#5223 = VERTEX_POINT ( 'NONE', #3100 ) ;
#5224 = VECTOR ( 'NONE', #4180, 1000.000000000000000 ) ;
#5225 = VERTEX_POINT ( 'NONE', #2652 ) ;
#5226 = VECTOR ( 'NONE', #4911, 1000.000000000000000 ) ;
#5227 = DIRECTION ( 'NONE',  ( 0.000000000000000000, -1.000000000000000000, 0.000000000000000000 ) ) ;
#5228 = AXIS2_PLACEMENT_3D ( 'NONE', #13, #1377, #2987 ) ;
#5229 = CARTESIAN_POINT ( 'NONE',  ( 4.000000000000003553, 6.999999999999999112, -34.07179676972447879 ) ) ;
#5230 = DIRECTION ( 'NONE',  ( 2.312964634635743450E-15, 0.000000000000000000, -1.000000000000000000 ) ) ;
#5231 = LINE ( 'NONE', #2677, #3969 ) ;
#5232 = ORIENTED_EDGE ( 'NONE', *, *, #2742, .T. ) ;
#5233 = ORIENTED_EDGE ( 'NONE', *, *, #830, .F. ) ;
#5234 = VERTEX_POINT ( 'NONE', #951 ) ;
#5235 = EDGE_LOOP ( 'NONE', ( #1815, #2463, #2653, #2614 ) ) ;
#5236 = FACE_OUTER_BOUND ( 'NONE', #3411, .T. ) ;
#5237 = CARTESIAN_POINT ( 'NONE',  ( 49.50000000000000711, 7.000000000000000000, -40.99999999999999289 ) ) ;
#5238 = DIRECTION ( 'NONE',  ( -0.000000000000000000, -1.000000000000000000, -0.000000000000000000 ) ) ;
#5239 = ORIENTED_EDGE ( 'NONE', *, *, #2811, .T. ) ;
#5240 = CARTESIAN_POINT ( 'NONE',  ( 52.69999999999999574, 36.04163056034260393, -30.00000000000000000 ) ) ;
#5241 = ORIENTED_EDGE ( 'NONE', *, *, #2600, .T. ) ;
#5242 = EDGE_CURVE ( 'NONE', #4383, #1512, #902, .T. ) ;
#5243 = CIRCLE ( 'NONE', #2266, 0.7000000000000061728 ) ;
#5244 = VECTOR ( 'NONE', #4259, 1000.000000000000000 ) ;
#5245 = DIRECTION ( 'NONE',  ( 0.000000000000000000, -1.000000000000000000, 0.000000000000000000 ) ) ;
#5246 = CARTESIAN_POINT ( 'NONE',  ( 63.35000000000000142, 6.800000000000000711, -65.40000000000000568 ) ) ;
#5247 = DIRECTION ( 'NONE',  ( 0.000000000000000000, 0.000000000000000000, -1.000000000000000000 ) ) ;
#5248 = CARTESIAN_POINT ( 'NONE',  ( 6.867146923069818776, 2.000000000000000000, -12.44212546069614689 ) ) ;
#5249 = VERTEX_POINT ( 'NONE', #3965 ) ;
#5250 = LINE ( 'NONE', #1376, #788 ) ;
#5251 = LINE ( 'NONE', #2557, #3787 ) ;
#5252 = DIRECTION ( 'NONE',  ( 0.000000000000000000, 0.000000000000000000, -1.000000000000000000 ) ) ;
#5253 = DIRECTION ( 'NONE',  ( 0.000000000000000000, 0.000000000000000000, 1.000000000000000000 ) ) ;
#5254 = CYLINDRICAL_SURFACE ( 'NONE', #1423, 3.000000000000002665 ) ;
#5255 = ORIENTED_EDGE ( 'NONE', *, *, #5404, .T. ) ;
#5256 = ORIENTED_EDGE ( 'NONE', *, *, #2763, .T. ) ;
#5257 = EDGE_CURVE ( 'NONE', #1903, #4598, #839, .T. ) ;
#5258 = ORIENTED_EDGE ( 'NONE', *, *, #4707, .T. ) ;
#5259 = CARTESIAN_POINT ( 'NONE',  ( 25.59999999999999432, 2.000000000000001776, -58.60000000000000142 ) ) ;
#5260 = CARTESIAN_POINT ( 'NONE',  ( 58.35000000000001563, 6.800000000000000711, -4.999999999999990230 ) ) ;
#5261 = CARTESIAN_POINT ( 'NONE',  ( 4.000000000000002665, -1.402220585023716934E-15, -42.24999999999997868 ) ) ;
#5262 = VERTEX_POINT ( 'NONE', #3471 ) ;
#5263 = EDGE_CURVE ( 'NONE', #324, #4182, #47, .T. ) ;
#5264 = ORIENTED_EDGE ( 'NONE', *, *, #2071, .T. ) ;
#5265 = DIRECTION ( 'NONE',  ( -0.000000000000000000, -1.000000000000000000, -0.000000000000000000 ) ) ;
#5266 = EDGE_LOOP ( 'NONE', ( #5498, #1209, #4335, #815 ) ) ;
#5267 = DIRECTION ( 'NONE',  ( -0.000000000000000000, -1.000000000000000000, -0.000000000000000000 ) ) ;
#5268 = CIRCLE ( 'NONE', #2823, 4.999999999999997335 ) ;
#5269 = DIRECTION ( 'NONE',  ( 0.000000000000000000, -1.000000000000000000, 0.000000000000000000 ) ) ;
#5270 = DIRECTION ( 'NONE',  ( 0.000000000000000000, 0.000000000000000000, 1.000000000000000000 ) ) ;
#5271 = VERTEX_POINT ( 'NONE', #3991 ) ;
#5272 = AXIS2_PLACEMENT_3D ( 'NONE', #4048, #166, #4883 ) ;
#5273 = LINE ( 'NONE', #2749, #1509 ) ;
#5274 = EDGE_CURVE ( 'NONE', #2956, #4995, #3507, .T. ) ;
#5275 = DIRECTION ( 'NONE',  ( 1.000000000000000000, 0.000000000000000000, 0.000000000000000000 ) ) ;
#5276 = DIRECTION ( 'NONE',  ( 0.000000000000000000, 1.000000000000000000, 0.000000000000000000 ) ) ;
#5277 = LINE ( 'NONE', #3017, #327 ) ;
#5278 = FACE_OUTER_BOUND ( 'NONE', #5333, .T. ) ;
#5279 = VERTEX_POINT ( 'NONE', #4804 ) ;
#5280 = ORIENTED_EDGE ( 'NONE', *, *, #503, .F. ) ;
#5281 = EDGE_CURVE ( 'NONE', #905, #3608, #4381, .T. ) ;
#5282 = DIRECTION ( 'NONE',  ( 0.000000000000000000, -1.000000000000000000, -2.241244801003631869E-16 ) ) ;
#5283 = CARTESIAN_POINT ( 'NONE',  ( 61.72500000000000853, 6.000000000000000000, -54.20000000000000995 ) ) ;
#5284 = DIRECTION ( 'NONE',  ( -1.000000000000000000, 0.000000000000000000, -1.215836390520392420E-16 ) ) ;
#5285 = ORIENTED_EDGE ( 'NONE', *, *, #3670, .T. ) ;
#5286 = CIRCLE ( 'NONE', #4819, 3.000000000000002665 ) ;
#5288 = EDGE_CURVE ( 'NONE', #5432, #5192, #4330, .T. ) ;
#5287 = VECTOR ( 'NONE', #4517, 1000.000000000000000 ) ;
#5289 = EDGE_LOOP ( 'NONE', ( #2654, #749, #5092, #5569 ) ) ;
#5290 = ADVANCED_FACE ( 'NONE', ( #416 ), #1807, .F. ) ;
#5291 = DIRECTION ( 'NONE',  ( 1.000000000000000000, -0.000000000000000000, 0.000000000000000000 ) ) ;
#5292 = ORIENTED_EDGE ( 'NONE', *, *, #5448, .F. ) ;
#5293 = EDGE_LOOP ( 'NONE', ( #113, #2633, #4625, #376 ) ) ;
#5294 = AXIS2_PLACEMENT_3D ( 'NONE', #177, #3687, #5442 ) ;
#5295 = AXIS2_PLACEMENT_3D ( 'NONE', #4409, #555, #3988 ) ;
#5296 = CARTESIAN_POINT ( 'NONE',  ( 6.700000000000020606, 12.00000000000000000, -4.500000000000003553 ) ) ;
#5297 = VECTOR ( 'NONE', #1546, 1000.000000000000000 ) ;
#5298 = DIRECTION ( 'NONE',  ( 0.000000000000000000, 0.000000000000000000, 1.000000000000000000 ) ) ;
#5299 = CIRCLE ( 'NONE', #3036, 0.7000000000000061728 ) ;
#5300 = DIRECTION ( 'NONE',  ( -0.000000000000000000, -1.000000000000000000, -0.000000000000000000 ) ) ;
#5301 = ORIENTED_EDGE ( 'NONE', *, *, #5005, .T. ) ;
#5302 = AXIS2_PLACEMENT_3D ( 'NONE', #3067, #4766, #3463 ) ;
#5303 = ADVANCED_FACE ( 'NONE', ( #3445 ), #5254, .F. ) ;
#5304 = FACE_OUTER_BOUND ( 'NONE', #3011, .T. ) ;
#5305 = CARTESIAN_POINT ( 'NONE',  ( 58.19999999999999574, 8.254999999999999005, -37.88000000000000256 ) ) ;
#5306 = AXIS2_PLACEMENT_3D ( 'NONE', #4881, #3212, #4935 ) ;
#5307 = CARTESIAN_POINT ( 'NONE',  ( 43.40000000000000568, 12.00000000000000000, -72.00000000000000000 ) ) ;
#5308 = LINE ( 'NONE', #3128, #4403 ) ;
#5309 = DIRECTION ( 'NONE',  ( 0.000000000000000000, 0.000000000000000000, 1.000000000000000000 ) ) ;
#5310 = VERTEX_POINT ( 'NONE', #104 ) ;
#5311 = ADVANCED_FACE ( 'NONE', ( #5278 ), #1721, .F. ) ;
#5312 = VECTOR ( 'NONE', #5000, 1000.000000000000000 ) ;
#5313 = AXIS2_PLACEMENT_3D ( 'NONE', #44, #899, #3097 ) ;
#5314 = ORIENTED_EDGE ( 'NONE', *, *, #2512, .T. ) ;
#5315 = DIRECTION ( 'NONE',  ( -0.000000000000000000, -1.000000000000000000, -0.000000000000000000 ) ) ;
#5316 = DIRECTION ( 'NONE',  ( 1.000000000000000000, 0.000000000000000000, 0.000000000000000000 ) ) ;
#5317 = CARTESIAN_POINT ( 'NONE',  ( 4.000000000000000000, 0.000000000000000000, -20.75000000000000355 ) ) ;
#5318 = LINE ( 'NONE', #1099, #4593 ) ;
#5319 = EDGE_LOOP ( 'NONE', ( #1549, #5147, #5513, #1035 ) ) ;
#5320 = VERTEX_POINT ( 'NONE', #449 ) ;
#5321 = EDGE_CURVE ( 'NONE', #5598, #3995, #2959, .T. ) ;
#5322 = CIRCLE ( 'NONE', #2876, 4.000000000000000000 ) ;
#5323 = EDGE_CURVE ( 'NONE', #4620, #3395, #3160, .T. ) ;
#5324 = DIRECTION ( 'NONE',  ( -1.000000000000000000, 0.000000000000000000, 0.000000000000000000 ) ) ;
#5325 = LINE ( 'NONE', #1874, #3584 ) ;
#5326 = ORIENTED_EDGE ( 'NONE', *, *, #1868, .F. ) ;
#5327 = CIRCLE ( 'NONE', #1532, 2.867146923069812559 ) ;
#5328 = ORIENTED_EDGE ( 'NONE', *, *, #2921, .F. ) ;
#5329 = EDGE_CURVE ( 'NONE', #4557, #3083, #4461, .T. ) ;
#5330 = DIRECTION ( 'NONE',  ( 1.609537245751672052E-15, 0.000000000000000000, 1.000000000000000000 ) ) ;
#5331 = DIRECTION ( 'NONE',  ( -0.000000000000000000, 1.000000000000000000, -0.000000000000000000 ) ) ;
#5332 = LINE ( 'NONE', #2248, #5599 ) ;
#5333 = EDGE_LOOP ( 'NONE', ( #1125, #2294, #1675, #3294 ) ) ;
#5334 = AXIS2_PLACEMENT_3D ( 'NONE', #4732, #3000, #5211 ) ;
#5335 = CARTESIAN_POINT ( 'NONE',  ( 4.850000000000009415, 0.000000000000000000, -5.000000000000004441 ) ) ;
#5336 = CARTESIAN_POINT ( 'NONE',  ( 55.19999999999998863, 6.999999999999999112, -18.77502783967818090 ) ) ;
#5337 = DIRECTION ( 'NONE',  ( 0.000000000000000000, 0.000000000000000000, 1.000000000000000000 ) ) ;
#5338 = DIRECTION ( 'NONE',  ( 0.000000000000000000, 0.000000000000000000, -1.000000000000000000 ) ) ;
#5339 = DIRECTION ( 'NONE',  ( -0.000000000000000000, 1.000000000000000000, -0.000000000000000000 ) ) ;
#5340 = ORIENTED_EDGE ( 'NONE', *, *, #906, .F. ) ;
#5341 = CARTESIAN_POINT ( 'NONE',  ( 1.350000000000000977, 8.499999999999992895, -9.850000000000019185 ) ) ;
#5342 = FACE_OUTER_BOUND ( 'NONE', #1811, .T. ) ;
#5343 = CARTESIAN_POINT ( 'NONE',  ( 50.35000000000002984, -11.31370849898477360, -12.05179879393234188 ) ) ;
#5344 = EDGE_CURVE ( 'NONE', #3778, #4301, #1519, .T. ) ;
#5345 = DIRECTION ( 'NONE',  ( 0.000000000000000000, 0.000000000000000000, 1.000000000000000000 ) ) ;
#5346 = ORIENTED_EDGE ( 'NONE', *, *, #1168, .T. ) ;
#5347 = VERTEX_POINT ( 'NONE', #190 ) ;
#5348 = DIRECTION ( 'NONE',  ( 0.000000000000000000, 0.000000000000000000, -1.000000000000000000 ) ) ;
#5349 = AXIS2_PLACEMENT_3D ( 'NONE', #3617, #3676, #1096 ) ;
#5350 = DIRECTION ( 'NONE',  ( 0.000000000000000000, 0.000000000000000000, -1.000000000000000000 ) ) ;
#5351 = ORIENTED_EDGE ( 'NONE', *, *, #1, .F. ) ;
#5352 = ADVANCED_FACE ( 'NONE', ( #4075 ), #2781, .F. ) ;
#5353 = ORIENTED_EDGE ( 'NONE', *, *, #198, .T. ) ;
#5354 = CIRCLE ( 'NONE', #1917, 4.000000000000003553 ) ;
#5355 = VECTOR ( 'NONE', #2495, 1000.000000000000000 ) ;
#5356 = FACE_OUTER_BOUND ( 'NONE', #667, .T. ) ;
#5357 = EDGE_CURVE ( 'NONE', #2731, #3446, #129, .T. ) ;
#5358 = DIRECTION ( 'NONE',  ( -0.000000000000000000, 1.000000000000000000, -0.000000000000000000 ) ) ;
#5359 = DIRECTION ( 'NONE',  ( -0.000000000000000000, 1.000000000000000000, -0.000000000000000000 ) ) ;
#5360 = ORIENTED_EDGE ( 'NONE', *, *, #4920, .T. ) ;
#5361 = ADVANCED_FACE ( 'NONE', ( #2307 ), #665, .F. ) ;
#5362 = LINE ( 'NONE', #2358, #2909 ) ;
#5363 = EDGE_CURVE ( 'NONE', #5414, #5589, #2282, .T. ) ;
#5364 = DIRECTION ( 'NONE',  ( 0.000000000000000000, 0.000000000000000000, 1.000000000000000000 ) ) ;
#5365 = CARTESIAN_POINT ( 'NONE',  ( 68.20000000000000284, 11.00000000000000000, -5.000000000000000000 ) ) ;
#5366 = CARTESIAN_POINT ( 'NONE',  ( 4.850000000000002309, 2.000000000000000000, -67.00000000000000000 ) ) ;
#5367 = FACE_OUTER_BOUND ( 'NONE', #4454, .T. ) ;
#5368 = ORIENTED_EDGE ( 'NONE', *, *, #4065, .F. ) ;
#5369 = VERTEX_POINT ( 'NONE', #1913 ) ;
#5370 = CARTESIAN_POINT ( 'NONE',  ( 58.35000000000001563, 6.000000000000000000, -4.999999999999990230 ) ) ;
#5371 = DIRECTION ( 'NONE',  ( 0.000000000000000000, -1.000000000000000000, 0.000000000000000000 ) ) ;
#5372 = CARTESIAN_POINT ( 'NONE',  ( 58.35000000000001563, 6.000000000000000000, -1.215968546649798041E-15 ) ) ;
#5373 = CARTESIAN_POINT ( 'NONE',  ( 4.000000000000000000, 8.500000000000000000, -59.45016556472924663 ) ) ;
#5374 = VERTEX_POINT ( 'NONE', #4490 ) ;
#5375 = EDGE_LOOP ( 'NONE', ( #1436, #5191, #693, #769, #1574, #4166 ) ) ;
#5376 = CIRCLE ( 'NONE', #496, 1.249999999999987121 ) ;
#5377 = CARTESIAN_POINT ( 'NONE',  ( 67.20000000000000284, 6.999999999999999112, -59.15000000000000568 ) ) ;
#5378 = AXIS2_PLACEMENT_3D ( 'NONE', #2159, #5181, #3858 ) ;
#5379 = FACE_BOUND ( 'NONE', #1983, .T. ) ;
#5380 = VERTEX_POINT ( 'NONE', #4518 ) ;
#5381 = ORIENTED_EDGE ( 'NONE', *, *, #4624, .T. ) ;
#5382 = EDGE_CURVE ( 'NONE', #993, #3970, #5591, .T. ) ;
#5383 = CARTESIAN_POINT ( 'NONE',  ( 4.850000000000002309, 8.500000000000000000, -67.00000000000000000 ) ) ;
#5384 = DIRECTION ( 'NONE',  ( 0.000000000000000000, 1.000000000000000000, 0.000000000000000000 ) ) ;
#5385 = VECTOR ( 'NONE', #201, 1000.000000000000000 ) ;
#5386 = CYLINDRICAL_SURFACE ( 'NONE', #352, 0.6999999999999992895 ) ;
#5387 = AXIS2_PLACEMENT_3D ( 'NONE', #3744, #1136, #232 ) ;
#5388 = EDGE_LOOP ( 'NONE', ( #2299, #4281, #2464, #5473, #1291, #929 ) ) ;
#5389 = EDGE_CURVE ( 'NONE', #2044, #903, #696, .T. ) ;
#5390 = AXIS2_PLACEMENT_3D ( 'NONE', #4839, #968, #4424 ) ;
#5391 = CARTESIAN_POINT ( 'NONE',  ( 63.19999999999999574, 19.07106781186547906, -72.00000000000000000 ) ) ;
#5392 = AXIS2_PLACEMENT_3D ( 'NONE', #4098, #4438, #2361 ) ;
#5393 = CARTESIAN_POINT ( 'NONE',  ( 63.35000000000001563, 6.800000000000000711, -5.000000000000004441 ) ) ;
#5394 = ADVANCED_FACE ( 'NONE', ( #5367 ), #1485, .F. ) ;
#5395 = CARTESIAN_POINT ( 'NONE',  ( 4.000000000000000000, 6.999999999999999112, -62.14999999999999858 ) ) ;
#5396 = CARTESIAN_POINT ( 'NONE',  ( 0.000000000000000000, 7.000000000000000000, 0.000000000000000000 ) ) ;
#5397 = CIRCLE ( 'NONE', #1782, 1.399999999999998579 ) ;
#5398 = DIRECTION ( 'NONE',  ( -0.000000000000000000, -1.000000000000000000, 0.000000000000000000 ) ) ;
#5399 = ORIENTED_EDGE ( 'NONE', *, *, #3516, .F. ) ;
#5400 = VECTOR ( 'NONE', #4402, 1000.000000000000000 ) ;
#5401 = AXIS2_PLACEMENT_3D ( 'NONE', #497, #834, #3961 ) ;
#5402 = ORIENTED_EDGE ( 'NONE', *, *, #5559, .F. ) ;
#5403 = DIRECTION ( 'NONE',  ( 0.000000000000000000, 0.000000000000000000, -1.000000000000000000 ) ) ;
#5404 = EDGE_CURVE ( 'NONE', #1341, #2598, #4905, .T. ) ;
#5405 = CARTESIAN_POINT ( 'NONE',  ( 0.000000000000000000, 0.000000000000000000, -10.00000000000000888 ) ) ;
#5406 = CARTESIAN_POINT ( 'NONE',  ( 61.72500000000000853, 6.000000000000000000, -53.50000000000000711 ) ) ;
#5407 = ADVANCED_FACE ( 'NONE', ( #2753, #2706 ), #612, .F. ) ;
#5408 = CARTESIAN_POINT ( 'NONE',  ( 61.72500000000000853, 12.00000000000000000, -56.95000000000000284 ) ) ;
#5409 = ORIENTED_EDGE ( 'NONE', *, *, #2550, .T. ) ;
#5410 = VERTEX_POINT ( 'NONE', #1942 ) ;
#5411 = AXIS2_PLACEMENT_3D ( 'NONE', #1548, #1061, #215 ) ;
#5412 = DIRECTION ( 'NONE',  ( 0.000000000000000000, 0.000000000000000000, 1.000000000000000000 ) ) ;
#5413 = LINE ( 'NONE', #4534, #3575 ) ;
#5414 = VERTEX_POINT ( 'NONE', #640 ) ;
#5415 = EDGE_LOOP ( 'NONE', ( #2148, #3177, #434, #2454 ) ) ;
#5416 = COLOUR_RGB ( '',0.7921568627450980005, 0.8196078431372548767, 0.9333333333333333481 ) ;
#5417 = DIRECTION ( 'NONE',  ( 1.000000000000000000, 0.000000000000000000, -0.000000000000000000 ) ) ;
#5418 = CIRCLE ( 'NONE', #1802, 3.000000000000002665 ) ;
#5419 = CARTESIAN_POINT ( 'NONE',  ( 4.000000000000000000, -1.402220585023716934E-15, -20.75000000000001066 ) ) ;
#5420 = DIRECTION ( 'NONE',  ( -0.000000000000000000, -1.000000000000000000, -0.000000000000000000 ) ) ;
#5421 = EDGE_CURVE ( 'NONE', #1762, #144, #3669, .T. ) ;
#5422 = EDGE_LOOP ( 'NONE', ( #4331, #3847, #5453, #1301 ) ) ;
#5423 = ORIENTED_EDGE ( 'NONE', *, *, #5188, .F. ) ;
#5424 = LINE ( 'NONE', #4601, #2192 ) ;
#5425 = CARTESIAN_POINT ( 'NONE',  ( 1.350000000000000977, 8.499999999999992895, -62.15000000000000568 ) ) ;
#5426 = DIRECTION ( 'NONE',  ( 0.000000000000000000, -1.000000000000000000, 0.000000000000000000 ) ) ;
#5427 = DIRECTION ( 'NONE',  ( 0.000000000000000000, 0.000000000000000000, 1.000000000000000000 ) ) ;
#5428 = CARTESIAN_POINT ( 'NONE',  ( 45.20000000000000284, 7.000000000000000000, 0.000000000000000000 ) ) ;
#5429 = ORIENTED_EDGE ( 'NONE', *, *, #1380, .T. ) ;
#5430 = EDGE_CURVE ( 'NONE', #2784, #1706, #2054, .T. ) ;
#5431 = AXIS2_PLACEMENT_3D ( 'NONE', #848, #3028, #2099 ) ;
#5432 = VERTEX_POINT ( 'NONE', #558 ) ;
#5433 = DIRECTION ( 'NONE',  ( 0.000000000000000000, 0.000000000000000000, -1.000000000000000000 ) ) ;
#5434 = DIRECTION ( 'NONE',  ( -0.000000000000000000, -1.000000000000000000, -0.000000000000000000 ) ) ;
#5435 = CARTESIAN_POINT ( 'NONE',  ( 6.000000000000002665, 7.000000000000000000, -25.46410161513775350 ) ) ;
#5436 = LINE ( 'NONE', #2399, #343 ) ;
#5437 = VERTEX_POINT ( 'NONE', #1856 ) ;
#5438 = ORIENTED_EDGE ( 'NONE', *, *, #4660, .T. ) ;
#5439 = ADVANCED_FACE ( 'NONE', ( #3583 ), #1434, .F. ) ;
#5440 = CYLINDRICAL_SURFACE ( 'NONE', #2765, 4.000000000000003553 ) ;
#5441 = ADVANCED_FACE ( 'NONE', ( #4207 ), #2023, .F. ) ;
#5442 = DIRECTION ( 'NONE',  ( 0.000000000000000000, 0.000000000000000000, -1.000000000000000000 ) ) ;
#5443 = ORIENTED_EDGE ( 'NONE', *, *, #4871, .T. ) ;
#5444 = FACE_OUTER_BOUND ( 'NONE', #22, .T. ) ;
#5445 = FACE_OUTER_BOUND ( 'NONE', #1837, .T. ) ;
#5446 = ORIENTED_EDGE ( 'NONE', *, *, #2206, .F. ) ;
#5447 = ORIENTED_EDGE ( 'NONE', *, *, #462, .F. ) ;
#5448 = EDGE_CURVE ( 'NONE', #5159, #5481, #274, .T. ) ;
#5449 = DIRECTION ( 'NONE',  ( -0.000000000000000000, -1.000000000000000000, -0.000000000000000000 ) ) ;
#5450 = DIRECTION ( 'NONE',  ( 0.000000000000000000, 1.000000000000000000, 0.000000000000000000 ) ) ;
#5451 = CARTESIAN_POINT ( 'NONE',  ( 49.50000000000000711, -11.31370849898477360, -19.00000000000000000 ) ) ;
#5452 = PLANE ( 'NONE',  #1701 ) ;
#5453 = ORIENTED_EDGE ( 'NONE', *, *, #4209, .F. ) ;
#5454 = EDGE_CURVE ( 'NONE', #4918, #451, #4158, .T. ) ;
#5455 = ORIENTED_EDGE ( 'NONE', *, *, #3696, .T. ) ;
#5456 = DIRECTION ( 'NONE',  ( -0.000000000000000000, -1.000000000000000000, -0.000000000000000000 ) ) ;
#5457 = AXIS2_PLACEMENT_3D ( 'NONE', #2656, #2208, #3911 ) ;
#5458 = CARTESIAN_POINT ( 'NONE',  ( 4.850000000000009415, 0.8000000000000000444, -10.00000000000000888 ) ) ;
#5459 = CARTESIAN_POINT ( 'NONE',  ( 14.19999999999999751, 10.00000000000000000, -5.000000000000004441 ) ) ;
#5460 = LINE ( 'NONE', #3298, #1791 ) ;
#5461 = ORIENTED_EDGE ( 'NONE', *, *, #5263, .T. ) ;
#5462 = ORIENTED_EDGE ( 'NONE', *, *, #1898, .T. ) ;
#5463 = ADVANCED_FACE ( 'NONE', ( #5054 ), #5537, .T. ) ;
#5464 = LINE ( 'NONE', #5150, #2156 ) ;
#5465 = DIRECTION ( 'NONE',  ( 0.000000000000000000, 0.000000000000000000, 1.000000000000000000 ) ) ;
#5466 = EDGE_CURVE ( 'NONE', #1535, #1594, #5020, .T. ) ;
#5467 = LINE ( 'NONE', #1955, #1590 ) ;
#5468 = ORIENTED_EDGE ( 'NONE', *, *, #1795, .F. ) ;
#5469 = ADVANCED_FACE ( 'NONE', ( #2469 ), #4263, .F. ) ;
#5470 = VECTOR ( 'NONE', #4212, 1000.000000000000000 ) ;
#5471 = DIRECTION ( 'NONE',  ( -0.000000000000000000, -1.000000000000000000, -2.241244801003631869E-16 ) ) ;
#5472 = CARTESIAN_POINT ( 'NONE',  ( 14.19999999999999751, 2.000000000000001776, -5.000000000000000000 ) ) ;
#5473 = ORIENTED_EDGE ( 'NONE', *, *, #5527, .T. ) ;
#5474 = ORIENTED_EDGE ( 'NONE', *, *, #1107, .T. ) ;
#5475 = VECTOR ( 'NONE', #4687, 1000.000000000000000 ) ;
#5476 = EDGE_CURVE ( 'NONE', #5225, #2161, #381, .T. ) ;
#5477 = CARTESIAN_POINT ( 'NONE',  ( 0.000000000000000000, 11.00000000000000000, 0.000000000000000000 ) ) ;
#5478 = CARTESIAN_POINT ( 'NONE',  ( 64.19999999999998863, 12.00000000000000000, -49.12000000000000455 ) ) ;
#5479 = CARTESIAN_POINT ( 'NONE',  ( 45.20000000000000284, 11.99999999999999645, -5.000000000000000000 ) ) ;
#5480 = DIRECTION ( 'NONE',  ( -0.000000000000000000, -1.000000000000000000, -0.000000000000000000 ) ) ;
#5481 = VERTEX_POINT ( 'NONE', #4604 ) ;
#5482 = CIRCLE ( 'NONE', #2941, 4.000000000000003553 ) ;
#5483 = VECTOR ( 'NONE', #4824, 1000.000000000000000 ) ;
#5484 = CIRCLE ( 'NONE', #5295, 5.000000000000004441 ) ;
#5485 = VERTEX_POINT ( 'NONE', #1654 ) ;
#5486 = CYLINDRICAL_SURFACE ( 'NONE', #4558, 1.249999999999994227 ) ;
#5487 = DIRECTION ( 'NONE',  ( -0.000000000000000000, -1.000000000000000000, -0.000000000000000000 ) ) ;
#5488 = DIRECTION ( 'NONE',  ( 0.000000000000000000, 0.000000000000000000, 1.000000000000000000 ) ) ;
#5489 = DIRECTION ( 'NONE',  ( 0.000000000000000000, 0.000000000000000000, 1.000000000000000000 ) ) ;
#5490 = ORIENTED_EDGE ( 'NONE', *, *, #1, .T. ) ;
#5491 = ADVANCED_FACE ( 'NONE', ( #3727 ), #5452, .T. ) ;
#5492 = VERTEX_POINT ( 'NONE', #1205 ) ;
#5493 = AXIS2_PLACEMENT_3D ( 'NONE', #2720, #3546, #4510 ) ;
#5494 = DIRECTION ( 'NONE',  ( 1.000000000000000000, 0.000000000000000000, -0.000000000000000000 ) ) ;
#5495 = DIRECTION ( 'NONE',  ( -0.000000000000000000, -1.000000000000000000, -0.000000000000000000 ) ) ;
#5496 = DIRECTION ( 'NONE',  ( 0.000000000000000000, 0.000000000000000000, -1.000000000000000000 ) ) ;
#5497 = VECTOR ( 'NONE', #3642, 1000.000000000000000 ) ;
#5498 = ORIENTED_EDGE ( 'NONE', *, *, #2111, .T. ) ;
#5499 = EDGE_CURVE ( 'NONE', #5045, #520, #1601, .T. ) ;
#5500 = VECTOR ( 'NONE', #647, 1000.000000000000000 ) ;
#5501 = VECTOR ( 'NONE', #2065, 1000.000000000000000 ) ;
#5502 = CARTESIAN_POINT ( 'NONE',  ( 41.19999999999999574, 6.999999999999999112, -63.00000000000000000 ) ) ;
#5503 = CARTESIAN_POINT ( 'NONE',  ( 4.000000000000002665, 0.000000000000000000, -39.75000000000000000 ) ) ;
#5504 = ORIENTED_EDGE ( 'NONE', *, *, #3630, .T. ) ;
#5505 = ORIENTED_EDGE ( 'NONE', *, *, #2935, .F. ) ;
#5506 = ADVANCED_FACE ( 'NONE', ( #4575 ), #3291, .F. ) ;
#5507 = VECTOR ( 'NONE', #3561, 1000.000000000000000 ) ;
#5508 = DIRECTION ( 'NONE',  ( 0.000000000000000000, 1.000000000000000000, 0.000000000000000000 ) ) ;
#5509 = DIRECTION ( 'NONE',  ( 1.000000000000000000, 0.000000000000000000, 0.000000000000000000 ) ) ;
#5510 = CARTESIAN_POINT ( 'NONE',  ( 40.35000000000002984, 2.000000000000000000, -64.99999999999998579 ) ) ;
#5511 = DIRECTION ( 'NONE',  ( 0.000000000000000000, -0.000000000000000000, 1.000000000000000000 ) ) ;
#5512 = ORIENTED_EDGE ( 'NONE', *, *, #1820, .F. ) ;
#5513 = ORIENTED_EDGE ( 'NONE', *, *, #972, .F. ) ;
#5514 = DIRECTION ( 'NONE',  ( 0.000000000000000000, 1.000000000000000000, -0.000000000000000000 ) ) ;
#5515 = DIRECTION ( 'NONE',  ( -1.000000000000000000, 0.000000000000000000, 0.000000000000000000 ) ) ;
#5516 = DIRECTION ( 'NONE',  ( -1.000000000000000000, -0.000000000000000000, -0.000000000000000000 ) ) ;
#5517 = CARTESIAN_POINT ( 'NONE',  ( 63.35000000000000142, 8.500000000000000000, -67.00000000000000000 ) ) ;
#5518 = ORIENTED_EDGE ( 'NONE', *, *, #2164, .F. ) ;
#5519 = ORIENTED_EDGE ( 'NONE', *, *, #4334, .F. ) ;
#5520 = VECTOR ( 'NONE', #254, 1000.000000000000000 ) ;
#5521 = AXIS2_PLACEMENT_3D ( 'NONE', #118, #4400, #5330 ) ;
#5522 = CARTESIAN_POINT ( 'NONE',  ( 63.35000000000001563, 8.500000000000000000, -8.500000000000010658 ) ) ;
#5523 = ADVANCED_FACE ( 'NONE', ( #1571 ), #1149, .T. ) ;
#5524 = DIRECTION ( 'NONE',  ( -0.000000000000000000, -1.000000000000000000, -0.000000000000000000 ) ) ;
#5525 = CARTESIAN_POINT ( 'NONE',  ( 52.69999999999999574, 6.000000000000000000, -30.00000000000000000 ) ) ;
#5526 = ORIENTED_EDGE ( 'NONE', *, *, #3867, .T. ) ;
#5527 = EDGE_CURVE ( 'NONE', #2261, #1591, #722, .T. ) ;
#5528 = CARTESIAN_POINT ( 'NONE',  ( 47.35000000000002984, 6.000000000000005329, -64.99999999999998579 ) ) ;
#5529 = DIRECTION ( 'NONE',  ( 0.000000000000000000, 0.000000000000000000, -1.000000000000000000 ) ) ;
#5530 = FACE_OUTER_BOUND ( 'NONE', #5201, .T. ) ;
#5531 = ORIENTED_EDGE ( 'NONE', *, *, #179, .T. ) ;
#5532 = ORIENTED_EDGE ( 'NONE', *, *, #4869, .F. ) ;
#5533 = EDGE_CURVE ( 'NONE', #1531, #3921, #1233, .T. ) ;
#5534 = DIRECTION ( 'NONE',  ( 0.000000000000000000, -0.000000000000000000, -1.000000000000000000 ) ) ;
#5535 = LINE ( 'NONE', #4989, #4931 ) ;
#5536 = CYLINDRICAL_SURFACE ( 'NONE', #3293, 7.000000000000006217 ) ;
#5537 = PLANE ( 'NONE',  #2770 ) ;
#5538 = ADVANCED_FACE ( 'NONE', ( #3753 ), #2896, .F. ) ;
#5539 = ORIENTED_EDGE ( 'NONE', *, *, #5321, .T. ) ;
#5540 = EDGE_CURVE ( 'NONE', #5172, #1111, #3317, .T. ) ;
#5541 = ORIENTED_EDGE ( 'NONE', *, *, #4209, .T. ) ;
#5542 = DIRECTION ( 'NONE',  ( 0.000000000000000000, 0.000000000000000000, 1.000000000000000000 ) ) ;
#5543 = CARTESIAN_POINT ( 'NONE',  ( 5.000000000000000000, 0.8000000000000000444, -66.99999999999998579 ) ) ;
#5544 = PLANE ( 'NONE',  #419 ) ;
#5545 = DIRECTION ( 'NONE',  ( -1.000000000000000000, 0.000000000000000000, 0.000000000000000000 ) ) ;
#5546 = ORIENTED_EDGE ( 'NONE', *, *, #3090, .F. ) ;
#5547 = VERTEX_POINT ( 'NONE', #4319 ) ;
#5548 = CARTESIAN_POINT ( 'NONE',  ( 53.50000000000001421, 7.000000000000000000, -70.50000000000000000 ) ) ;
#5549 = CARTESIAN_POINT ( 'NONE',  ( 59.50000000000001421, 10.00000000000000000, -55.15000000000001990 ) ) ;
#5550 = DIRECTION ( 'NONE',  ( 0.000000000000000000, 0.000000000000000000, -1.000000000000000000 ) ) ;
#5551 = CIRCLE ( 'NONE', #3570, 3.000000000000000000 ) ;
#5552 = VERTEX_POINT ( 'NONE', #1265 ) ;
#5553 = CARTESIAN_POINT ( 'NONE',  ( 9.850000000000015632, 0.7999999999999999334, 0.000000000000000000 ) ) ;
#5554 = CARTESIAN_POINT ( 'NONE',  ( 67.20000000000000284, 12.00000000000000000, -49.12000000000000455 ) ) ;
#5555 = ORIENTED_EDGE ( 'NONE', *, *, #816, .F. ) ;
#5556 = EDGE_CURVE ( 'NONE', #5118, #731, #2610, .T. ) ;
#5557 = ORIENTED_EDGE ( 'NONE', *, *, #521, .F. ) ;
#5558 = VECTOR ( 'NONE', #1037, 1000.000000000000000 ) ;
#5559 = EDGE_CURVE ( 'NONE', #1618, #2687, #1343, .T. ) ;
#5560 = CARTESIAN_POINT ( 'NONE',  ( 0.000000000000000000, 0.7999999999999999334, 0.000000000000000000 ) ) ;
#5561 = CARTESIAN_POINT ( 'NONE',  ( 6.700000000000020606, 23.92686044187654915, -4.500000000000003553 ) ) ;
#5562 = AXIS2_PLACEMENT_3D ( 'NONE', #980, #1911, #3210 ) ;
#5563 = CARTESIAN_POINT ( 'NONE',  ( 63.35000000000001563, 12.00000000000000000, -5.000000000000004441 ) ) ;
#5564 = DIRECTION ( 'NONE',  ( -0.000000000000000000, -1.000000000000000000, -0.000000000000000000 ) ) ;
#5565 = CIRCLE ( 'NONE', #3118, 3.000000000000002665 ) ;
#5566 = ORIENTED_EDGE ( 'NONE', *, *, #3944, .T. ) ;
#5567 = EDGE_CURVE ( 'NONE', #4646, #3683, #3323, .T. ) ;
#5568 = EDGE_CURVE ( 'NONE', #1072, #139, #2984, .T. ) ;
#5569 = ORIENTED_EDGE ( 'NONE', *, *, #2512, .F. ) ;
#5570 = FACE_BOUND ( 'NONE', #4666, .T. ) ;
#5571 = CARTESIAN_POINT ( 'NONE',  ( 43.40000000000000568, 8.500000000000000000, -66.53960780543708609 ) ) ;
#5572 = LINE ( 'NONE', #4379, #312 ) ;
#5573 = DIRECTION ( 'NONE',  ( -0.000000000000000000, -1.000000000000000000, -0.000000000000000000 ) ) ;
#5574 = CARTESIAN_POINT ( 'NONE',  ( 52.69999999999999574, 6.999999999999999112, -30.00000000000000000 ) ) ;
#5575 = ORIENTED_EDGE ( 'NONE', *, *, #853, .T. ) ;
#5576 = AXIS2_PLACEMENT_3D ( 'NONE', #2796, #228, #3366 ) ;
#5577 = ORIENTED_EDGE ( 'NONE', *, *, #2627, .T. ) ;
#5578 = VECTOR ( 'NONE', #1627, 1000.000000000000000 ) ;
#5579 = ADVANCED_FACE ( 'NONE', ( #2135 ), #3010, .F. ) ;
#5580 = LINE ( 'NONE', #1162, #4147 ) ;
#5581 = AXIS2_PLACEMENT_3D ( 'NONE', #5240, #5265, #544 ) ;
#5582 = AXIS2_PLACEMENT_3D ( 'NONE', #333, #5573, #1156 ) ;
#5583 = DIRECTION ( 'NONE',  ( -1.000000000000000000, 0.000000000000000000, 0.000000000000000000 ) ) ;
#5584 = CARTESIAN_POINT ( 'NONE',  ( 40.35000000000001563, 6.000000000000000000, -3.404474049586503509E-15 ) ) ;
#5585 = VERTEX_POINT ( 'NONE', #2221 ) ;
#5586 = VECTOR ( 'NONE', #1963, 1000.000000000000000 ) ;
#5587 = DIRECTION ( 'NONE',  ( 0.000000000000000000, 0.000000000000000000, -1.000000000000000000 ) ) ;
#5588 = DIRECTION ( 'NONE',  ( 0.000000000000000000, 0.000000000000000000, -1.000000000000000000 ) ) ;
#5589 = VERTEX_POINT ( 'NONE', #5597 ) ;
#5590 = VERTEX_POINT ( 'NONE', #832 ) ;
#5591 = CIRCLE ( 'NONE', #3690, 4.999999999999993783 ) ;
#5592 = VECTOR ( 'NONE', #4800, 1000.000000000000000 ) ;
#5593 = DIRECTION ( 'NONE',  ( -0.000000000000000000, 1.000000000000000000, -0.000000000000000000 ) ) ;
#5594 = ADVANCED_FACE ( 'NONE', ( #3957 ), #468, .F. ) ;
#5595 = CARTESIAN_POINT ( 'NONE',  ( 63.50000000000001421, 10.00000000000000000, -58.50132363247075773 ) ) ;
#5596 = LINE ( 'NONE', #5189, #3155 ) ;
#5597 = CARTESIAN_POINT ( 'NONE',  ( 62.82484076433121345, 6.999999999999999112, -62.17851601919164040 ) ) ;
#5598 = VERTEX_POINT ( 'NONE', #3524 ) ;
#5599 = VECTOR ( 'NONE', #4511, 1000.000000000000000 ) ;
#5600 = DIRECTION ( 'NONE',  ( 0.000000000000000000, 0.000000000000000000, -1.000000000000000000 ) ) ;
#5601 = PLANE ( 'NONE',  #164 ) ;
#5602 = DIRECTION ( 'NONE',  ( 0.000000000000000000, 1.000000000000000000, 0.000000000000000000 ) ) ;
#5603 = CYLINDRICAL_SURFACE ( 'NONE', #4914, 2.999999999999999112 ) ;
#5604 = DIRECTION ( 'NONE',  ( -0.000000000000000000, -1.000000000000000000, -0.000000000000000000 ) ) ;
#5605 = AXIS2_PLACEMENT_3D ( 'NONE', #3866, #3925, #2553 ) ;
#5606 = CARTESIAN_POINT ( 'NONE',  ( 50.35000000000002984, -11.31370849898477360, -47.94820120606764391 ) ) ;
#5607 = ORIENTED_EDGE ( 'NONE', *, *, #302, .F. ) ;
#5608 = ORIENTED_EDGE ( 'NONE', *, *, #5263, .F. ) ;
#5609 = VERTEX_POINT ( 'NONE', #441 ) ;
#5610 = ADVANCED_FACE ( 'NONE', ( #1713 ), #1739, .F. ) ;
#5611 = CARTESIAN_POINT ( 'NONE',  ( 58.19999999999999574, 7.000000000000000000, -42.40967364599084277 ) ) ;
#5612 = DIRECTION ( 'NONE',  ( -0.000000000000000000, 1.000000000000000000, -0.000000000000000000 ) ) ;
#5613 = EDGE_LOOP ( 'NONE', ( #5326, #673, #3326, #4614 ) ) ;
ENDSEC;
END-ISO-10303-21;
